code,name,region,income_change_gbp_per_person_full,income_change_gbp_per_person_full_sd,displaced_per_1000_workers_full,displaced_per_1000_workers_full_sd,income_change_gbp_per_person_epd,income_change_gbp_per_person_epd_sd,displaced_per_1000_workers_epd,displaced_per_1000_workers_epd_sd,people,workers
E14001063,Aldershot,South East,-14.775573849064443,21.06536382344745,0.8349464524255156,1.157114538763835,-13.477064831131807,21.10938206341552,0.7547746410145448,1.1496543480300228,118403.77555273584,63577.57152414718
E14001064,Aldridge-Brownhills,West Midlands,-8.942329544905018,10.558432335470142,0.6242919300006934,0.5630213564024834,-7.617394532972627,10.616339652861916,0.5171232834735712,0.5578236825438181,96751.92292585541,43081.98979920036
E14001065,Altrincham and Sale West,North West,-26.090068920853327,64.84217294285321,1.1412044373915315,2.1782771700885633,-25.02525300660494,64.99404968944381,1.0686972414394678,2.1785093149476142,105088.11024531497,50382.96258772259
E14001066,Amber Valley,East Midlands,-8.638257993600385,7.506126146765751,0.6287130144718873,0.48902321201570953,-6.9314921296891825,7.373111151139093,0.4786221437748715,0.45115755598274254,97141.49034335604,46513.28034501219
E14001067,Arundel and South Downs,South East,-13.357108503933848,19.347694990417413,0.7641298856843992,0.7774655051327709,-12.094285618456341,19.537234744178935,0.6629468584331227,0.7773013655127984,99605.116251071,45274.8426459864
E14001068,Ashfield,East Midlands,-6.196644383948012,4.102708635517348,0.49687967720770077,0.32971199559387065,-4.99397560243404,3.8773780499880806,0.3853176659053023,0.2992523063580344,103759.40539436064,46295.63193132469
E14001069,Ashford,South East,-12.04883115740812,18.046452410039223,0.7795044271136982,0.9840628644020382,-10.792747109122486,18.080989161732504,0.6791328731578234,0.9760437651495003,111387.83632031607,52110.72783115988
E14001070,Ashton-under-Lyne,North West,-5.3348416976717115,2.5121989213948765,0.4623102518744061,0.28986890416239963,-4.1204976415035794,2.176278835994986,0.33331424216806993,0.21766256889886573,105500.52282280196,46886.51675873695
E14001071,Aylesbury,South East,-14.826777651748483,21.729789405995387,0.7689046505449746,0.8846144668818899,-13.611105073718843,21.849110964340596,0.6836855861637503,0.8762793263568858,115632.47557606142,58474.057321084125
E14001072,Banbury,South East,-14.085152544777022,14.10212583207601,0.7582264044963608,0.6776964913100467,-12.57726002897446,14.205867688847432,0.6578797095686757,0.6689241864051158,99073.51754809065,54745.24005965013
E14001073,Barking,London,-7.286785500671131,8.94638748817319,0.6753013434852705,0.9536347422253949,-6.060034394501889,8.511716729351988,0.5291773542028928,0.8939925572679688,139310.89944859833,58935.86837018862
E14001074,Barnsley North,Yorkshire and the Humber,-9.618338720840859,12.577894192649579,0.815632491789095,1.1784083987772391,-8.126844532693942,12.631963285573383,0.6438876818492296,1.1449304739795647,113099.42558145832,51591.492672745866
E14001075,Barnsley South,Yorkshire and the Humber,-7.430267750173693,6.462923193014908,0.5733742767801069,0.49892076519843453,-6.396398555226487,6.315249507710153,0.4812624680220553,0.48349901763090297,109855.95097409765,49317.94467443251
E14001076,Barrow and Furness,North West,-11.478276874954261,21.818952250069874,0.6556494338771555,0.9294964028809719,-10.114818152290436,22.102874273671137,0.5481831583575274,0.9389134515881739,101923.97331782972,50956.47999647184
E14001077,Basildon and Billericay,Eastern,-18.259435041744343,34.14847863177776,0.9775750008146643,1.3505704198085153,-17.2494503927285,34.31855244020794,0.9011725989086858,1.3542511377381796,112293.80916632243,50658.91167890857
E14001078,Basingstoke,South East,-19.609367621890254,33.17760768957322,0.9168146807207623,1.2055308763054005,-18.449243722753287,33.373731885494855,0.8464823564164222,1.205992394576872,113216.06745857892,61362.19472128179
E14001079,Bassetlaw,East Midlands,-8.330837883116512,8.902199186574576,0.582831140291931,0.5930414629769919,-7.328596879410173,8.692494467908636,0.5005300768135135,0.5656164455987532,110420.98444584923,51165.85866098026
E14001080,Bath,South West,-8.041520350379695,9.905291386243633,0.5851844712276891,0.886803596371248,-7.194608630318413,9.46206486066482,0.5168859196043317,0.8613862828828879,111972.85985945235,49246.45732444251
E14001081,Battersea,London,-17.723671875954143,30.749021109106785,0.6435175780052232,0.8687208018641815,-16.51087823644186,30.85637179858438,0.5780754854472157,0.8661757507085732,120413.32063196463,69991.8562503049
E14001082,Beaconsfield,South East,-25.728424289834102,67.65624568695567,0.962590533338856,2.038260349409117,-24.702309950953264,67.78425571947905,0.8983241798090728,2.037673815618188,94226.81800544234,49694.718131522175
E14001083,Beckenham and Penge,London,-26.026525356696776,67.57050447343978,1.083796237122698,2.1319372147628943,-24.861291387026245,67.74383459617087,1.008529085530358,2.133263609651457,114508.16587953275,58249.87035937268
E14001084,Bedford,Eastern,-10.825446070590512,14.468975777142672,0.7499592346551847,0.9867092004487724,-9.681833427216535,14.29463616858266,0.6635358113912073,0.9664802951420289,110543.10949490721,52806.61069394197
E14001085,Bermondsey and Old Southwark,London,-21.60790019339969,46.92415775779262,0.8913497126566459,1.4817673987780136,-20.339128658621636,46.95013933610071,0.8133966644187657,1.4672607072381159,120830.83950517418,65368.66912658792
E14001086,Bethnal Green and Stepney,London,-14.78687780277517,19.640271747952188,0.8696000109687473,1.4228128637324424,-13.82118135740512,19.60604943951635,0.8030297071473544,1.4173556242713776,147000.21263731882,71830.37595239375
E14001087,Beverley and Holderness,Yorkshire and the Humber,-7.566767067718945,4.712871526132983,0.5876218310659811,0.4388285096437088,-6.3310732232908284,4.524473317137365,0.4785319301415661,0.4076472957032936,93363.09102388774,41631.525829723374
E14001088,Bexhill and Battle,South East,-8.364199077596329,7.421065973553899,0.6402489573791116,0.6308944650515534,-7.167937275714607,7.08827405298049,0.5324003507098778,0.5958247228632229,94465.09076001847,40265.96939967831
E14001089,Bexleyheath and Crayford,London,-14.077354122177487,19.611237113345577,0.7085040011222498,0.7494569596359134,-12.889172433313567,19.73289001657084,0.6339680071970479,0.7407851756097498,105875.5743578934,55794.75822613138
E14001090,Bicester and Woodstock,South East,-15.860637589277479,24.677343794136704,0.761939535319154,0.9515282513092762,-14.732049282872731,24.908129007745455,0.6887143551160946,0.9584771813264971,103176.58792331986,55609.44799011575
E14001091,Birkenhead,North West,-6.683052793980527,5.312002033932904,0.6032947046990372,0.5167691835436641,-5.480484364820283,5.063796844731712,0.4711431666440015,0.4722500267414175,111698.07006329704,43845.430051540745
E14001092,Birmingham Edgbaston,West Midlands,-5.1333381412020485,3.4535151548461456,0.4436812732076583,0.3699825546149404,-4.322086052846181,3.1681395254016453,0.3676273128045043,0.3503295791757179,120616.64058185593,48825.02240888554
E14001093,Birmingham Erdington,West Midlands,-4.3972565689541065,2.831987371624316,0.47302592631719464,0.48655802758473854,-3.275798483593191,1.6803038559396226,0.31269591737050784,0.20650291788752692,127123.1151422118,50759.22954885872
E14001094,Birmingham Hall Green and Moseley,West Midlands,-5.408034945407472,6.3336993945665485,0.6388990328320516,1.2083307675616348,-3.413925431268764,1.5990497939602317,0.3091061761387378,0.18912927175914956,123606.90196356221,48542.92391808497
E14001095,Birmingham Hodge Hill and Solihull North,West Midlands,-3.8995374294880234,2.975541456391705,0.45411567124661073,0.5168808160094552,-2.761028241263795,1.2183083704559678,0.2746593396360319,0.12145079553090939,128199.55002089441,42987.961165467714
E14001096,Birmingham Ladywood,West Midlands,-5.404277412493202,11.740397988562032,0.811219471729182,2.44234359159628,-2.486451807599469,1.1255505608535923,0.22872663337676874,0.09613415001210412,164381.66665377814,59513.033253193724
E14001097,Birmingham Northfield,West Midlands,-5.47630415793366,3.0891522589388263,0.46127716243966227,0.2788242691888561,-4.603611429751654,2.8406131931142227,0.38215908767832735,0.25767060409370546,109179.78350007364,44304.780846877875
E14001098,Birmingham Perry Barr,West Midlands,-5.022006990997025,7.185373057077163,0.696558786194027,1.5438739309249545,-2.9364810992937658,1.5712675624744872,0.2981905929179135,0.17516839051223246,128882.25008404485,46156.81040429118
E14001099,Birmingham Selly Oak,West Midlands,-5.980977384818434,9.37262417952358,0.5874372813946602,1.147840895870481,-4.3509556024029274,5.016229937897277,0.3346092916201856,0.30240064195165794,113519.4899862276,44564.213585846665
E14001100,Birmingham Yardley,West Midlands,-3.908131985129444,2.9082402972137453,0.4662326009414005,0.5659831131726883,-2.6934033165684608,1.0250263638978643,0.2744393854824921,0.14291755378662302,116268.85523831654,42756.249070602345
E14001101,Bishop Auckland,North East,-8.064408525503605,9.772988180045818,0.5857477032189733,0.5166308680152277,-6.881312906821535,9.955831448019273,0.4792809699559372,0.5180052016424991,97912.3734132679,42482.89220497159
E14001102,Blackburn,North West,-4.800030821285539,3.8678735222240768,0.522970142883003,0.6890431843623812,-3.176401252729435,1.3187148720980373,0.28715972017971936,0.16838311814474502,114965.31811116738,46656.33504786788
E14001103,Blackley and Middleton South,North West,-6.032101815080052,8.849155045332331,0.779555529121712,1.7234596385076804,-3.358861619364737,2.1380167140827386,0.31769641103759183,0.25013602405815194,117489.68759790318,46129.58149327984
E14001104,Blackpool North and Fleetwood,North West,-6.0273214037712,4.1015294705185195,0.5167151810162067,0.42843949446011287,-4.940767138391663,3.8430127361528315,0.4175715371866226,0.4034797008531658,99832.65334162553,42886.4979709279
E14001105,Blackpool South,North West,-4.8306082725028805,4.867640750488015,0.5658499734510893,0.9413363755444856,-3.0720634339491837,1.4855583006742838,0.2832783616704577,0.17858759069961888,114770.92644307754,45420.41799462351
E14001106,Blaydon and Consett,North East,-8.97298261204292,7.4177948574263155,0.6435049194847225,0.5319354119797091,-7.413117255792483,7.599238599781767,0.523116250925274,0.5417953378976258,97227.66406474423,44576.83241369181
E14001107,Blyth and Ashington,North East,-8.934758690612894,11.103087868859932,0.6328875116767745,0.5987411498213662,-7.698145968348092,11.102530388191013,0.5310975381466804,0.5905920160108303,108445.71368564115,50822.196099538254
E14001108,Bognor Regis and Littlehampton,South East,-6.663310604592171,6.339353594884006,0.5678636523769398,0.6344902878879866,-5.487333228347344,6.018280456083102,0.4569344960196764,0.606459033907981,106468.00405489588,46095.651661594944
E14001109,Bolsover,East Midlands,-5.447648450084285,3.2617830584206335,0.46102320505964434,0.3018830318462983,-4.491295982731929,2.9396942796559284,0.3657982623389225,0.2698644405565108,107651.27259123643,45760.59316299873
E14001110,Bolton North East,North West,-5.945251675274006,5.499167661821055,0.6263672604010149,0.9516517468500201,-3.999074737092166,2.227968511462795,0.34147738079721884,0.2410326692115792,119214.4869278952,50190.690977915314
E14001111,Bolton South and Walkden,North West,-5.814878233431834,4.806507680953487,0.5828996770544994,0.7695116242157738,-4.100485268089379,2.6291754530868583,0.3400870173896927,0.2389818375639981,126247.02372817208,52591.751718254316
E14001112,Bolton West,North West,-9.221482159918306,11.435180271572593,0.6516407289359696,0.6847593978222732,-8.063697693478733,11.20000699331139,0.5525529558019476,0.6595925034978113,104193.44248910436,48994.546169161535
E14001113,Bootle,North West,-6.673835940486889,4.313658937500219,0.5144161945553345,0.37876629324215816,-5.486608193653206,4.481562381291375,0.4164086263078984,0.38699869110886254,105170.67519943314,46716.45870319847
E14001114,Boston and Skegness,East Midlands,-5.711884661950776,5.785505431086336,0.523047988195898,0.604331414143904,-4.5916489116990045,5.450434726226482,0.39093276968363266,0.5456644225890089,122021.84127361435,54024.67199330904
E14001115,Bournemouth East,South West,-10.016528638524782,12.201489489260089,0.7398924410181669,1.061119156641269,-8.93660154509568,11.997041489353935,0.6564480612431562,1.0460853193794606,109576.7482256607,52643.69949400464
E14001116,Bournemouth West,South West,-6.988092758246682,6.531815641667956,0.5585565126680119,0.6180162309277868,-5.8904555235445235,6.477315655864423,0.46746740405034687,0.6153579369592972,109706.7467731497,50068.362305050934
E14001117,Bracknell,South East,-19.863760711781474,32.400002814989804,0.9373599406692632,1.2510814291289583,-18.640444855060363,32.554806121960965,0.8586273904481274,1.2453288380975611,107307.15714488365,56985.98643422252
E14001118,Bradford East,Yorkshire and the Humber,-3.8507041816543515,3.8281444064227474,0.5042189641968212,0.7978595268175799,-2.4107065043280356,1.1530757765944797,0.25184531500498286,0.14962770514743934,127276.06846494779,44895.782329173184
E14001119,Bradford South,Yorkshire and the Humber,-4.659452343989896,4.310819163794057,0.5328188264692771,0.8151314736690742,-3.0179149296033816,1.213502904267706,0.27614418493818876,0.13297688524236614,116009.21664183933,45369.75888323752
E14001120,Bradford West,Yorkshire and the Humber,-4.574023960756313,7.850711601217775,0.7525364896331651,1.8644273778487028,-2.3556921471997745,0.947975411866495,0.27975111813803094,0.1848071836002515,127549.80939770429,41942.373787072094
E14001121,Braintree,Eastern,-15.506954282802974,23.35028266589632,0.8709448409768713,1.1737669139987352,-14.356425893979273,23.493212598604348,0.7880871316688367,1.1722773110919296,108380.53203862041,52812.516030968676
E14001122,Brent East,London,-10.262463976892793,14.882543263244061,0.6738742737045834,0.8313590150311815,-9.382280934767616,14.899988057428162,0.603085737329905,0.8209319144038417,149456.48548837996,62855.1387609321
E14001123,Brent West,London,-9.390955822477999,9.506100835373195,0.6638664471961502,0.8030209878566007,-8.302391860894591,9.185399804127474,0.5805749584306567,0.7792387331558185,133372.7999099992,61703.60725720767
E14001124,Brentford and Isleworth,London,-28.88710332108235,75.35024439502463,1.1625272317792215,2.3301886945390162,-27.735955438758793,75.52247677655227,1.091542693422514,2.3308623406979625,128100.38822062656,67085.69448361266
E14001125,Brentwood and Ongar,Eastern,-28.78078298284816,79.82430044583644,1.281054071156392,2.7545233362468444,-27.76867069003694,79.95485274782567,1.2104459871796551,2.7537859242191876,101833.6068483312,48293.138305207445
E14001126,Bridgwater,South West,-8.897953731346279,8.561448438761637,0.689175299377171,0.7487468015650316,-7.571225812001373,8.52462386810117,0.5712040124492873,0.7290464925942198,101736.11821189866,46554.12758533507
E14001127,Bridlington and The Wolds,Yorkshire and the Humber,-9.265086057739966,8.911376472131561,0.7310789452781982,0.7701913027129,-7.937969578486158,8.525634167034717,0.6036336297915211,0.723067727369495,95857.55067089376,41240.85652762756
E14001128,Brigg and Immingham,Yorkshire and the Humber,-7.484038010150502,4.428934531802143,0.5499231775971254,0.30687715950293376,-5.938408789207665,4.367967751181002,0.4212181951113926,0.2708183872366761,95027.54831404821,43364.78889561842
E14001129,Brighton Kemptown and Peacehaven,South East,-7.019282853130195,7.407242095661359,0.599471148870842,0.7799394304170245,-5.903248036591451,6.98093933511601,0.48995816141050386,0.7418643315118937,105009.91838540151,43313.66976104025
E14001130,Brighton Pavilion,South East,-8.427796693378976,10.654432558881384,0.6646087974903324,0.9403581074535242,-7.371161736161538,9.204661105669027,0.5436481116721602,0.7715438946174122,121869.02264747885,52453.52223664486
E14001131,Bristol Central,South West,-7.572510146424804,7.769280994087649,0.5051058093542223,0.6268334525473184,-6.542622242028313,6.780584615723055,0.410532765696484,0.5324965616059233,106402.87616589211,54316.97796181215
E14001132,Bristol East,South West,-9.919111712984463,14.037459626243654,0.7420861315028081,1.2231901132759873,-8.791744716835593,13.861352413902878,0.6451229099160676,1.2100851759408147,117644.11607139723,59251.37769503801
E14001133,Bristol North East,South West,-9.015799567960958,8.467326029722274,0.5779313711568459,0.5236983222701932,-7.892957561894873,8.484656163059851,0.4971840812407583,0.518905362571851,102835.4161816106,51508.06360894711
E14001134,Bristol North West,South West,-9.843196574168093,9.401132027027678,0.609371523362747,0.6410618917601397,-8.870959971538849,9.400211011883522,0.5432446565740763,0.6343907275592953,113257.38236810734,56183.80073296709
E14001135,Bristol South,South West,-10.826938046263704,18.983628131459263,0.8714335680455815,1.6935726726342868,-9.69094329931659,19.059322832750127,0.7686610908400174,1.6988437667059726,103756.34603879669,49776.89445165526
E14001136,Broadland and Fakenham,Eastern,-9.01466327049572,10.437815064386784,0.7415872062788862,0.9353944131034551,-7.700126940878238,10.121062932579413,0.6219287807412209,0.904011018233715,99370.54493142926,41880.96562502164
E14001137,Bromley and Biggin Hill,London,-21.2625820912956,53.43272069607031,0.9184947535004824,1.7499513919255845,-20.19070908848725,53.56413105951214,0.8494077832044835,1.7485231669079617,103661.02842536737,50837.317364045026
E14001138,Bromsgrove,West Midlands,-12.933978117251499,19.373152130979495,0.7311046335683767,0.9092921276726729,-11.710603919145441,19.389483416416503,0.644807745110607,0.8952473538924424,105207.08783788802,51959.71872666075
E14001139,Broxbourne,Eastern,-15.277613107066,21.41229741650461,0.8711113648917304,1.119833354814634,-14.253035241651409,21.383161787323374,0.7979350059517335,1.1022208376957392,110696.55558009373,53778.2891731716
E14001140,Broxtowe,East Midlands,-9.726367722139281,12.945378861198087,0.65094365136659,0.7025230334059036,-8.515652224055389,13.078011292897418,0.5586333915286739,0.7081956494654902,102279.49870529317,47640.78755328302
E14001141,Buckingham and Bletchley,South East,-29.60695265373921,68.19481900015276,1.242600995079153,2.1830302786644262,-28.42146494952932,68.38555595219522,1.162473591214809,2.1842952765129633,107185.3984008115,57124.04176448929
E14001142,Burnley,North West,-4.976239188586403,2.247538473073765,0.43798464074569676,0.25543941745597715,-3.9782186288451213,2.209454159127677,0.33966925488611327,0.2424363722420215,109489.48492561787,46808.1718618637
E14001143,Burton and Uttoxeter,West Midlands,-9.995204783182759,9.559797682895196,0.7066575203037876,0.701492232648776,-8.66903031868122,9.135194755640807,0.5950927611180188,0.6648496378255252,115484.71883283817,56507.87212457665
E14001144,Bury North,North West,-8.526385013405868,9.788186500961158,0.6317282468876279,0.6346871799712501,-7.2217378517359805,9.581955499560449,0.5255145632590026,0.6085797712479878,109699.6701376821,48298.801110982655
E14001145,Bury South,North West,-8.024644458142983,8.29791044216194,0.5899945359295312,0.7119126670643056,-7.063821342444056,8.099202250458225,0.5154399761971614,0.6973041780375118,108613.57587040024,51418.47802436183
E14001146,Bury St Edmunds and Stowmarket,Eastern,-9.774275126791654,11.77511065357528,0.6341493648874128,0.652639614932449,-8.580984181572626,11.822847564923267,0.5436552584591174,0.6468041946818909,109535.63485391968,52151.25332815937
E14001147,Calder Valley,Yorkshire and the Humber,-10.78471202356772,13.55437671235136,0.7220877020453955,0.8259255105285981,-9.199760885123911,13.531478868134203,0.6038418027957368,0.8108785018788698,106885.58060066422,49499.58375322554
E14001148,Camborne and Redruth,South West,-7.482668948947174,12.397869367354968,0.6991966951033477,1.3554299297941046,-6.611822386253719,12.169519689992477,0.6180314014991731,1.3390890710350654,104546.99071028925,42492.48158098703
E14001149,Cambridge,Eastern,-18.793847083834425,39.97495832678416,0.812134333143938,1.4615499662207527,-17.96097077767447,39.98930270284615,0.7626379516724181,1.4522617683951153,114622.49959139228,64067.85607306162
E14001150,Cannock Chase,West Midlands,-7.066606733092658,6.552410250265589,0.5910039533545801,0.6266378075494244,-5.987799776197687,6.400933362104699,0.48345727483336975,0.6146962926783192,108599.78820349439,48592.90829097849
E14001151,Canterbury,South East,-6.654792150049653,9.971371003732628,0.5991558856851265,1.1042989298486754,-5.796676181543109,9.705480516747821,0.5120468873793678,1.0884617805482644,122347.61414470701,48101.91405669645
E14001152,Carlisle,North West,-8.477607719605686,8.035425757646376,0.5497357965298069,0.41531086014137303,-7.22048380920202,8.232522587331285,0.4525682419216671,0.4177231333781317,106214.4918561568,52513.58851078128
E14001153,Carshalton and Wallington,London,-11.912979881093127,14.539671701226972,0.7648501097382299,0.9622103858228248,-10.903341685043463,14.363847080827977,0.6913045447457741,0.93295200364251,109667.88226289852,49948.37333145087
E14001154,Castle Point,Eastern,-10.556323616082448,12.294658378031222,0.7293256597456665,0.8284640197529823,-9.227415027098454,12.326846609207864,0.6241723781107285,0.8204138573931227,96393.85738182097,43465.57463514297
E14001155,Central Devon,South West,-9.724643675561008,11.82299207582388,0.7549836286858318,0.8644090962684037,-8.577308630558978,11.14595524419157,0.6452889449143214,0.8058961427582495,99505.95583201933,41290.240978141184
E14001156,Central Suffolk and North Ipswich,Eastern,-10.738249245049056,11.925710141831955,0.736657691218187,0.7171612611116616,-9.228874457490528,11.98158917277802,0.6164436590781676,0.7072817919228117,96865.79572476186,42756.09240512457
E14001157,Chatham and Aylesford,South East,-9.940228000595257,11.735762899539234,0.6367518443389095,0.6328283153421876,-8.809286975414107,11.722901846587696,0.5523952864724126,0.620787197762676,114573.97279336039,54051.874867032704
E14001158,Cheadle,North West,-13.729623345469657,16.218714954385355,0.8203994238637213,0.8826511740988194,-12.393048911083332,16.172480893211382,0.7219018186146203,0.8612665329865452,97552.62437730652,46607.715526299944
E14001159,Chelmsford,Eastern,-18.79958774313669,35.21260450781563,0.9497436719608652,1.295438205796551,-17.29384211953435,35.49664887244792,0.8509830829434744,1.3037391208110722,113367.48249456033,55022.92855404105
E14001160,Chelsea and Fulham,London,-16.749312018011338,31.562993864249982,0.5582305041928759,0.8810397488534899,-16.021486554619106,31.611128908475727,0.5149026590363908,0.8804346785995317,131667.6269003461,68578.90932922496
E14001161,Cheltenham,South West,-12.53551112522811,15.577903680768074,0.7650948111102389,0.8933012134069808,-11.342165363913972,15.782132191556528,0.6813809397196551,0.9002051424919938,102072.70878547571,48952.44027951642
E14001162,Chesham and Amersham,South East,-33.35604105430867,107.53359538429564,1.264862547525023,3.44235990831808,-32.44796640840462,107.63255887857612,1.203366164623879,3.4407466624741985,101440.44061024522,49791.7672071147
E14001163,Chester North and Neston,North West,-11.289063570500037,12.554707721645325,0.6987897315646734,0.6004435398686041,-9.426331540100062,12.775794260158055,0.5638129178368708,0.6052093056887932,95946.85062489848,44646.97013749828
E14001164,Chester South and Eddisbury,North West,-13.81438431234649,16.51005293389677,0.8510023643756114,0.9640407602110022,-12.012218618089026,16.612147133436874,0.7134087296000217,0.9474833492133362,95730.72523574659,45613.33891020586
E14001165,Chesterfield,East Midlands,-8.557006192640163,10.047919800888916,0.6304585199224941,0.531776306545707,-7.293647455370598,9.873241847149849,0.5157598746574046,0.5064252946656731,98967.72913663852,43551.91151756617
E14001166,Chichester,South East,-15.518043799866453,27.896114460791544,0.8143444006611882,1.0194828002504825,-14.397871707204587,28.10120919992823,0.7256058072091174,1.0255992732549113,103950.83834689797,50299.95769126901
E14001167,Chingford and Woodford Green,London,-24.813231012850565,68.78685881455274,1.0265121126856216,2.1567528245252983,-23.847945109366478,68.90485984488014,0.9637296640163948,2.1554528476618904,112704.3305717295,57561.03820859018
E14001168,Chippenham,South West,-14.799345342657597,23.577628605516217,0.759394785986321,0.8955062450403635,-13.319096657330183,23.95420072865253,0.6498754704551265,0.9137157833306594,101169.97880790252,49397.646275963074
E14001169,Chipping Barnet,London,-23.35827604658763,55.337319238597075,1.1043973283952622,1.9323562482344454,-22.072612710011978,55.54573111080464,1.0133597892908877,1.935759524403335,116262.02900295924,54066.19505345926
E14001170,Chorley,North West,-9.62023545772566,10.396296319818946,0.6169256921166095,0.5299402701144491,-8.266860145240958,10.27851645148405,0.5148773672194136,0.5059920128148888,107179.05013535518,53376.63903941599
E14001171,Christchurch,South West,-7.599031901664745,4.8886628646276105,0.6368417807548992,0.41756883491366026,-6.397144932056213,4.728186437966146,0.5157256730021488,0.37010637058806173,88769.7523074908,34770.55708460827
E14001172,Cities of London and Westminster,London,-14.48711047955349,31.780732227100497,0.6916034402536794,1.508866774193805,-13.855587054598676,31.658899998436002,0.6484973017763925,1.495001159448039,172081.27390765474,77118.91582413937
E14001173,City of Durham,North East,-4.804749387265263,2.4089126341436677,0.4217724347944839,0.2615413060307881,-3.7699030266311944,1.8082087109895795,0.31944944975552586,0.19959160646580487,113171.21155500962,44941.212218974666
E14001174,Clacton,Eastern,-5.818203220717304,5.533262259760341,0.6259989362726701,0.7177037989523,-4.919153138033952,5.278579928062836,0.5186497854774005,0.687411309946775,102046.55452277268,34972.116698863065
E14001175,Clapham and Brixton Hill,London,-30.524923195521875,74.03246502035768,1.1852999721522797,2.1385009053232182,-28.852554324671804,74.36234826910766,1.0919314469448809,2.151150265056306,116089.82582820598,66563.7716086401
E14001176,Colchester,Eastern,-10.884572802345641,13.900223559705204,0.7470959580560965,1.1440112077765099,-9.75028492130959,13.419327626273084,0.6576401001282967,1.1111537343889932,124741.1130614058,60428.95069826196
E14001177,Colne Valley,Yorkshire and the Humber,-10.39425058316369,12.099802137502135,0.617284969236222,0.5699649026062819,-9.215240896819134,12.215101872525832,0.5300350972782018,0.5648603305409395,99063.71379112385,48504.43289383061
E14001178,Congleton,North West,-26.29020874731605,70.79451809472792,1.025514724740815,2.1830897968606164,-25.27184467635655,70.97953008993144,0.9570605890842211,2.190013938800369,89250.33028891578,45557.800186525084
E14001179,Corby and East Northamptonshire,East Midlands,-11.507584764992236,16.187493203935094,0.6736210505748742,0.7494219829453102,-10.428176121483933,16.320054744728008,0.5945493497339933,0.751799699344066,121118.56267203784,60377.52357768397
E14001180,Coventry East,West Midlands,-4.72243793201053,3.4790741195170196,0.4590185228369249,0.5433664197409682,-3.4387065576884064,1.7930534574362942,0.28511349324067436,0.18434395199783565,138585.6018749979,58022.21961637269
E14001181,Coventry North West,West Midlands,-7.070892947041929,8.702358906141095,0.6877141143129017,1.090289645992453,-5.365661770955824,7.736721967195202,0.45174091312779874,0.7993803310721267,120512.66800400859,51515.467306869046
E14001182,Coventry South,West Midlands,-4.658377382533013,6.179418322973039,0.5001261207352321,0.9367374464932224,-3.1657032168580006,2.1361767934201024,0.2602660984070481,0.1444867052165715,140382.61160732943,54050.12088835353
E14001183,Cramlington and Killingworth,North East,-10.08594205062185,11.217180022035267,0.7183499846887702,0.8174000396892396,-8.827548755733886,11.434568876720082,0.6116535303264402,0.827515234928081,100401.91581559453,47241.34593460162
E14001184,Crawley,South East,-10.799737600516334,13.15288308344694,0.713207078577116,0.9444030093028452,-9.625424801730365,13.10951420287451,0.6294903934895544,0.9366954493358671,119750.17177738363,59663.77516058063
E14001185,Crewe and Nantwich,North West,-8.553883448969525,8.567995992660267,0.5497368286607959,0.4562130735840706,-7.427439350239128,8.477029737561502,0.4634522026292487,0.4380800177889854,112926.35672588779,56034.77769034029
E14001186,Croydon East,London,-17.848700619830133,25.321812769271663,1.043233921293861,1.5643981882754132,-16.78785116095915,25.3478152748327,0.9738911468425865,1.5543868612468013,114962.19248421275,57776.13241388183
E14001187,Croydon South,London,-21.139297710549595,36.85191618541033,1.0201812276473285,1.3800041158049756,-19.878285280013237,37.0535227415088,0.9329811573982877,1.3800376228946627,103198.98765363397,52613.385177299955
E14001188,Croydon West,London,-10.499387716561678,13.875841633931913,0.6764322020619383,0.8010726968366644,-9.436300320506975,13.64807639905963,0.5937319819547329,0.7713958170771231,134764.98871982464,63937.2806669567
E14001189,Dagenham and Rainham,London,-8.596892700135507,9.799425757238424,0.6485989001449524,0.8856911312443423,-7.8017985825819665,9.552977721679046,0.5874326456752745,0.8675663443162994,124614.09166862276,56197.76389095244
E14001190,Darlington,North East,-7.593093654355019,5.253988556308637,0.5765814318974594,0.35287919366171716,-6.257319339420547,5.186806531644989,0.44516512069388525,0.3158853636395205,101878.79831925503,48527.32782196176
E14001191,Dartford,South East,-13.644223397410888,16.077250324051743,0.844643678450924,1.008406521404421,-12.368286349754271,16.106649005797195,0.757478431338583,0.9973117802069722,113664.4867815848,55062.48544573624
E14001192,Daventry,East Midlands,-17.83444236994762,30.90906547485118,0.8227777951438426,1.0556565410759104,-16.552663234684676,31.133557292511323,0.7377582889882812,1.0584378882714771,108011.44304326558,57450.099839322684
E14001193,Derby North,East Midlands,-7.002463498342704,4.9704407806207875,0.5189487775820354,0.4080261387815556,-5.759088937340439,4.396509715449923,0.40666603044336486,0.3616684213874642,107768.19050768402,49883.69470744868
E14001194,Derby South,East Midlands,-7.323331370758896,10.875602063929257,0.8985627758357866,1.966498881644145,-4.332901923400968,4.7825270714822175,0.3940565716254719,0.5120130996071133,125710.99853472126,51399.78873571208
E14001195,Derbyshire Dales,East Midlands,-12.127779422444773,20.03700856451168,0.762675602044378,0.9673064325259,-10.976467166464445,20.22347423090134,0.6671148049947201,0.9741634733543156,94083.46410789085,42810.07710173595
E14001196,Dewsbury and Batley,Yorkshire and the Humber,-5.01917420343259,2.7336281279819357,0.440731289626157,0.26378465348332364,-4.058239630412566,2.401944856246149,0.34011801918716666,0.2230341985807713,110064.70517170792,45416.748791294434
E14001197,Didcot and Wantage,South East,-23.06829231019639,50.212320556641075,1.07134768976252,1.7552475077619625,-21.926709405862674,50.31709271142404,0.996905972528903,1.7457503471898173,106422.20538805891,54534.829323052065
E14001198,Doncaster Central,Yorkshire and the Humber,-7.197990668488345,6.265556433765872,0.5917124426340687,0.6532267463059086,-5.4810895307349075,5.4461166108928785,0.3797316033944775,0.2946088156995309,124756.9444353822,57591.19815320612
E14001199,Doncaster East and the Isle of Axholme,Yorkshire and the Humber,-8.110619141827396,5.317911017392776,0.5893642382645087,0.37326064103197476,-6.18057344750612,5.1161462025348765,0.43370479556366553,0.3254027539274351,96745.79519963838,44783.41129693884
E14001200,Doncaster North,Yorkshire and the Humber,-6.152661885056757,3.680818732887855,0.5292125709972713,0.3561905677591726,-4.976672086115659,3.53098378188847,0.41833430900553176,0.34258183008417253,105982.26167095554,43915.283051725855
E14001201,Dorking and Horley,South East,-26.223804591263427,69.83604872500536,1.062151103517698,2.2181695031419997,-25.16631709519054,70.01176390752623,0.9918095451438876,2.2232640049925183,97903.9221002411,48950.22484149672
E14001202,Dover and Deal,South East,-8.111080889979304,10.86652065067664,0.6662975067791893,0.9209141415892632,-7.133414201311456,10.639792057533219,0.5681663670731412,0.897905141532706,111014.09676020351,45941.293227782706
E14001203,Droitwich and Evesham,West Midlands,-11.749451302561841,17.42038032989913,0.753938152912738,1.0740247324556926,-10.622287687319623,17.097892817336774,0.6699817020650733,1.0373369262700407,106908.4096591913,52332.92835746952
E14001204,Dudley,West Midlands,-5.401129571685085,2.9234883423927993,0.455402718448526,0.2677699682169101,-4.475235272115933,3.0782075184409163,0.3717943126319951,0.27648754199228504,104753.58548095917,44518.29210543355
E14001205,Dulwich and West Norwood,London,-24.817712896644966,63.58906549589079,1.0029004533306458,1.9506450472740902,-23.47967674499781,63.8251432338021,0.9224678301490907,1.9582265377108947,114315.43474120987,59437.41036524644
E14001206,Dunstable and Leighton Buzzard,Eastern,-11.95812351409067,12.243536436722286,0.7168658717653758,0.7806712257480632,-10.72341090894189,12.200317370100633,0.6321014221872658,0.7702106995398126,115811.194289233,61783.92830030664
E14001207,Ealing Central and Acton,London,-44.47370033698146,162.28910375440904,1.4951049402087864,4.735415915028592,-43.61012377470813,162.4032678051892,1.4441008872035772,4.735848615627467,137769.38752170993,73954.05787468619
E14001208,Ealing North,London,-12.689613697581587,15.826375570326237,0.8588512900845015,1.2630693322547313,-11.51230074657698,15.475213725539028,0.7707730241038064,1.2363283296430956,122862.72566828673,60886.815529109255
E14001209,Ealing Southall,London,-13.825810031849375,17.478160453544678,0.7797820239273046,0.948103515754918,-12.575828132313886,17.2570527550731,0.6971486146168019,0.913567596521239,121628.71622900947,62747.904398112216
E14001210,Earley and Woodley,South East,-23.373849684619483,45.098017443335344,0.9906587406757492,1.5421478466008776,-22.1902411609308,45.300775665665235,0.9192272338082017,1.5424136510651354,106373.06036384635,56164.04274204775
E14001211,Easington,North East,-5.241614480892881,2.080912481455955,0.4382507052484458,0.23604223876361735,-4.0025274049797925,1.6261405909490385,0.3141892413407517,0.177618868076328,98951.08466521531,44594.475559459555
E14001212,East Grinstead and Uckfield,South East,-15.39024687013286,20.865293494948475,0.877899600615476,0.9764483118648575,-13.929175845114258,21.132075658110487,0.7713461041818548,0.9828460360706838,101759.35513511878,47370.80949483841
E14001213,East Ham,London,-8.861804121718768,11.446496765549648,0.7863336819913319,1.1920466012764612,-7.470575508662916,11.16226293089876,0.6219962932577177,1.124203037434588,140124.37272300696,59195.3819320245
E14001214,East Hampshire,South East,-17.21488693258683,24.904460241500587,0.9794649476856527,1.2705739685558906,-15.792307000474034,25.106019624704537,0.8733330143375172,1.2682043728204977,93326.80769144496,43183.24828903039
E14001215,East Surrey,South East,-26.316228716999127,63.89492621668592,1.1346757911018326,2.1008854367110747,-25.137536407857347,64.04335672935382,1.0562127382520832,2.097564280855451,103038.16329592242,51456.287153317186
E14001216,East Thanet,South East,-7.1181584573785015,7.794983123608996,0.6093312209950748,0.6909602629596789,-6.137097710762592,7.465301020386359,0.510963034219402,0.6564924284465703,111377.44152379065,43563.49445027866
E14001217,East Wiltshire,South West,-10.876677858589712,14.135574379300117,0.6955401146023336,0.7794368881053619,-9.762699643912402,14.126559465542774,0.6116190416288119,0.7686677151446224,107135.34524512356,51096.9464248835
E14001218,East Worthing and Shoreham,South East,-11.162605736413731,14.560122442123596,0.7678519125818151,0.8585876762987935,-9.768209439188693,14.48871569700988,0.6572021235781029,0.8314672123465572,104782.26949147607,44864.177274034504
E14001219,Eastbourne,South East,-5.804244591683235,5.7691151870347985,0.5434280252059653,0.6312338997414356,-4.891887836703731,5.533215888069217,0.446192581504257,0.6104913573685704,107345.52242362728,42328.479460192655
E14001220,Eastleigh,South East,-16.70275096493215,26.203842000750708,0.8194957770657136,1.0121854375566155,-15.406593001802753,26.453759047077064,0.7315799703375758,1.0181720131133654,98327.91992308028,50459.055885161244
E14001221,Edmonton and Winchmore Hill,London,-7.0293393217473525,6.431662494026286,0.6004739050727651,0.6804407449576073,-6.047245562440904,6.025274200008901,0.5112958002367732,0.6498102344693514,138086.26368654438,54239.62490502768
E14001222,Ellesmere Port and Bromborough,North West,-13.90721015974255,22.166832347939057,0.8657091784172073,1.0707865231214388,-12.11205557909383,22.4292439529816,0.7245286583337347,1.0760089024485302,97342.49717055119,46830.594495501864
E14001223,Eltham and Chislehurst,London,-27.593655888533924,75.78028328560997,1.2223451575282065,2.554787419641607,-26.28236747716801,76.00100008064044,1.1316688326368474,2.5611635265070194,114982.75184399907,54037.54490799789
E14001224,Ely and East Cambridgeshire,Eastern,-15.765639170779059,24.327252569536306,0.8222530137000641,1.1000247121216045,-14.46896419117785,24.325331133879907,0.7356958941636478,1.0798870375173493,109883.1439481622,56794.308074793735
E14001225,Enfield North,London,-7.825852896010106,11.60024959521472,0.6851768813970278,1.253733148392304,-6.907416196572456,11.260576662400368,0.6035929127610679,1.2299507151535873,135359.65524474278,55396.97638495444
E14001226,Epping Forest,Eastern,-25.47251405410315,66.75011628942445,1.1614893363706995,2.3060967102476218,-24.263200110267885,66.89261059162375,1.0787032051361738,2.302004894772838,106922.74820087025,51125.35404445507
E14001227,Epsom and Ewell,South East,-23.154451697033345,65.69133953441309,0.9460317030379614,2.1040174222237726,-22.227838439356006,65.80425888724749,0.8830588826250404,2.1034766900884705,112464.43609194353,55416.6670415752
E14001228,Erewash,East Midlands,-7.905366114917298,7.776791982999498,0.5454867227903775,0.43957331823211104,-6.626542557752961,7.571212461640835,0.43727678069372694,0.4190576397301933,104731.19209813618,52468.513451657556
E14001229,Erith and Thamesmead,London,-8.431982289368273,8.029141405708952,0.6012357064789556,0.7082184668603824,-7.40395556601039,7.974716859922097,0.5248220051232647,0.7039351882794199,150533.2539479392,70490.82471913716
E14001230,Esher and Walton,South East,-29.944286795772946,71.82987308491037,1.093307461626222,2.3174733506893035,-29.01047892743606,71.92826088968131,1.0371754076941069,2.3181235851617723,106544.91638327719,52596.17273697868
E14001231,Exeter,South West,-6.881343003742667,8.343975277775389,0.6263435827540142,0.9083734663805709,-5.535046144969615,7.601109438073038,0.45712243990873647,0.7735594714075154,111713.02839985526,49131.63301869108
E14001232,Exmouth and Exeter East,South West,-7.746867676515814,6.466066027799774,0.590306742216754,0.5399647911505248,-6.462369980010022,6.256679401220749,0.4800362698763692,0.5139015770612012,100593.30697536012,43960.064927361156
E14001233,Fareham and Waterlooville,South East,-13.33128473522557,18.399200006142078,0.8026321727547432,0.9201487395561925,-12.05987174532296,18.51065724445056,0.7090883605160248,0.9154858258886998,101312.2428239207,48200.974570339284
E14001234,Farnham and Bordon,South East,-24.95732466955876,62.274351438480466,1.0402618126284076,2.0158396855245444,-23.932836256246542,62.414319256315544,0.9725311948517099,2.0152609934655104,102354.58456624162,50872.74858744019
E14001235,Faversham and Mid Kent,South East,-14.489957103066937,22.87927438707305,0.8332487519956558,1.0999849083884095,-13.103150300637576,22.854983087369018,0.7332732505385963,1.0835066256771775,104001.14046876889,53319.15147338275
E14001236,Feltham and Heston,London,-8.292832071785792,7.037015761295192,0.5876257721202396,0.5242163008703824,-6.977494102186306,6.849303475010651,0.4716219417558193,0.5055032763209196,131078.9051349282,65378.11382737354
E14001237,Filton and Bradley Stoke,South West,-12.080887206453202,17.053192439103288,0.7396039833133741,0.9338910845409286,-11.020740270958152,16.769273683061506,0.6638256116891679,0.9072694018649956,115791.40201228554,59115.357217772646
E14001238,Finchley and Golders Green,London,-28.43045751282491,83.99497737427066,1.33550926793307,3.056590580370169,-27.226787583056772,84.1907376288099,1.2460618715654994,3.0632999332288815,140153.7748870218,61665.40182148952
E14001239,Folkestone and Hythe,South East,-9.398218886534483,9.337659365647136,0.757477414822983,0.8155626797602503,-7.990071820722838,9.293139928247927,0.6361548784595313,0.8049642721874644,100902.48728697459,40590.35544919431
E14001240,Forest of Dean,South West,-7.900236543203691,6.704300921120852,0.5541789580810192,0.4107947684740978,-6.660862135539682,6.776281553666276,0.44342828244884425,0.3772296246109341,96623.18284085821,44021.51011699657
E14001241,Frome and East Somerset,South West,-9.218358233995067,8.42797973814121,0.6851385653093846,0.7401393573697085,-7.971392895423184,8.148317781028682,0.5807873118866803,0.7138539966692462,95085.58141202512,42142.42850526745
E14001242,Fylde,North West,-14.192230704126487,25.30468348746649,0.7542282192908004,0.9348239927025772,-12.554202140373125,25.638411370756558,0.6155076635739227,0.922688035062062,98093.2017681491,48632.06953689775
E14001243,Gainsborough,East Midlands,-10.44744780644091,11.705009327726493,0.721765937416176,0.7706904478571378,-8.977183735610021,11.77073794120081,0.5977199120852027,0.753186115767938,99970.37784133267,47238.18309947915
E14001244,Gateshead Central and Whickham,North East,-5.986939765970492,3.9118289195184452,0.4889999831080944,0.40329566604962486,-4.712363974141303,3.5896892714979476,0.3550082549139968,0.3154502051004438,108649.95248341304,49862.3245198051
E14001245,Gedling,East Midlands,-9.740084131363755,10.519436124900443,0.6886492587360722,0.7288902292322006,-8.520711740110388,10.688146173678877,0.5896538556213826,0.7371077201357082,106859.16954361773,51386.23825275025
E14001246,Gillingham and Rainham,South East,-11.329758805566172,15.034662126090465,0.7256454032581898,0.8156413224963872,-10.196048495929393,14.942352273998646,0.6364313331802303,0.7987218945212183,107789.08357254943,52825.22083386168
E14001247,Glastonbury and Somerton,South West,-8.704517262695537,8.8252126780032,0.6702099151802869,0.7656918719028752,-7.509455019917434,8.472292499383311,0.5644366185400014,0.72967388518367,95465.59112459832,41342.018157862476
E14001248,Gloucester,South West,-7.623225367025829,6.517379715973233,0.5912937311229691,0.5727714671102566,-6.258850629273095,5.907805799125076,0.46595337637725304,0.5263459557647575,117598.00588346724,56665.42737506528
E14001249,Godalming and Ash,South East,-37.403567558333975,120.28447137356979,1.4018439127912994,3.733909206578557,-36.39719756456286,120.4348777094846,1.3374152396051937,3.7365873294890806,100577.96430635625,50982.0618816014
E14001250,Goole and Pocklington,Yorkshire and the Humber,-8.909538710822114,9.252095586681097,0.5602804856996102,0.43971008064140144,-7.572838704660773,9.417434574256735,0.46134270538813427,0.4420045691707753,106289.07077700079,50460.54090516374
E14001251,Gorton and Denton,North West,-6.488791661186705,9.153603837345782,0.7436445120093077,1.6068248042657691,-3.7703156462306127,2.621758817348539,0.3169896528526703,0.2686214377308347,121952.8847646848,52355.668579916775
E14001252,Gosport,South East,-10.343453330160267,14.666195651135054,0.7169301716227179,0.8211527057631619,-9.165675651803394,14.45368160309072,0.6165490504706092,0.795349417301859,104320.04956373511,48256.50953556487
E14001253,Grantham and Bourne,East Midlands,-10.834868568011618,15.905694213514069,0.7098216139569479,0.8499662002545177,-9.64655448511779,15.850249046228933,0.6125705275751365,0.8294288093414558,102166.40522289196,47633.288862630856
E14001254,Gravesham,South East,-10.52027865138349,12.394337522237503,0.6536483643703148,0.6333940193755109,-9.2110512952353,12.088882934001688,0.5530787164157236,0.5916511607305376,112638.53514057497,53718.65371896296
E14001255,Great Grimsby and Cleethorpes,Yorkshire and the Humber,-5.963831305868242,3.5717909959815897,0.46535021232749657,0.2801591316073671,-4.972106219564717,3.4338171638432944,0.37400664474593215,0.26162926387528684,115283.85299664437,52535.80995067906
E14001256,Great Yarmouth,Eastern,-6.231976003834804,3.6995468457575607,0.529488406010523,0.3590025814651037,-5.06042822223503,3.573174270939942,0.41589770917551927,0.3143718343515022,104219.60886287724,44505.20341248595
E14001257,Greenwich and Woolwich,London,-22.117728938940054,40.28302436190816,0.9896317691802217,1.4692898234807816,-21.02889634258735,40.42588330681446,0.9266819818454486,1.464792042195065,127332.93193041842,68520.7789750139
E14001258,Guildford,South East,-18.07174188120056,45.67153550038162,0.809337263792788,1.5586809605037961,-17.197257749526067,45.758297724573595,0.7491231364261203,1.5559898024582,110788.03447180445,53009.06943835694
E14001259,Hackney North and Stoke Newington,London,-15.749628391385778,24.649934610747152,1.05471536674309,1.9169685861327486,-14.30779335648099,24.931246997936512,0.9402323043546591,1.9315439079644015,133347.4281700313,60875.08808603138
E14001260,Hackney South and Shoreditch,London,-18.968629786807483,31.409448220431035,0.9774385372713892,1.3150054309658197,-17.22172463380112,31.787652472138653,0.867464259096827,1.3324522504154115,135437.4913574022,67870.40974378298
E14001261,Halesowen,West Midlands,-7.427586235316968,6.40905614081858,0.6274065430868611,0.6211952678785669,-6.113550071597108,5.962306776583665,0.49708135064989933,0.5861819713809819,96473.68143288488,42804.643027077414
E14001262,Halifax,Yorkshire and the Humber,-4.928871584525707,4.03336051641207,0.5341186281862228,0.7215429089465163,-3.337117188892333,1.7135889108445943,0.30007972022651075,0.21595331718080918,115739.34388394993,47216.27172878285
E14001263,Hamble Valley,South East,-11.556720998702783,13.066458457044924,0.7015566947029885,0.7143764386240471,-10.327563401822985,13.161758426987156,0.6146774629022744,0.7105543485090531,107621.19750616181,54164.43322449966
E14001264,Hammersmith and Chiswick,London,-24.055899818497217,61.19849265047407,0.9703181121442774,1.896280319299196,-22.96200431834935,61.34227120042638,0.9054390566933916,1.8951139937520838,121084.21375222382,65629.21231667488
E14001265,Hampstead and Highgate,London,-19.56937221019179,39.59416185655887,0.8833009973600563,1.5094311257682622,-18.71027846993306,39.66456858385747,0.8200821660165293,1.505675369367526,154671.50515493396,67739.03153086317
E14001266,"Harborough, Oadby and Wigston",East Midlands,-12.438989339587616,17.802422600787978,0.7944203388912724,1.0037061162317182,-11.214342266276635,17.432088511926082,0.6985475953803427,0.9578779908822329,102592.56747359732,48204.33617471221
E14001267,Harlow,Eastern,-10.509798940499168,11.420509986043545,0.6534817333493569,0.6763676311259802,-9.279495706333728,11.165101271588563,0.5652310714417216,0.6461209822366587,110620.61912002492,56621.681289379936
E14001268,Harpenden and Berkhamsted,Eastern,-25.137591395522264,67.25168492841334,0.9892822538904698,2.104831896790178,-24.064856336289914,67.40511155626618,0.9210801991094106,2.1065794787830088,99835.91330709349,50394.72338194702
E14001269,Harrogate and Knaresborough,Yorkshire and the Humber,-14.714693835444525,20.113227043077746,0.7838022789625931,0.892829255113451,-13.385568413870013,20.312932352320647,0.6930345302643581,0.8946871510498936,104812.04589591845,53687.369354179595
E14001270,Harrow East,London,-11.29418409062269,12.015144341306286,0.7504939005230569,0.865331022230995,-10.162309516399572,11.720683481102585,0.6646763415991039,0.830417532295278,117573.78111337195,52881.881982143714
E14001271,Harrow West,London,-16.964391071094774,27.228180115907133,1.000488029259792,1.378823176285905,-15.936643735576434,27.3246654828533,0.9271998215518874,1.3733436957922602,126166.19914135098,58435.18482518712
E14001272,Hartlepool,North East,-6.401996461062038,4.836212928396592,0.5366232687273979,0.4814296182340474,-5.131137240495583,4.904217891555154,0.42262250884132735,0.47096467062409947,100733.12713617427,42696.86705327661
E14001273,Harwich and North Essex,Eastern,-14.580908765762056,24.14670161573151,0.8882710128280605,1.1739166261843585,-13.579203604760234,24.32398817673175,0.8038864826352174,1.1792224599629524,103049.41228590978,44510.30423823011
E14001274,Hastings and Rye,South East,-6.333630077966978,5.504325228878826,0.5827793843063986,0.4629168320792627,-5.288993242127724,5.542072863002931,0.47445233663564235,0.4445197044279976,111608.40474056423,43755.782592217874
E14001275,Havant,South East,-6.839786428624963,11.799585349494533,0.47806034605487185,0.547488798299909,-5.89141508715216,11.969742670586532,0.39059041511682746,0.5444059833792226,105348.73701657499,43996.7102601707
E14001276,Hayes and Harlington,London,-8.812534017907405,10.290271630561001,0.7412671343361845,1.0016700219808836,-7.765484721010745,10.11772572016189,0.6354648703976946,0.9860895547576788,137080.31446122617,59585.820784447256
E14001277,Hazel Grove,North West,-26.99903631791359,67.25996467004653,1.1797666190408964,2.278614189673654,-24.592399036409923,67.8500787701674,1.0141063798864915,2.3131566660838048,99643.1820939673,48984.419436741344
E14001278,Hemel Hempstead,Eastern,-20.455392941118156,37.591351470720056,1.0252747718149877,1.3678865178041557,-18.98768189204082,37.84755396044609,0.9249873642287483,1.3732806378197278,111549.47386641453,55271.891888454425
E14001279,Hendon,London,-11.996283944781556,14.299068200066266,0.8600282013324543,1.3390761447577237,-10.975789935821172,14.123435786922819,0.7829519591595743,1.322777478520103,138092.10326091238,61602.65750526253
E14001280,Henley and Thame,South East,-45.21091127232912,149.00690709598376,1.6473837227693795,4.59040137826566,-44.18851370080946,149.1543761864552,1.579786189628828,4.593353809593349,96318.0226979898,49054.55031872423
E14001281,Hereford and South Herefordshire,West Midlands,-5.574041657388138,2.92030782272741,0.4800525840970235,0.2646303868321965,-4.530840199200055,2.8708342688223576,0.37921903761075654,0.2547983790971553,107078.85977294171,44280.01191394983
E14001282,Herne Bay and Sandwich,South East,-7.652164777054649,6.907400160362016,0.6006596048315915,0.5755268042558541,-6.543735104947119,6.798212673927983,0.5033084774585254,0.5597060609413719,102059.12856082014,43862.40814980933
E14001283,Hertford and Stortford,Eastern,-27.659894848442285,86.88265713388657,1.015961061937731,2.598339418018781,-26.606662013088076,87.04563201385406,0.9501442240632005,2.6024379528378234,112267.39155472172,58836.66138405748
E14001284,Hertsmere,Eastern,-18.825318521719353,38.98980677413625,0.8373262225099701,1.2677193482170832,-17.759114315335317,39.100550034335,0.7650638737976954,1.2627661208219418,107968.20387288535,55806.73062121656
E14001285,Hexham,North East,-13.264128012342558,17.701736531743222,0.7747292798316787,0.6919292506345808,-11.42551864513948,18.071166453145295,0.6247904197626553,0.6923119842950543,96673.92091713802,44585.09524343039
E14001286,Heywood and Middleton North,North West,-6.418410116943408,4.659055967333839,0.5112515208959121,0.3546463963470129,-5.260032532650547,4.37016022762261,0.39744901099817814,0.31238979328577726,103994.43522535743,46602.63496940617
E14001287,High Peak,East Midlands,-11.314632109024533,14.60733649563646,0.7484740307842273,0.7298448345774889,-9.512874822249648,14.89105551349744,0.6086325639283741,0.7437661099019963,97706.70688329253,45050.156612808416
E14001288,Hinckley and Bosworth,East Midlands,-12.461064227904313,14.005798105112373,0.7473395246570164,0.7130313073315642,-10.631064802489034,14.187200513864502,0.6215646149055253,0.713049653621179,103131.04971381166,52361.99389410636
E14001289,Hitchin,Eastern,-34.11570326200807,99.83513903265164,1.2928187043075339,3.018889344621186,-33.06556823312387,99.99983083392046,1.2279111912258842,3.021733833155805,103384.27185678942,54243.402096693004
E14001290,Holborn and St Pancras,London,-14.725504986670689,36.38928706301056,0.8807390876285999,2.0205269599676337,-14.001288567075932,36.1732871961159,0.8216674606924551,1.9948594734878355,152119.74407856652,59590.37343319443
E14001291,Honiton and Sidmouth,South West,-8.471115275795096,8.038145551647993,0.6829142059083694,0.7248964958787848,-7.2517642321553595,7.750141849110314,0.5667703085368985,0.689088294276201,93964.59337746873,38917.94856199861
E14001292,Hornchurch and Upminster,London,-17.381796380603998,24.472121471217577,0.9261863184325783,1.172218582354769,-16.167179895632295,24.523038004392593,0.8437405767869113,1.1571540575359311,112695.19546384955,56128.8950570381
E14001293,Hornsey and Friern Barnet,London,-22.87938772387492,54.4430964216797,1.027563613714616,1.8793015351586742,-21.62828742351975,54.61365989852698,0.9469119849454526,1.878619887670116,111675.58490141563,54777.031501269674
E14001294,Horsham,South East,-17.887003906231563,29.484031383639245,0.8977663895915675,1.1720565547260149,-16.858599876665203,29.562363492029327,0.8235117553174154,1.1635780370479607,108576.56613041821,53663.71138704976
E14001295,Houghton and Sunderland South,North East,-5.830055159356453,3.4464580289317794,0.4978607195241159,0.34118271364202385,-4.696775800991779,3.202668999784237,0.38892680852216144,0.31754928147497397,103375.27595605576,45189.40162383157
E14001296,Hove and Portslade,South East,-16.093208619847488,30.234627061314555,0.9206274977216662,1.4472414180467608,-14.672464995660828,30.34786651469968,0.8265107088621736,1.4443605053601694,111438.6500612577,54579.90517768923
E14001297,Huddersfield,Yorkshire and the Humber,-6.9979210803054475,7.8798548507084964,0.7601703260334695,1.278030372699761,-4.842150185687514,4.770412584772103,0.4246251561769447,0.5031855804438146,125879.11992236282,52256.530113425375
E14001298,Huntingdon,Eastern,-11.325471626649527,11.505974645389353,0.6980668485747705,0.7557119463095119,-10.046681386628578,11.42642851363381,0.6113123561375792,0.7384313794627132,112192.65351145457,56814.14687725822
E14001299,Hyndburn,North West,-5.664276202434806,3.5044321849645033,0.5719738107544997,0.5089115478184553,-4.22999334086178,2.6189678511418544,0.3896579737562894,0.3260283522347565,101026.626795277,41458.937100695184
E14001300,Ilford North,London,-11.779444254658259,14.984503814385835,0.8563610740696174,1.172208594029235,-10.688174602808237,14.86698845876857,0.773346254595592,1.1555734074195017,123554.50319627355,54124.52093509611
E14001301,Ilford South,London,-7.7164264044800746,8.740330944632765,0.7074260578165223,0.9524164941053718,-6.61778156951235,8.43725524356774,0.5864850642590661,0.920895891104283,141801.349584533,56419.57246816461
E14001302,Ipswich,Eastern,-8.565642636024265,8.25039018608836,0.5835873713497477,0.6151699369002982,-7.5173026790614035,8.095528141591222,0.5026188392251723,0.6034499559768164,119782.6806833695,60448.52714955699
E14001303,Isle of Wight East,South East,-6.214940720396395,2.9053766406264083,0.5347138184281319,0.30125476678813295,-5.125451638605331,2.447363167072933,0.4320225877063553,0.2622831928735326,74813.64411977757,30535.46975027743
E14001304,Isle of Wight West,South East,-6.884312712637964,5.505433962262283,0.5987553965718503,0.5666610716631466,-5.8281770195952785,5.088060563830464,0.4966570894340405,0.5334025667993276,75871.16636892348,30733.718755674097
E14001305,Islington North,London,-26.679534625666253,84.14665256673354,1.0916295931666717,2.7262761127005772,-25.613554871181652,84.31608822347026,1.0234881193824055,2.731972433075917,130373.94358600576,63618.0188843201
E14001306,Islington South and Finsbury,London,-16.02509128810169,32.6217709536638,0.7276173933120228,1.4494124504871486,-15.182977870354282,32.28395434110449,0.6725376559592755,1.4176661757874467,144817.82596602663,69899.7325190649
E14001307,Jarrow and Gateshead East,North East,-6.8335978148565175,4.105329189428853,0.5296247851885558,0.3746672500637988,-5.645567910226074,4.042653607794731,0.4247338360219364,0.3685873891802611,100699.65634595201,46963.38852040537
E14001308,Keighley and Ilkley,Yorkshire and the Humber,-9.072711360245014,9.612888338762415,0.7152822743259151,0.7571572789939698,-7.84371478061562,9.24982393483043,0.6079390605051018,0.7189238719478305,100535.6960389256,40716.571473601565
E14001309,Kenilworth and Southam,West Midlands,-23.091952427321267,42.97218545776435,1.067634635479661,1.67480248549432,-21.65758637013742,43.24076875103898,0.9653297569141271,1.6812958446150443,95238.17438604597,50082.61931080278
E14001310,Kensington and Bayswater,London,-9.626811603006718,12.678108096516116,0.39955105374180316,0.3377344641107577,-9.029391977598486,12.648196377896902,0.35868401964913493,0.33264366364967735,153675.32562395232,70032.18819801028
E14001311,Kettering,East Midlands,-11.640903118033094,16.334126146054615,0.6739519557349095,0.7445845260436706,-10.413239089834018,16.465960982112982,0.5816277710925202,0.741874173277922,116057.29064694542,59199.4944952997
E14001312,Kingston and Surbiton,London,-20.334680308558667,54.34333401632052,0.9656977731511475,1.94106582703526,-19.35425189389454,54.503028338964064,0.8965694448955421,1.9456879225845594,125781.07090026306,56417.74884767759
E14001313,Kingston upon Hull East,Yorkshire and the Humber,-5.669441777969854,3.723034637811547,0.5205689566672459,0.4718229298229858,-4.176265018902471,2.912128282531153,0.33756370977001,0.2447361094796123,107896.14520043539,48740.66113491099
E14001314,Kingston upon Hull North and Cottingham,Yorkshire and the Humber,-6.832931998741444,6.1195455064449735,0.6154607369549634,0.7330203618366667,-5.197970253092399,5.084030060290835,0.4123648497266935,0.48283664281622546,116992.76548994516,54115.06504367056
E14001315,Kingston upon Hull West and Haltemprice,Yorkshire and the Humber,-7.120010180277828,6.3686042178871265,0.5098681955263203,0.4967113177250985,-6.043288798038707,6.495128998221775,0.41699206902553626,0.502612751801791,111178.50994777109,56515.43200974498
E14001316,Kingswinford and South Staffordshire,West Midlands,-10.325305808639843,9.98213093967273,0.6719000654530747,0.5643350756487228,-8.94561295016704,9.91447436328364,0.5639962950130346,0.545991598841696,93671.61241274733,45084.93915697851
E14001317,Knowsley,North West,-6.234935275664311,3.5763125732091474,0.4863481103986264,0.3172409068216691,-5.136073508592318,3.3778657526334244,0.3873880081872386,0.30042889522415744,97108.36283969923,46475.85961961135
E14001318,Lancaster and Wyre,North West,-6.321740021332075,6.899815396271389,0.5415457923318509,0.7131545463815326,-5.445330898600168,6.659844519851627,0.46589911182317234,0.6980147594973758,105513.70834005727,44077.06949783652
E14001319,Leeds Central and Headingley,Yorkshire and the Humber,-5.875308276715452,6.5083427988084415,0.5783800692208347,0.994101538733512,-3.9492662410093713,2.376046361084845,0.30277227830531805,0.23121554863992844,113985.97843012118,49908.84598275478
E14001320,Leeds East,Yorkshire and the Humber,-6.654945235090608,6.634515741786191,0.5323744773101842,0.6350792126999023,-5.746760781604605,6.353262467428664,0.45690990223403183,0.6163185635047228,116240.96783261772,51832.9821272211
E14001321,Leeds North East,Yorkshire and the Humber,-27.78452349606884,77.41018602175318,1.256999163358549,2.6724851405681793,-26.275765171626183,77.69487293387088,1.1559975933567883,2.6849451354946456,99756.10867340075,46967.56883509482
E14001322,Leeds North West,Yorkshire and the Humber,-9.324745350025351,7.577550468853294,0.5548670477368995,0.46661069512356046,-7.930459297378546,7.498294385241906,0.46212734899620783,0.45135526492387323,92110.30031280319,45977.154688226845
E14001323,Leeds South,Yorkshire and the Humber,-5.850573520450093,11.762289547872404,0.7269818850879427,2.058623210724457,-2.9137361485810946,1.6273953026258652,0.22578549954063112,0.11562063155433494,141976.18007603424,58664.90672380524
E14001324,Leeds South West and Morley,Yorkshire and the Humber,-10.417573372249933,12.113933082345856,0.5871518826516858,0.53823432853186,-9.07230723312539,12.201334054746296,0.4988728717734112,0.5345726518549162,99384.837797417,54114.26554251538
E14001325,Leeds West and Pudsey,Yorkshire and the Humber,-10.64260883610242,12.235663310135836,0.7217156327228376,0.9884747816415826,-9.5243606804303,12.149417455410585,0.6446396425916701,0.9798846463828081,103122.33571218309,51943.801034303215
E14001326,Leicester East,East Midlands,-4.420788630729499,4.110549079228333,0.49935469550960104,0.7266982568814844,-2.774502024397741,1.6062223548232122,0.25700369714527704,0.21524755886230076,120994.01228734723,50099.693239817
E14001327,Leicester South,East Midlands,-3.8135153095411916,3.8113597528490537,0.4134780464822071,0.670048006761253,-2.553105750759093,0.9579968561655818,0.217556175128116,0.09065591611728208,127869.38328560625,50685.88510233295
E14001328,Leicester West,East Midlands,-5.552464004740078,4.910580159276977,0.4960766352038283,0.6031807278360856,-4.281075131345675,4.14365570734042,0.3352725377594533,0.37855070463106794,128813.18549218249,59577.73719853675
E14001329,Leigh and Atherton,North West,-12.536851984999696,19.582436098326163,0.8267013995717646,1.2354641186561601,-11.498999519379806,19.69679365828002,0.7491196274441746,1.241028768859259,116526.70352357483,57636.732290358814
E14001330,Lewes,South East,-9.78987771194063,12.529415979410446,0.7431893372006998,0.958557511994234,-8.639680851468293,12.494736606103539,0.6411128789923806,0.9453959821788223,100767.11926613518,42079.36891319849
E14001331,Lewisham East,London,-14.320437610498704,18.132637369076008,0.8165584919221548,0.9412074041311251,-13.120485615247645,18.18866399519939,0.7360879472756428,0.9271182737213157,126099.36739039456,60900.53891485384
E14001332,Lewisham North,London,-19.840920030421277,31.093016473186143,1.0444278313172162,1.5690592588841004,-18.591897779991026,31.326904169665667,0.967604926234938,1.5752527905979796,124335.96117103143,66178.242426977
E14001333,Lewisham West and East Dulwich,London,-18.390320342197768,30.628545298111746,0.9073605320306232,1.1643439625716892,-17.050643658213374,30.76442330742277,0.8223742891865508,1.1546416912808743,108367.46343208796,55357.88926534633
E14001334,Leyton and Wanstead,London,-14.462116309358867,18.05243654188083,0.9175356347991481,1.3350284235715806,-13.160886658956539,18.04970639586006,0.8310908172406254,1.3264748012105652,124958.102091914,61357.31031780862
E14001335,Lichfield,West Midlands,-13.728687050322183,24.54764239841609,0.8012781979586231,1.146057255515977,-12.503112701325378,24.597330585448905,0.7102362552957056,1.137395570410655,97292.82114553364,46467.544492076
E14001336,Lincoln,East Midlands,-6.549130662419737,6.887831854811604,0.6403971817048422,1.0374546430669773,-4.257105395057339,3.177414724013212,0.3295256761322589,0.3081771004709235,119345.10359195767,55385.34668049074
E14001337,Liverpool Garston,North West,-7.791647584316358,6.0368995881377465,0.6025395779277939,0.47125068313432145,-6.414726219191499,5.679429845356334,0.4777829008293911,0.4397541251745015,99806.00021413591,45047.15091781966
E14001338,Liverpool Riverside,North West,-5.530114708325483,6.949795802520211,0.5346715702757746,0.8410519651018054,-4.25009063765886,5.614227706639391,0.35200575680380536,0.5626637212364025,137314.7017039789,57202.352178301684
E14001339,Liverpool Walton,North West,-5.190807144303287,2.811629189687753,0.4581936755104044,0.3344922907998114,-4.042836612842498,2.3385230423271097,0.32373602362447357,0.19399509032878864,105989.6892030159,46089.76249647161
E14001340,Liverpool Wavertree,North West,-6.318563374534399,10.186235445668476,0.7476824043632114,1.7954105636221762,-3.7292683260275714,2.3991106578716663,0.3081421486993036,0.24325101179697925,118017.44226965183,48144.22675201114
E14001341,Liverpool West Derby,North West,-5.940476713142751,3.9283269951218367,0.5699400497306172,0.5752021839043121,-4.454683920910346,2.5820638468303403,0.37562730138992956,0.25426860481919666,102552.30670224338,43901.97409678438
E14001342,Loughborough,East Midlands,-6.394746066455035,6.292338733938406,0.6074740753560727,0.8937708918525058,-4.48633174597721,3.290153248891464,0.34943608084023403,0.3271682212830253,111106.63439918564,49419.259837992446
E14001343,Louth and Horncastle,East Midlands,-5.470882567549184,3.321019866213497,0.5090665472528441,0.3373613679430768,-4.549051595384178,3.079545768272564,0.41492761002621703,0.31131053420566224,100781.14286837017,37613.54844362055
E14001344,Lowestoft,Eastern,-5.1389359077136785,2.409507676666385,0.49397300879093936,0.2745753508800347,-4.046658091878689,2.0506581372265993,0.37874711920154314,0.24401826861483164,99888.89872453734,38294.940442045285
E14001345,Luton North,Eastern,-5.661640309217857,4.674254743142936,0.5079988383764824,0.4924640621601712,-4.649968331951639,4.156718081615247,0.4029793521709112,0.44313996437970515,114871.23493232756,46426.22999695737
E14001346,Luton South and South Bedfordshire,Eastern,-7.445573561587734,9.599068293863093,0.6147556694442328,0.9017612449913999,-6.50673009780491,9.48884981891661,0.5315764621292661,0.8962690133736549,129051.755216807,58919.1675362261
E14001347,Macclesfield,North West,-16.053741434043054,22.770932462245163,0.8346691900164162,0.9538644057956158,-14.455814022570092,22.997270095188906,0.7232464027365946,0.9496633485256545,97978.21470230751,50211.59473440611
E14001348,Maidenhead,South East,-27.267676057824815,69.55944022066866,1.038014585138909,2.1146406802268944,-26.182065309474332,69.7576427170319,0.9705330636894711,2.1225387118703027,110150.15354876916,57264.678509317135
E14001349,Maidstone and Malling,South East,-17.324413061661133,28.58279973226279,0.9009328279416497,1.272135761360407,-16.309955797392227,28.616721871208398,0.8319239421055631,1.257792417369831,114502.2328355173,56947.99177394598
E14001350,Makerfield,North West,-7.76197585127485,5.761817414946511,0.5300525080134071,0.3679735331880099,-6.461624088923893,5.755654513889068,0.424265025135767,0.3441578179287436,109302.40862713529,53575.45977400733
E14001351,Maldon,Eastern,-21.437619963829462,36.286974334925496,1.131749257788869,1.7150075311412167,-20.207684536126315,36.28322836877125,1.0419936670107954,1.6944013063746168,103111.56912670814,50751.247145784706
E14001352,Manchester Central,North West,-4.810244481958382,5.977098301925729,0.4853034527644599,0.9011146742804068,-3.1255560392978836,1.7620213561404474,0.23788824639665423,0.12422418614297111,139772.56415769996,58295.15050052124
E14001353,Manchester Rusholme,North West,-6.283698594556458,12.170970137885885,0.738583145107676,2.0168256188919123,-3.3580275438784377,2.162097825187842,0.25601677122970984,0.17400263224696375,127331.20900414174,53963.494140773146
E14001354,Manchester Withington,North West,-9.85382103895646,9.120619949173582,0.708287585645543,0.8431414790709713,-7.85623258144564,7.9657672739849295,0.519744890901006,0.6748663483156302,96457.06061878172,48478.486767956194
E14001355,Mansfield,East Midlands,-6.536892910782609,4.774719807491064,0.5238359987029049,0.3988412600192331,-5.415167814598119,4.663021897504946,0.41111173663470335,0.3740439648133741,111718.05021681444,51005.13659185523
E14001356,Melksham and Devizes,South West,-14.145426082377913,24.455704907351,0.7833015364690633,1.075594639490988,-12.800624705565705,24.68421681728918,0.6890048917325933,1.0856663649125946,97121.72572157353,47560.427053795094
E14001357,Melton and Syston,East Midlands,-13.359713310667791,21.985906152600197,0.8600113877843558,1.2741747173654112,-12.032010944154479,21.914497697903677,0.7583920474416805,1.2573760420208082,98122.22721525411,46456.692934243765
E14001358,Meriden and Solihull East,West Midlands,-15.22896832862752,26.13178344644231,0.8951862840006728,1.334238617610957,-14.115236197386874,25.90554809049851,0.8122552732132909,1.3001873342941375,103253.14366381722,48695.88843446199
E14001359,Mid Bedfordshire,Eastern,-22.32630762443059,49.91420424149832,0.9307614026868174,1.5053836793850162,-21.086102402334948,50.09194554802248,0.8521097624080355,1.5050861319724338,102509.01996701612,55397.57519454292
E14001360,Mid Buckinghamshire,South East,-32.44825765744386,93.68155941590042,1.285940704989567,2.906003637982151,-31.301864988387496,93.86687314715833,1.2107207842806367,2.910458663089043,102218.90890924606,52040.958432478306
E14001361,Mid Cheshire,North West,-25.96144821520278,57.35428982779239,1.1734930876481924,1.9972245653199037,-24.596974585861535,57.67376541156249,1.0738722677686632,2.0132999590407046,95950.29930201618,46681.97188829261
E14001362,Mid Derbyshire,East Midlands,-9.752388349388124,6.806232573083574,0.6043855191442322,0.36585221265284446,-8.041828138920925,7.066491481409729,0.4808552698858051,0.3665801450562471,91566.93172304072,45057.15103036599
E14001363,Mid Dorset and North Poole,South West,-10.82442709267805,13.583032534609066,0.6720926827861219,0.6474871401194208,-9.586235366261604,13.77128972683068,0.5679252227926612,0.6426015016029318,96854.53475031155,46369.901032673806
E14001364,Mid Leicestershire,East Midlands,-13.304943393450026,23.227455374048755,0.8028845144438869,1.127605516439597,-12.111639510525256,23.258355910741333,0.7129287536472569,1.1196380501619476,105721.46997107654,52668.4220398612
E14001365,Mid Norfolk,Eastern,-10.58291946358941,11.157453568846586,0.7118833999037112,0.7263645531646437,-9.034267651201175,11.30733171700224,0.5885609840904259,0.7203059998812384,98322.88500517217,47510.34428968107
E14001366,Mid Sussex,South East,-15.115988198393149,21.194221481099344,0.8076205275628408,0.8576773272958518,-13.826588753143136,21.37202381091111,0.7137433282155399,0.8530875137080365,100573.49555463446,49208.00497166709
E14001367,Middlesbrough and Thornaby East,North East,-7.021274405810705,12.505659071479053,0.8946370008044756,2.333035628065644,-3.3930845436797354,1.5933754137428846,0.2875833554049761,0.1660054804433674,120173.3102471694,50081.370681052096
E14001368,Middlesbrough South and East Cleveland,North East,-7.4541966257753005,5.3347805689070835,0.5278722336924611,0.3242213482678792,-6.258361723955877,5.081964536430781,0.4284447578115427,0.28903800472717345,93327.1408736677,43053.974586194556
E14001369,Milton Keynes Central,South East,-16.074527834070118,23.470979191829556,0.8512223310028839,1.0216786951640773,-14.822936569784357,23.5849522722856,0.7686014582183798,1.0177164400453744,127276.7440002913,67284.10534516236
E14001370,Milton Keynes North,South East,-13.404434827854221,17.788981760917828,0.7528561818187176,0.8305025234616041,-12.148270358938301,17.723143759314357,0.6680742716847771,0.8066761172582616,98405.83112530656,51003.97619469632
E14001371,Mitcham and Morden,London,-14.563221700873322,17.309239457838405,0.8888401530995707,1.236148973748792,-13.276311814656044,17.176984612307237,0.8059583319837825,1.2199640945040446,123263.91435710623,63333.01567528474
E14001372,Morecambe and Lunesdale,North West,-7.685404678891833,7.425419825553437,0.6094032763539495,0.6162472416304645,-6.480844890325595,7.169030289409215,0.4989002916071771,0.5919437884954352,103112.54207052579,44822.97050079446
E14001373,New Forest East,South East,-10.817651479119101,13.666884770597289,0.7325170455460708,0.7643929197814714,-9.236395250973526,13.757209613042795,0.6078529485909782,0.7586713328607755,98623.97666356762,42971.376175817764
E14001374,New Forest West,South East,-10.028895664382151,13.4993199145511,0.6179418438692534,0.6279407173960013,-8.961921149718131,13.655413744058233,0.5222496097892338,0.6196348986823941,85978.3027164309,38838.0428846042
E14001375,Newark,East Midlands,-10.450445705169027,12.313820444966277,0.6243796968763189,0.5750020182818709,-9.197731024147725,12.56392077725544,0.5282009565196424,0.5811323020803165,110327.889103664,53494.704915488626
E14001376,Newbury,South East,-20.904127740622243,37.868868348376466,0.9507573867753475,1.2685662539847355,-19.55047789390046,38.05043775191979,0.8608425706868357,1.266229787316216,102237.63877908082,53560.02574042298
E14001377,Newcastle upon Tyne Central and West,North East,-5.53752246249676,6.866693008861182,0.6366598908880445,1.1895860565533176,-3.6683064512415307,3.10023219230084,0.32605106860610744,0.3521357987919898,140327.12109413042,53689.669641107306
E14001378,Newcastle upon Tyne East and Wallsend,North East,-5.240575955524802,4.864952047445124,0.5177285943776382,0.7577245661860975,-3.7854991957177804,2.3781063537635476,0.3083528095764788,0.2410582533406421,124699.12317052901,51857.999697817446
E14001379,Newcastle upon Tyne North,North East,-6.171050661804697,5.258287580101568,0.546697976206611,0.5725648752965132,-5.092040116244381,4.666785266666036,0.4242107172967671,0.4980683832059312,112340.68045489177,46270.44938787824
E14001380,Newcastle-under-Lyme,West Midlands,-7.06902818894074,5.111876072516684,0.5257956082991029,0.391799533806711,-5.715718347752865,4.519168113055842,0.4120850074771452,0.35259458212746564,104693.86996172779,48439.9678546338
E14001381,Newton Abbot,South West,-8.67044491557307,8.577687095291097,0.6237131240152805,0.5929796250460498,-7.397042361913128,8.419632701727542,0.516042111826742,0.5654493896671259,96200.47249918089,44175.53015348241
E14001382,Newton Aycliffe and Spennymoor,North East,-6.790588067095212,4.418508261918816,0.5423771146319323,0.3514393086084576,-5.556147020096167,4.367618613357452,0.43570902402069656,0.34233714770102475,101328.84724250971,42817.95540410219
E14001383,Normanton and Hemsworth,Yorkshire and the Humber,-8.35240489563062,8.135042853871898,0.6291008508405141,0.659064035121736,-7.127016086058374,8.304177013046553,0.5225181566082162,0.6577542436696967,109662.57432460051,51068.85539474443
E14001384,North Bedfordshire,Eastern,-17.510052377817193,25.65942858926021,0.837771151828923,1.0215318996500868,-16.23614391140815,25.762701678809226,0.7527434011623615,1.009094201436504,108142.04292937434,59217.605523968785
E14001385,North Cornwall,South West,-5.438541027492652,3.8503284727670284,0.500330490792136,0.3787476607885854,-4.586963861019347,3.6327942014455896,0.4094092808427302,0.3435915512856252,103737.18672742187,40012.41895058428
E14001386,North Cotswolds,South West,-13.876915117138685,25.353378001691084,0.7695476299414276,1.1288582987275086,-12.394474504701204,25.600457128283768,0.6624255041158398,1.1392673264072,97462.42238158698,46879.233714809765
E14001387,North Devon,South West,-6.29315745796176,6.086635125206871,0.5430527050224894,0.5892165371509254,-5.4178333494989745,5.920729099996111,0.4606134996602682,0.5744512849517699,102447.0829667691,42323.0412869724
E14001388,North Dorset,South West,-12.02294824378645,18.842587159353624,0.7639272562852579,0.9505844055193523,-10.844479672584209,18.864664081605937,0.6696174901698015,0.9410806879208827,96675.8042251159,44303.48122679538
E14001389,North Durham,North East,-8.729798845152661,10.969070559838405,0.6027546911717264,0.5319624444543782,-7.291436671835678,11.00892324433972,0.4764242412620062,0.5175613666215443,102117.89323201301,48509.595137687036
E14001390,North East Cambridgeshire,Eastern,-10.176077218277618,14.412205333395947,0.6676689916668161,0.7787321532663579,-9.065440189804331,14.185508623880404,0.5754620433137714,0.7513865462175403,108400.99888146861,52448.39251683429
E14001391,North East Derbyshire,East Midlands,-8.6932011199954,7.1715021716008405,0.5860130882944049,0.38008271749400663,-6.788258934265637,7.20387324165392,0.4408759318610705,0.36232488644632777,97879.82666049837,46308.22705988855
E14001392,North East Hampshire,South East,-30.587865703115842,89.27030724417358,1.110228679501215,2.6219336957447443,-29.468519045305328,89.47850295051478,1.0408544690767572,2.6298004682281935,102891.6839089694,54971.63949805472
E14001393,North East Hertfordshire,Eastern,-19.265978296257323,33.290176971484186,0.8805029443840298,1.1163445924752045,-18.073109461053463,33.476661523516725,0.7982807095104734,1.1163511431817161,109233.97251822025,57559.49220421052
E14001394,North East Somerset and Hanham,South West,-11.001290127740784,13.968540059329326,0.6959429419816086,0.7373513070465543,-9.808494614333629,13.983889460762471,0.6071203430076653,0.7270041658108815,97408.7463601478,46903.74751472677
E14001395,North Herefordshire,West Midlands,-8.685239929852283,7.59384820486116,0.6651433800088982,0.5540535853519866,-7.2257951927137425,7.551521182766539,0.539995157523552,0.5373084327925337,96556.607610092,41826.119578261336
E14001396,North Norfolk,Eastern,-7.068280739846825,5.516491286172828,0.64009351410576,0.6045150110384843,-5.870090398450326,5.193255709487012,0.5215012801081993,0.570799069128335,90550.84611372839,35875.16843707499
E14001397,North Northumberland,North East,-5.841691090100228,3.5478629270238216,0.5242328030109438,0.3186642538674778,-4.7764146513389285,3.485915840380536,0.4161366222309411,0.2805054379406479,95016.26635190268,37242.38228979237
E14001398,North Shropshire,West Midlands,-6.8668206728239785,5.006447317752394,0.47110066411074947,0.30054071031962193,-5.753479058104772,5.176463613074352,0.37948183930569357,0.29129274024582424,106848.38116713369,51027.03376710263
E14001399,North Somerset,South West,-15.375998907530994,19.498203638214957,0.8510744725981372,1.0679372167141246,-14.01474364081389,19.481581732307774,0.755531574417984,1.0484570334983896,98298.66926627533,51260.975678186274
E14001400,North Warwickshire and Bedworth,West Midlands,-8.454409985719245,9.07037164563549,0.6096175531823066,0.5192337536489098,-7.2704846164200605,9.021146211295829,0.5096936668203531,0.5049306087683841,99819.92486249827,45373.780365471335
E14001401,North West Cambridgeshire,Eastern,-13.627715448866098,20.44151589133016,0.7446704437795779,0.7787127054224126,-12.388557786178632,20.673260514935045,0.6557110836801437,0.7858340614315711,113810.24525494108,55676.877939321006
E14001402,North West Essex,Eastern,-30.171732936905016,81.35659563501139,1.2439614673119581,2.597707177773816,-28.975529285086406,81.57025509839352,1.1631070522470162,2.6042187199238946,109880.20814864662,55024.57205997026
E14001403,North West Hampshire,South East,-21.69576666270732,44.86518723064647,0.9512020586710774,1.4423732326837293,-20.42885369062144,45.068710427591064,0.8677032320193053,1.4438712523147177,110795.03261490379,58451.13517535247
E14001404,North West Leicestershire,East Midlands,-13.700098933137525,21.347659600592042,0.808314569066984,0.9553937463019749,-12.08944236429485,21.479240746830328,0.6906450738827259,0.9526982858212211,104290.17890477285,53306.11668211277
E14001405,North West Norfolk,Eastern,-7.862376152570948,7.35373921443946,0.6653299923687912,0.7345917813599978,-6.632409559324062,7.355847969545608,0.5559599149654677,0.7344744707245996,106105.25668769474,45038.99309676476
E14001406,Northampton North,East Midlands,-9.896552052643601,13.1553849219966,0.6809839029648339,1.064180678582941,-8.755062321861514,12.818472348546413,0.5936287643231479,1.042439241633749,127849.93603272323,67012.87835526047
E14001407,Northampton South,East Midlands,-12.201259931727426,16.664151945430124,0.7352455340773595,1.0015695190894287,-11.064429186433594,16.51271388956781,0.6590008236329339,0.9824759941479615,113421.18668172849,59156.38998063715
E14001408,Norwich North,Eastern,-8.672538830844779,7.835378257841267,0.6204570445764086,0.6314566928504786,-7.410937342513262,7.800411065729494,0.5243350635717433,0.6282665717657776,100038.29550558954,49464.99370436056
E14001409,Norwich South,Eastern,-6.351430733983048,5.385791095871924,0.5059159126703557,0.5229546232400546,-5.320847522153419,4.963318110573118,0.40799485956199294,0.48282525641912716,108877.84395962929,48910.03652317396
E14001410,Nottingham East,East Midlands,-4.609843045199195,8.789300244623195,0.6654171138228065,1.828594674769637,-2.2736475778134873,0.9835463656329385,0.21489908347570244,0.11713913714945348,137468.8418155497,51007.658485576874
E14001411,Nottingham North and Kimberley,East Midlands,-5.966268956940594,7.242693565457352,0.6642925100653184,1.2954228048520802,-3.566296480315857,1.7112352095913024,0.29645501459263046,0.18426670138283344,116414.45516666066,49825.348529100476
E14001412,Nottingham South,East Midlands,-3.8311991483966716,4.500884139053098,0.4277429013392388,0.7232425012030871,-2.694530943922405,1.5711724298585235,0.23902848426102746,0.12966893675252672,122160.15261229969,45014.18974936611
E14001413,Nuneaton,West Midlands,-9.126246070121207,9.996745907819932,0.5792244648303299,0.5328354104015006,-7.889636658172665,10.2250460779747,0.48692337159923654,0.5428204873577377,104247.83055335857,51820.7311521856
E14001414,Old Bexley and Sidcup,London,-19.940250929108913,37.858809997454316,0.959201293366899,1.364336057485277,-18.807431391236012,38.11481865287927,0.8828730751615034,1.3757801671120922,104021.24339792307,51325.45274951211
E14001415,Oldham East and Saddleworth,North West,-5.716696950838324,3.1142476175893754,0.4861450268095033,0.28161775469306566,-4.812870856764386,3.0665382346953995,0.40038758356724724,0.2749745168595321,112149.84055932544,44726.72934462022
E14001416,"Oldham West, Chadderton and Royton",North West,-5.273207721465043,6.584952324429857,0.669560954698921,1.310551272646915,-3.1803218281377164,1.4493864207378504,0.3131325774747036,0.21240636458561254,117900.7846768969,45773.78180581384
E14001417,Orpington,London,-33.227147465855694,109.34024549029188,1.3179507933102887,3.6845846878031363,-32.2935644421501,109.46027178100931,1.2525387988882506,3.685148051936906,100822.78599351701,46903.845888313816
E14001418,Ossett and Denby Dale,Yorkshire and the Humber,-7.025684906008652,5.4074826237679545,0.5363442921491066,0.4268944114663508,-5.959212754979921,5.271497456061774,0.43790763392888465,0.40771976570383067,102076.65897087938,46034.36474961895
E14001419,Oxford East,South East,-6.601303828943533,6.682196007668296,0.43377678785691104,0.5180908322953544,-5.978246285558152,6.373130347826505,0.38642196422198705,0.49669226213462037,115161.05381115504,53859.804934271335
E14001420,Oxford West and Abingdon,South East,-24.866596633460393,70.86381357750527,1.0555902333843408,2.2815854258923243,-23.961290754376215,70.99092312885273,0.9945276620654205,2.283774162082045,111293.37606663391,55386.41797731272
E14001421,Peckham,London,-15.39390628590247,23.763122438014843,0.7488369692923622,0.8868536545516066,-14.254077366362154,23.90828577168206,0.6774657544387491,0.8842707575689402,122845.54350618718,64698.87706377859
E14001422,Pendle and Clitheroe,North West,-5.825477158412906,3.355051807589614,0.4735310703389759,0.30545248893384064,-4.823022951474039,3.3524913167159918,0.3828138758821223,0.2963891862553518,110778.15716550939,48849.67551433909
E14001423,Penistone and Stocksbridge,Yorkshire and the Humber,-14.706248223738609,27.015558312475548,0.8324253601391227,1.155271404693983,-12.823013126034699,27.46460448227086,0.680210552793565,1.1723900630576163,93118.52442178255,43118.89037771597
E14001424,Penrith and Solway,North West,-8.616466605268275,8.114266326938413,0.6128813608278456,0.46057727217121697,-7.266594486094244,8.241824461594394,0.4931872133906694,0.4376224931360791,100077.07775601037,45147.27746582009
E14001425,Peterborough,Eastern,-6.36547485270145,6.694159705029868,0.5408593190243827,0.6547580047528712,-5.4966811641702655,6.626786827210969,0.45845260937462307,0.6533567453337098,129438.13457613916,58984.3126151589
E14001426,Plymouth Moor View,South West,-5.459798615095791,2.567512364661583,0.45907540407612724,0.2885548249918725,-4.259067689534621,2.2504391911055888,0.34437376578518786,0.24491917748191275,105257.2427943695,47097.69299207369
E14001427,Plymouth Sutton and Devonport,South West,-6.820023014710924,7.4901365433974085,0.6714088888087084,1.0728744395453522,-4.8474867379717095,4.731537537787286,0.3960526651484444,0.46897570396802424,114893.55553178627,52828.24655155877
E14001428,"Pontefract, Castleford and Knottingley",Yorkshire and the Humber,-7.504830738608338,5.683608765593109,0.48719124997081187,0.3169040591898631,-6.238186750470165,5.7382658405961555,0.39062028972155777,0.31348645374823064,104339.68163620512,53654.77279827795
E14001429,Poole,South West,-13.376837492876998,19.24947131975898,0.7754644401411013,0.8695204886831331,-11.40970148906377,19.619271379920136,0.6349239409765682,0.8874366869632908,101199.93590382236,47552.36543770302
E14001430,Poplar and Limehouse,London,-17.789497208304798,36.7277858575114,0.7985743312517395,1.2327312213992865,-16.87793283408052,36.857883153895976,0.7440682739038855,1.2337368114807357,161369.6887838324,83711.91953719468
E14001431,Portsmouth North,South East,-7.822947557411619,7.0885784357665,0.5487124665284605,0.5452895949458927,-6.771823600683132,7.04063479114627,0.47142116013835206,0.5398785001573011,105429.62509618203,51370.70039248004
E14001432,Portsmouth South,South East,-5.778570479966852,8.543064384319736,0.6318123108556881,1.3814277220441527,-3.628793841844402,2.106071798212302,0.2880544071075073,0.1814091358570902,121365.85606359567,50755.76074377156
E14001433,Preston,North West,-7.644927292054959,10.665219933794484,0.8299980982199784,1.7302876471081514,-4.7370809811429115,4.458839984123855,0.38870431785112025,0.4260623675299746,123198.02531968657,56427.03205159874
E14001434,Putney,London,-25.107583203058105,71.87217209905009,0.8068391413884355,2.0051278664923218,-24.221147725001963,71.99316380109488,0.7589431527716917,2.0069113939271466,120096.89048626676,67656.14857093613
E14001435,Queen's Park and Maida Vale,London,-15.512049136052497,26.806642347549847,0.8165514903141462,1.3267056306738567,-14.70488265399921,26.74047503584504,0.7534569105578238,1.3112732145467438,158445.15257981978,62906.62586999876
E14001436,Rawmarsh and Conisbrough,Yorkshire and the Humber,-7.405472427464756,5.415943341984915,0.5692515371602686,0.39471386107916795,-6.183311932910285,5.250510886447147,0.4587690843684829,0.36827345855717775,99968.67975861806,44709.967301719866
E14001437,Rayleigh and Wickford,Eastern,-14.961703793693752,25.027801928051858,0.7346045751590251,0.8600459637599907,-13.815413616501313,25.27719721132303,0.6522851259783857,0.8699217361949594,103079.1050782627,51948.21778494816
E14001438,Reading Central,South East,-25.236273684810048,51.09564906978412,1.1110405429348975,1.722028990716709,-24.049648366018754,51.30284181870947,1.0387813862847473,1.724087482156096,114292.10297244048,60786.35525544433
E14001439,Reading West and Mid Berkshire,South East,-16.68111911665085,25.35128558092208,0.772949076984477,0.8827358573219696,-15.662955578402665,25.550471586925955,0.7066866130686071,0.8857390140456587,95508.62235973724,49543.66241595907
E14001440,Redcar,North East,-5.610407793111466,2.2970463749169756,0.47545521923397394,0.2312823130633312,-4.411162822517529,2.0927436448906134,0.36373135401634615,0.21089523263102758,100190.49535537604,41551.723914795046
E14001441,Redditch,West Midlands,-11.12247887329762,11.991493145504347,0.6883660431653953,0.6424461151343868,-9.635533745382535,12.122359405152222,0.568601186203427,0.6198116840245579,104321.09013750267,54684.73480563651
E14001442,Reigate,South East,-28.98940267046669,86.62456605880635,1.120245564602486,2.6979520335305,-28.0416319020341,86.7371918065352,1.0589058179188888,2.6965998454616926,111588.52757840985,56605.96384458075
E14001443,Ribble Valley,North West,-11.049838106185812,12.532152427821046,0.671401357725939,0.6110541716365192,-9.460522805123908,12.770442381772117,0.5525547623552515,0.6095513920197241,100120.3852060895,51327.84609400876
E14001444,Richmond and Northallerton,Yorkshire and the Humber,-8.796743777572987,6.338072405538412,0.6287901136938163,0.4241212919970859,-6.829404871032201,6.164067399441393,0.4756414785005765,0.4007162465001979,101759.59529489919,45916.39547981939
E14001445,Richmond Park,London,-32.45103463041661,98.14030778802092,1.1898070586032974,3.20546122654259,-31.521070854835067,98.26900124742703,1.1297251328987472,3.2079061154317356,128200.2925871455,61459.322999890384
E14001446,Rochdale,North West,-4.98409593969807,5.645181712848973,0.6346360546271169,1.1624726162617955,-3.1948228403236207,2.1390672805580344,0.3101807638731716,0.1907996627202994,112136.97884221656,39649.61531832815
E14001447,Rochester and Strood,South East,-12.95781716461587,17.65939820018757,0.7572971708164357,0.8529811775541113,-11.816615249075786,17.818964559921483,0.6758445689686909,0.8521415775383508,105520.7102958289,49215.61888253451
E14001448,Romford,London,-10.017899378123184,9.708519579489499,0.6630545463622839,0.6932912719898197,-8.96272016303528,9.647139461372193,0.5873158155683794,0.6802862923011017,112067.82743313308,52495.87169509814
E14001449,Romsey and Southampton North,South East,-23.02031278575938,55.343030579862614,1.0648554755383526,1.9010412779471624,-21.701347159665815,55.59360298698479,0.9681723049133193,1.911809969363332,103466.44438182551,49021.28710205019
E14001450,Rossendale and Darwen,North West,-8.602527578057748,7.722375603346879,0.6120521236890083,0.5342325737403754,-7.384614349704009,7.814999437196436,0.5153988436903106,0.5336855947104103,105719.08993799276,49653.13840681667
E14001451,Rother Valley,Yorkshire and the Humber,-8.645919539596983,7.632381583247839,0.6125344491552566,0.44517079298609913,-7.389127540698754,7.46974345739173,0.5082386871619945,0.41405729661347845,93295.6016013711,42079.47769130462
E14001452,Rotherham,Yorkshire and the Humber,-5.892771074724479,5.1785011031618895,0.5725067696931048,0.7708550366685458,-4.206930507228401,3.4094160603699692,0.3317296678379665,0.22793104530554797,117511.6520362836,49807.31821199184
E14001453,Rugby,West Midlands,-11.230668869277462,13.88448830923989,0.5671543749795906,0.5456693220404252,-10.184851158586245,14.07777409994172,0.4998074203285506,0.5499532423533879,112965.30251377824,61275.59721581362
E14001454,"Ruislip, Northwood and Pinner",London,-26.396078567030735,77.40049495632148,1.0482660826423382,2.463650452494864,-25.456882093753052,77.53002827640388,0.9860521888022517,2.465062719293718,102733.1786348953,51032.659244331466
E14001455,Runcorn and Helsby,North West,-10.529610850496178,9.934368115386723,0.7232061389719048,0.6242304548720299,-8.886504048443951,10.078662839827379,0.5967847519583014,0.6257180501043532,95193.69502770057,44750.439609060035
E14001456,Runnymede and Weybridge,South East,-24.632451306076316,66.1206194529331,0.9340031446131627,2.025213230090946,-23.727618200415243,66.25807742975245,0.8774683687291122,2.028735575834398,112343.67350621184,57716.51284021151
E14001457,Rushcliffe,East Midlands,-21.443486302601613,54.16150293048044,0.8888955602474728,1.7481939564140379,-20.432201179993697,54.34806056001413,0.8196565199197183,1.755052201720748,106264.4674558955,53004.5869676953
E14001458,Rutland and Stamford,East Midlands,-12.756368995987065,20.341208228563385,0.7910222991391171,1.0067746306600012,-11.436859577749143,20.320359434044544,0.684849956367142,0.9901434183575043,98193.73178804212,45964.13720140942
E14001459,Salford,North West,-10.886286559248953,18.236898879508388,0.7686943670664519,1.4784385121621773,-9.682018814442955,18.274279509996425,0.677961585011432,1.483735903346524,125259.78171743774,64383.899358514755
E14001460,Salisbury,South West,-14.369926630932378,20.24732934041692,0.7827298900571169,0.8687545980874619,-12.778178411842282,20.59747271100997,0.6712119404490683,0.8841413557342424,95681.86258883413,47383.65042254505
E14001461,Scarborough and Whitby,Yorkshire and the Humber,-5.3232892007578165,3.079684074892433,0.5003403684858312,0.3287621819386192,-4.354484970661799,2.938337029495042,0.39706604557882297,0.2845819123036489,101489.16627253499,38943.14415813323
E14001462,Scunthorpe,Yorkshire and the Humber,-9.315581143646753,12.383990669058514,0.6309789936141484,0.7691407803798769,-8.143621921375871,12.617264388246245,0.5382642772978945,0.7831759963954307,111522.3509253128,54092.405836385
E14001463,Sefton Central,North West,-12.662987518728208,15.71001088754582,0.7831832217785519,0.7912550679321645,-10.75804242164593,15.88795041468485,0.6418546103293684,0.7899345103082561,91432.22952227017,42757.248391211244
E14001464,Selby,Yorkshire and the Humber,-20.016454486209547,50.98794585727337,0.9019462593339618,1.6382196652187175,-18.741990491467153,51.226314624627065,0.8084067422289094,1.6488774095634198,106115.12143176384,52239.9943417836
E14001465,Sevenoaks,South East,-35.81587986772341,117.98212258733301,1.3344284303613487,3.747307562004504,-34.81415093351468,118.15025204001118,1.26709322923653,3.7538255836459555,105354.85463776065,51969.56133356174
E14001466,Sheffield Brightside and Hillsborough,Yorkshire and the Humber,-4.7447864271597044,5.181255025566086,0.5678301674388866,1.0079284819514662,-2.968165382205187,1.2295539133276678,0.2777321961658385,0.15133816599507358,120988.35023326702,47685.14898634741
E14001467,Sheffield Central,Yorkshire and the Humber,-4.72324889510389,6.482482394132684,0.5050460457130495,0.8599404199704799,-3.625820925558666,3.9742789047273783,0.3227653167419143,0.3907002513326699,115992.53907605044,42698.708089374224
E14001468,Sheffield Hallam,Yorkshire and the Humber,-17.61477978414037,48.444666047593486,0.8204718515121104,1.7444729929177938,-16.766420269834164,48.58707203779095,0.7549864108835325,1.7495073475452205,101997.74179259944,45131.74741131954
E14001469,Sheffield Heeley,Yorkshire and the Humber,-5.117203830745458,4.7833115811198,0.5198519589223175,0.7711406418973824,-3.5411489706256702,2.0034445103096314,0.2952702312208676,0.2141401535734123,115618.40109734524,49695.24842173826
E14001470,Sheffield South East,Yorkshire and the Humber,-4.83522551916785,2.4537330660100802,0.44613718129682073,0.2869427159093227,-3.9033555973628773,2.297102123502191,0.351166669698577,0.2695690997315264,110752.29200186562,44668.73407587572
E14001471,Sherwood Forest,East Midlands,-10.188596382212253,15.846212779192676,0.7063456180742607,0.8560176690684589,-9.131969807102015,15.906911008247715,0.6169236550934064,0.8535187702754671,108212.70763923481,48312.385554419336
E14001472,Shipley,Yorkshire and the Humber,-10.192311574868356,11.808735831835882,0.7060742266902145,0.6819434373863099,-8.899436575765554,11.705240026373978,0.5986912983275976,0.6603069274001995,99063.0837968708,44939.453998848956
E14001473,Shrewsbury,West Midlands,-11.892476916658325,16.213920304935566,0.7305714732602894,0.7973746524896808,-10.591795605940874,16.318424331503792,0.6235523032627583,0.7848678601786886,105010.05713279612,53344.29353636096
E14001474,Sittingbourne and Sheppey,South East,-10.401791883384458,14.40311247112271,0.7862249142478017,1.1899428492546553,-9.403695719921622,14.045029086636218,0.6976228967204058,1.160628481221355,117730.21564857986,52052.15219196066
E14001475,Skipton and Ripon,Yorkshire and the Humber,-10.719730507486236,11.551207038742598,0.7427456696293151,0.7732598872653262,-9.460159842451485,11.456469151727473,0.638026838702372,0.7551942134549118,101818.06671121684,44845.028366224986
E14001476,Sleaford and North Hykeham,East Midlands,-12.03284134242924,15.803966885439529,0.778303764356177,0.8492487573684168,-10.42178238642103,15.918402826026776,0.6552607986735051,0.8444321882160006,99388.12548749708,47303.40779699854
E14001477,Slough,South East,-9.054926672669927,9.181039001185889,0.648266886696678,0.7369100733758776,-7.80712648540172,8.64879981418232,0.5445317770801882,0.6979112376229507,135485.29632385905,63079.83635872819
E14001478,Smethwick,West Midlands,-5.890565826720229,4.393242488355764,0.5324307625124726,0.48899725630156626,-4.70840887428584,4.065546548021039,0.3944747654196424,0.40991550246304514,118794.69863714595,51629.853935478124
E14001479,Solihull West and Shirley,West Midlands,-14.321182922399725,19.245688714461007,0.7936832998203969,0.8920093940495498,-13.004666113529339,19.246946585178247,0.6993743487012691,0.873943082765337,97501.49676033351,47846.99614505375
E14001480,South Basildon and East Thurrock,Eastern,-13.010669833150686,20.961267838255015,0.8245195791990889,1.1669091304241352,-11.869892885140468,20.913421121611393,0.7370271557032396,1.1524960017363592,104625.34250401145,50391.44752450823
E14001481,South Cambridgeshire,Eastern,-26.528265034698915,57.278114557458466,1.0547786505578998,1.7992057341010421,-25.379604588766522,57.48343235313281,0.9841624747953087,1.8020509501404027,104718.11055081798,56740.400571066
E14001482,South Cotswolds,South West,-15.726457885224765,22.911376867316065,0.8661352424616557,1.0141836382071627,-14.461176093246035,23.062282034580118,0.7676931926811343,1.0073502882068421,97719.99321324198,45841.43442560121
E14001483,South Derbyshire,East Midlands,-10.90183982855467,10.829740696916103,0.6848424751054104,0.6292563461523885,-9.627813968189525,10.866823598719224,0.5942839412546391,0.6212237567480742,104624.07513890398,52768.93442496915
E14001484,South Devon,South West,-5.491634295965692,2.8720729584134275,0.5041183623701899,0.34946787042628674,-4.53152301577921,2.531346625967032,0.4012173621617522,0.2869241561828905,92850.62213849308,36204.79566010651
E14001485,South Dorset,South West,-6.897098622561321,6.158302254708465,0.5930785817550407,0.619588145280949,-5.879787958826783,5.9482522284826755,0.49636495341027576,0.5956797343405542,102354.37317667896,42790.845843369716
E14001486,South East Cornwall,South West,-6.149076488789058,4.038374946023762,0.5188118687162162,0.37562310897152096,-5.163074015393207,3.785690100567552,0.4237550206276194,0.33667919028391546,95754.7578961249,40027.509533491815
E14001487,South Holland and The Deepings,East Midlands,-11.50489848055147,14.684368746257,0.7146455938460985,0.7526659947157498,-10.258147827876789,14.82211824361474,0.6201440171924916,0.7528445790799925,113369.53660042034,57351.9022384816
E14001488,South Leicestershire,East Midlands,-10.045072706854095,10.093846413384991,0.6320988077406424,0.5582269698809772,-8.560479431954226,9.550563202305105,0.5210503899150629,0.5022575536633964,105116.77275163174,52862.50470597413
E14001489,South Norfolk,Eastern,-11.195594463904678,14.42373944669235,0.7737118150173318,0.8206171854996032,-9.824455038002023,14.402809854143575,0.6579157931287873,0.8008895371143164,95119.97766138156,42743.13096367986
E14001490,South Northamptonshire,East Midlands,-19.821692704408832,35.61377366149854,0.9123412742850394,1.2291029907483033,-18.380698356436827,35.76870919052748,0.8202002087081832,1.219126003165411,101521.14333819784,53055.89850038702
E14001491,South Ribble,North West,-13.333425922722563,26.44734299163014,0.7870699006158145,1.1859344881665017,-11.854083756897102,26.63231395607431,0.6765211298656656,1.1925380528016267,99087.36080385245,48125.32039277202
E14001492,South Shields,North East,-6.165186533910521,3.8501990952405567,0.5479972851947836,0.39594081097405315,-5.146589950020162,3.798728901833859,0.4423436874525655,0.38943627262263414,97651.45787780921,39461.28378554725
E14001493,South Shropshire,West Midlands,-9.364132656062043,11.884932527053909,0.6366267441633882,0.5870410401338372,-8.254529076618706,12.066548092942288,0.5375276702140498,0.5889307154903571,100711.76590252391,44079.554202306244
E14001494,South Suffolk,Eastern,-11.159213905766023,13.749634262128398,0.7142751528981574,0.8083347194518262,-9.892199451863423,13.853819853132439,0.6154644072571749,0.8045247079820608,97491.48598465452,45891.177811512825
E14001495,South West Devon,South West,-10.144187460301529,9.36978372145666,0.6296191791478332,0.5411302069408784,-8.584394834186599,9.342882281529631,0.5176392018726241,0.5226995131988975,98254.41532040393,51027.29963765075
E14001496,South West Hertfordshire,Eastern,-27.750336239899543,71.75641441901601,1.1354314595528907,2.288979498786905,-26.52650834910534,71.96271268953727,1.0556114187383767,2.293322619439626,103470.56688079232,52050.65942793546
E14001497,South West Norfolk,Eastern,-9.527335142846118,12.85003476740362,0.7479844066564018,1.0467785729552193,-8.326698211209127,12.579115983957719,0.6366794204426517,1.0212781578024512,108156.39717720418,46769.622808306056
E14001498,South West Wiltshire,South West,-9.738871106956433,9.232676945280607,0.637105930574129,0.6421096494228188,-8.375213344416329,8.965967150871514,0.5311038098738812,0.6060246620067086,100541.82937980231,51486.93456983793
E14001499,Southampton Itchen,South East,-7.3236644769241765,8.212904938535548,0.6446716528727323,0.894216374270535,-5.533445352746523,7.184264011586201,0.43044860143186725,0.693308654790593,114138.9553185909,53044.60731861729
E14001500,Southampton Test,South East,-7.123591229647332,8.187801875534207,0.6308741641584298,0.9149851466268588,-5.3538455795410265,6.9521839049245795,0.4133343179724073,0.6553482537670048,121005.7007271843,57945.80142129502
E14001501,Southend East and Rochford,Eastern,-11.729591068603481,14.999102627211437,0.7938801825591366,0.8366279566465613,-10.348379850257695,15.203016120939587,0.6857547858142335,0.8438805718390103,103248.09405475616,44460.78123864866
E14001502,Southend West and Leigh,Eastern,-13.312636483148527,17.921017736016537,0.81910586710005,1.0004703432141941,-12.297704838688528,17.839945488076676,0.7441580747144385,0.9734259892709574,110404.82056638323,50274.823313265515
E14001503,Southgate and Wood Green,London,-19.785688404082272,40.603352111827895,1.0521579044276603,1.8435170279156647,-18.80133629426316,40.662159256789565,0.9841604457376318,1.8341562549899546,134579.99612490652,63137.4517037722
E14001504,Southport,North West,-9.837223694542514,12.802160303125923,0.6634472516323491,0.6661050682743268,-8.40862177144153,12.428479961135906,0.5424506103337788,0.617036926890952,96761.77333479527,46251.29859975455
E14001505,Spelthorne,South East,-16.87243793695394,26.611125344378173,0.8337843306266495,1.016063945884491,-15.696063951841154,26.85747794033236,0.7561456182839381,1.023079675193748,103783.11206303535,52753.33343277246
E14001506,Spen Valley,Yorkshire and the Humber,-4.604864927056881,2.091148692217974,0.43578118376379205,0.2761667048138956,-3.535929833841368,1.4966699606972906,0.3100162419060623,0.15674235120166918,102943.23666578734,41403.92761579067
E14001507,St Albans,Eastern,-29.97762561827352,84.51800660669836,1.1185670377840844,2.5628675495092277,-28.936492071850772,84.70172806131325,1.0549474228618216,2.5683717461363518,107580.05848273833,55924.34917687971
E14001508,St Austell and Newquay,South West,-5.87070490104499,4.829054715292,0.5010862314656281,0.4728123794005342,-4.8580280309866435,4.528138471715149,0.4061411152417018,0.4489009236764555,102725.70489983287,43946.989579082685
E14001509,St Helens North,North West,-7.429247580728566,6.23376160749991,0.5649476664649562,0.44983346228755844,-6.207242658343134,5.993268623942837,0.4514754034814724,0.4302542809401623,107583.83870673456,49375.96604804754
E14001510,St Helens South and Whiston,North West,-8.346564232194298,7.768891015577366,0.586706825815003,0.5199208426350863,-7.019591462458585,7.84991679954489,0.48514063601363844,0.5241818134626256,100267.31866472244,47850.39178250377
E14001511,St Ives,South West,-5.84832317576856,4.677658951357243,0.5419240393091267,0.4481437418588129,-4.952694011548503,4.359434261185302,0.44576702786200173,0.40688457306592263,92896.87791425842,35862.01864433431
E14001512,St Neots and Mid Cambridgeshire,Eastern,-26.64942091682145,60.64686848752706,1.113328571757415,1.867939804910468,-25.498344965602968,60.85969473937072,1.0385019270717302,1.8737048137642884,108098.22705403068,57231.45338402959
E14001513,Stafford,West Midlands,-10.457575637307071,11.542817996833213,0.7062979283621132,0.6848147141490845,-9.102334158418348,11.386708524779197,0.5979679332100065,0.6635685666036267,101148.29437990898,48793.080673342076
E14001514,Staffordshire Moorlands,West Midlands,-11.397741348784162,14.53761382638487,0.7451317048172759,0.782041641401611,-9.878052935877935,14.589858223235044,0.6266477312794045,0.769452784662759,92784.1849577557,44174.89800077081
E14001515,Stalybridge and Hyde,North West,-8.58758740467791,8.209550406990314,0.57874427756612,0.4669098610427477,-7.210151913634999,8.296655331063377,0.4724540501978732,0.4617334121846769,102792.04383487822,50799.42537056573
E14001516,Stevenage,Eastern,-16.008273925270213,26.390337663638146,0.8870413994334738,1.2115578067555033,-14.913446320465386,26.487313187863677,0.8145637353880835,1.2085111709737857,104063.93076178452,53249.39098193527
E14001517,Stockport,North West,-12.907641542467696,23.178574260539555,0.7777832937858673,1.0962024899983538,-11.719344872914967,23.08450844370284,0.6865968765101925,1.0801168032723334,111904.37892189127,56634.89789536094
E14001518,Stockton North,North East,-6.279190386965609,3.8512563200959815,0.5149364022605802,0.3437286857409809,-5.178718066690034,3.8111360680037234,0.409477720490201,0.33967293500930607,102812.61547011696,45270.43422509176
E14001519,Stockton West,North East,-8.736215198731054,7.890427703132517,0.6050229589980763,0.4465206441960323,-7.4006565260396995,7.555008534759207,0.49218490944612076,0.40739635918202977,97006.74588872264,45417.05676772649
E14001520,Stoke-on-Trent Central,West Midlands,-5.848463849370238,5.5594955901083365,0.6074655090159734,0.8908090883022614,-4.101580809639887,3.396860538835807,0.35365408336396464,0.35631914788403624,116163.41439139703,49598.95682885967
E14001521,Stoke-on-Trent North,West Midlands,-5.6076018278610205,4.15395705469917,0.5647002258066689,0.6292845391055568,-4.02626485149595,2.7017344224978297,0.3535949386199028,0.2889461279847787,107110.82676814409,47151.351524063946
E14001522,Stoke-on-Trent South,West Midlands,-6.95908367749618,5.807353976699677,0.5249358668902916,0.48208286058409755,-5.795992655182117,5.115241400101903,0.4257152016895274,0.4329602381060467,98454.70038722293,45094.69898844113
E14001523,"Stone, Great Wyrley and Penkridge",West Midlands,-11.42387975176314,15.001345754919313,0.71725681166664,0.7702421055217381,-10.028438994027136,15.025591988703184,0.6164798987088764,0.7619095088485748,98516.45832177126,47185.26372386774
E14001524,Stourbridge,West Midlands,-7.7218975693230405,6.514070637156564,0.5756290468712646,0.44026513619398017,-6.413047173475458,6.16192982411691,0.46067072839196965,0.4047992570155433,98640.9240579354,44841.012947036856
E14001525,Stratford and Bow,London,-8.880763201355792,9.017271610982325,0.6431755487144274,0.8257431247238004,-7.628374036216461,8.711830535834402,0.5318832694835802,0.7916484547401684,140464.8974310067,65458.391702073415
E14001526,Stratford-on-Avon,West Midlands,-15.57296964621689,25.561011617173893,0.8092312856784915,0.9219486839220796,-14.342749579339849,25.840403222662186,0.713826394975426,0.9342461712549921,97882.49740201607,45879.76451616761
E14001527,Streatham and Croydon North,London,-15.180795159621587,17.302376162546654,0.8094318477450152,0.8793293862756815,-14.00445441577555,17.464714062130337,0.7347269457102082,0.8794726555348621,130600.14115060499,67357.99311947264
E14001528,Stretford and Urmston,North West,-9.464856505012323,10.505174652448174,0.6108383603347547,0.5993003799606291,-8.316685982883438,10.422276665809408,0.5199243469871756,0.5889808974341711,104856.38894519172,51878.578205352926
E14001529,Stroud,South West,-11.460782372443033,13.708863953257111,0.7681201264326483,0.9227019726253962,-10.012308513421763,13.795404616062442,0.6577880108168288,0.918110026892111,99528.84572415518,45209.09460065073
E14001530,Suffolk Coastal,Eastern,-11.062503408892995,14.495395743851933,0.8147503346406128,1.1385819020947334,-9.88131082119675,14.44625028446957,0.7172392330770094,1.1258949995830068,96050.99773253575,40551.21361172141
E14001531,Sunderland Central,North East,-6.314674639771563,5.266674764737884,0.6264887819978945,0.8426660683876643,-4.419772154232885,2.7952994610707367,0.3666514585219892,0.3032513977491772,108982.87808398402,48179.880791232776
E14001532,Surrey Heath,South East,-27.028667618242753,58.79653345318726,1.1879142108619667,2.0234936198920197,-25.857440667234943,58.989026587177484,1.1105031614162102,2.024410685657179,100772.1018210361,50378.89428373199
E14001533,Sussex Weald,South East,-13.66686357916359,17.211962692397037,0.9300823689236433,1.245541079495796,-12.380279910537329,17.299713865621726,0.8219827432351019,1.2390878603889708,95729.50092822754,40737.119280779225
E14001534,Sutton and Cheam,London,-27.157586606911178,62.386844900726615,1.219098068693824,2.1174710820284015,-25.940695377768606,62.617671371583064,1.1397246288770349,2.1223445046789027,109442.73915824029,54155.038165210455
E14001535,Sutton Coldfield,West Midlands,-18.11187444213177,30.55164218489294,0.9539086744009586,1.3773956422868265,-16.813422846501002,30.64645928359189,0.8586678314464349,1.3695624188867606,95520.79998484526,48339.99916463036
E14001536,Swindon North,South West,-15.585415008264771,28.806178744878775,0.7966732685945365,1.153102119037137,-14.18869325970113,29.004781238371635,0.7018953331628425,1.1573660165088895,106535.98897956868,57579.07273589575
E14001537,Swindon South,South West,-13.257893183850936,18.575288242197924,0.8083629061772759,1.0987962795989863,-11.965957245148683,18.265645944146637,0.7156685037523951,1.0660189700692153,120399.16344942602,63393.77233456282
E14001538,Tamworth,West Midlands,-10.71578763100571,17.6175621072562,0.6484145217578725,0.7962572704355559,-9.546012848198082,17.610668330044458,0.557691083378817,0.7842817637696609,103423.8680732408,50463.71473713168
E14001539,Tatton,North West,-26.626785169427393,76.11297621057183,1.0375276231108432,2.3380964328790643,-25.571080024675787,76.27653662292005,0.9692086475025565,2.3418175175208953,98654.6044179839,50750.297144387
E14001540,Taunton and Wellington,South West,-10.299720611320113,12.357644746489392,0.721222882042974,0.9777492331140369,-9.072009653992524,11.983944890960519,0.6179693867075974,0.9475422932075142,109827.45086616628,54282.09814202121
E14001541,Telford,West Midlands,-6.1823776604968925,3.825175813231853,0.46345864930310404,0.3183289060661433,-5.089794876600367,3.4949847078176037,0.3681556025956709,0.2880397522229792,108322.4454996616,52237.15804436368
E14001542,Tewkesbury,South West,-11.123754448232614,11.957653488201483,0.6872488653917241,0.6109898683561709,-9.764503954243,12.207630293839628,0.5868714870238474,0.6201558952460356,98978.32870570806,49148.75647255266
E14001543,The Wrekin,West Midlands,-9.206385059211135,10.934420508798903,0.6268504241002437,0.702036968436703,-8.073567955665128,10.447439562129206,0.5349048009966213,0.6568755405291083,110575.78098476573,52559.57427026286
E14001544,Thirsk and Malton,Yorkshire and the Humber,-12.353633391343383,22.347279060940252,0.8405825164055397,1.2331952040315832,-11.167923089103958,22.37853543093589,0.7394010953315698,1.2264504094889757,99754.11054378812,44199.04173111297
E14001545,Thornbury and Yate,South West,-14.077300071405478,15.77752343907244,0.7860297266937628,0.7629265913341832,-12.391342518121188,16.050726183288724,0.6620828155748438,0.7569712675553878,98386.26997273492,51888.51376856092
E14001546,Thurrock,Eastern,-10.70769541559293,11.990788461707329,0.7466490407559745,0.9613587723101444,-9.67068804485656,11.731938919816166,0.6711621217003177,0.9410152026541324,132340.88674080305,64164.86236253808
E14001547,Tipton and Wednesbury,West Midlands,-5.01129459437316,2.8463400736753353,0.4576130259428692,0.348030162303345,-3.846052022495288,2.380256377887417,0.3190442327834496,0.21549103919236048,115385.56914125665,49584.72758314833
E14001548,Tiverton and Minehead,South West,-8.922609812862127,8.671977607585646,0.6761266040515347,0.6766237500963348,-7.735492810716082,8.56580493472261,0.5739443998744554,0.6593681215045208,93588.93011843323,40582.66141330209
E14001549,Tonbridge,South East,-19.5303847461524,40.36913603854342,0.9199883092648926,1.4268047184113313,-18.425400521230802,40.455723128687104,0.8443539381993158,1.415981872252582,101157.28264847485,49263.873640043465
E14001550,Tooting,London,-25.144091681946772,70.61121447371036,0.826730643980032,1.8912532094058974,-23.98295243969967,70.79793701621631,0.7666427069086846,1.8955829752879818,120022.22520298029,70534.37017115472
E14001551,Torbay,South West,-7.437573424650134,6.5850536835659055,0.5548684850017642,0.37366526894858904,-6.355244380185309,6.743459362335521,0.46131963175875546,0.3771548914289699,104972.01306274514,46548.20486772877
E14001552,Torridge and Tavistock,South West,-6.0059729521480705,4.709343993398381,0.5261475522189216,0.42653458545066353,-5.109740542475391,4.614343511785375,0.43657382896431224,0.4070665085087553,100148.60260440798,38912.57902116973
E14001553,Tottenham,London,-9.064994352402778,9.138319711197655,0.7139472649003886,0.8856364579284742,-7.436240230300905,8.739018301578948,0.537021273752386,0.7762004796872957,146497.867917645,67708.79417556722
E14001554,Truro and Falmouth,South West,-7.2892373484764,6.308359258205754,0.5662953586862209,0.5268176300885462,-6.119187775931301,5.8975616848803885,0.4585329332750299,0.4939912430131771,97017.40449281238,43084.963476942685
E14001555,Tunbridge Wells,South East,-28.801055604724677,70.7258649638303,1.26420908078304,2.361133196156341,-27.657149078265537,70.87800751729252,1.1872736112438234,2.3583318328986738,113290.41381654218,55982.362398247744
E14001556,Twickenham,London,-32.431525929242625,98.72148625299081,1.2188867033970383,3.0853735487903773,-31.373485076065833,98.880142888328,1.1527305184191827,3.088160842711185,113706.6916072061,57274.46385473113
E14001557,Tynemouth,North East,-9.842717056189123,9.019251288432358,0.6269079367080863,0.5156283120679163,-8.499337290988237,8.924773594719312,0.5216260402974965,0.48694746767124497,98446.0300157369,50267.918918413256
E14001558,Uxbridge and South Ruislip,London,-15.1110706857645,19.62334231693079,0.8889722049232921,1.1561251373015953,-14.02503478284803,19.57486578975616,0.8143467409296639,1.1374752766642515,124673.53572187905,60161.30380222753
E14001559,Vauxhall and Camberwell Green,London,-28.580898510235652,61.74670909707242,1.1892032995369177,1.9651597511768746,-27.323804994135525,61.95966672129028,1.118985387805636,1.970922266249206,114063.64142846956,65196.094562571154
E14001560,Wakefield and Rothwell,Yorkshire and the Humber,-11.410537141506335,17.164340538629034,0.6917495022269592,0.8140264893443351,-10.249333259486068,17.229960293546636,0.6076699141819807,0.8100157483354707,108554.09718678513,54509.10089389756
E14001561,Wallasey,North West,-6.7396498544500485,4.8833036098105165,0.5797151617190291,0.5129402653755993,-5.324206540838581,4.34751020186603,0.4195203190679443,0.4068151479128826,104584.13241558765,47552.10692665618
E14001562,Walsall and Bloxwich,West Midlands,-5.131056250459534,6.060737200972246,0.6306154256183505,1.1809054830394106,-3.0432688441857363,1.46537621545426,0.28842862712343775,0.18143576474702328,127815.9012284292,49499.21637470432
E14001563,Walthamstow,London,-14.95973623119365,20.868443686660992,1.008811581248831,1.5992967151233926,-13.82939000116303,20.785344462411743,0.9290501365063412,1.5905851035533396,131124.54988325574,64290.56074765332
E14001564,Warrington North,North West,-11.53116049727966,12.767741604260992,0.7316686702803059,0.8001527743405443,-10.191707685102674,12.990767015634832,0.633472721478274,0.8088097231706671,102526.84809164765,52640.907182991956
E14001565,Warrington South,North West,-15.34374924915845,21.480435367637213,0.7826265430058446,0.8922739299069015,-14.083418304894213,21.69997289248438,0.7007032570508333,0.896825992530125,104982.2399641566,56097.63767691456
E14001566,Warwick and Leamington,West Midlands,-22.79992549643673,42.60341551971757,0.9964650133018302,1.547661792228638,-21.533417612835315,42.74197268229543,0.9196173762242917,1.542712177742395,108634.38040947079,60785.31895394976
E14001567,Washington and Gateshead South,North East,-6.399679666924494,3.7164720203309667,0.48574429535042435,0.2729501984590597,-5.2018970079851545,3.780632504434102,0.3850910662475726,0.26699028035788663,100871.28746148321,45856.739849592195
E14001568,Watford,Eastern,-17.85086860682659,26.870414213500833,0.9028616241348342,1.1272261655787141,-16.71266587843713,26.97149571622081,0.8296757933091501,1.1172006047152778,111979.48579015152,57595.69651915196
E14001569,Waveney Valley,Eastern,-9.546422450897186,8.451201857068963,0.68968330041463,0.6010794440379003,-8.049129926627979,8.318205734281017,0.5709451633475393,0.5805178783540254,93342.45505864915,40981.81283416014
E14001570,Weald of Kent,South East,-12.444285985658894,14.338104127678013,0.723257582874195,0.7063338403072403,-11.031289631099375,14.488956888685408,0.6215398760465755,0.7010040634055659,95564.81771999657,46594.11833000681
E14001571,Wellingborough and Rushden,East Midlands,-7.279941488982371,6.987091600618671,0.47614483562687837,0.38669636932342094,-6.205171699396837,6.742992193867315,0.39235374033359877,0.35643821224135036,118512.87580652,60686.758994221884
E14001572,Wells and Mendip Hills,South West,-9.862830926057198,9.742815959454973,0.7194261924635169,0.7891246653116182,-8.43148225014671,9.54648737282356,0.6031426924783252,0.7679334265496973,91115.7677990584,42525.36124741568
E14001573,Welwyn Hatfield,Eastern,-13.665014775641529,18.32919609795327,0.8868458808998657,1.4270258354630276,-12.591534930156588,18.151420303717508,0.806418707779177,1.4062815966437516,121987.46288836277,55577.25471605832
E14001574,West Bromwich,West Midlands,-5.521533512293442,5.224625666032344,0.5656968149091423,0.8914643390996709,-3.6235891993888223,1.9452274117305872,0.2959494629562737,0.18127532724736578,115209.38490569335,49747.25631078751
E14001575,West Dorset,South West,-8.308169172863044,7.324258789457222,0.6430265358382301,0.6548078853475581,-7.2123824065331705,7.181074219386054,0.5452761075063189,0.6355864520866595,94266.0148273813,40636.84034328624
E14001576,West Ham and Beckton,London,-9.148127739455887,11.68758692122545,0.8060584876795748,1.2505029405649006,-7.3601509317475635,10.923653600521678,0.5811097261639446,1.0522773216871297,151482.76703090983,67120.57849386973
E14001577,West Lancashire,North West,-8.171263272734254,8.866564407118688,0.6500938118382484,0.7696838556091445,-6.967537190539582,8.341806404938664,0.5401160416745064,0.728462782120166,104649.92266062561,43913.907481063434
E14001578,West Suffolk,Eastern,-9.171697533730919,10.13033450767905,0.6632238749707863,0.7926600302669117,-8.037527008543039,9.848782080984519,0.5703639486504964,0.7695008177986906,118289.73120270032,54712.964761703006
E14001579,West Worcestershire,West Midlands,-11.792187227028753,17.23026751682755,0.8820853290120472,1.2047687926553428,-10.746385727307384,17.160460601647422,0.7885049051505599,1.1873397544723334,98257.17929848762,39590.87359694041
E14001580,Westmorland and Lonsdale,North West,-10.673919256744215,12.111126196123925,0.7023952314107067,0.7024880119416708,-9.338603443389834,12.123635602718789,0.5887266381401917,0.6788928867490179,95305.2830572042,47041.79060307309
E14001581,Weston-super-Mare,South West,-7.718673556412566,5.465388611918284,0.5666854120785358,0.39286667678065995,-6.3804023276080954,5.176868378912189,0.448089762229694,0.34586053628841573,98123.68514027586,46198.20670524875
E14001582,Wetherby and Easingwold,Yorkshire and the Humber,-11.771228706217652,12.044238662308768,0.6978582117418481,0.6069561740517998,-10.140697479140487,12.284691963947395,0.5850141799340538,0.6118270018774938,94488.01232937616,45701.91243184619
E14001583,Whitehaven and Workington,North West,-8.655267718469705,8.663802224905663,0.5851984682045865,0.43074524737809655,-7.330433714995474,8.742531952055561,0.4803725352486274,0.4260645764710518,98228.2984151088,45154.280446397184
E14001584,Widnes and Halewood,North West,-8.559962962300983,8.802502089088295,0.6071237466431512,0.48516651726354576,-7.272664363611286,8.505915935856919,0.4959405462235674,0.44992220280176753,96987.3966854564,44999.29255457029
E14001585,Wigan,North West,-8.649959441197279,8.289619236945802,0.627222010268065,0.6579704229708769,-7.4154225890774,8.243009502381806,0.5176145353676367,0.657072799993937,113276.76605794886,55385.62643078641
E14001586,Wimbledon,London,-31.532948278370903,91.83736555526752,1.0412655930117642,2.671675561228952,-30.52018317062879,92.02852325739583,0.982885212815441,2.6792717033525455,114271.11996681204,61330.25006711359
E14001587,Winchester,South East,-24.355717595091726,56.840274703486955,1.072413926367216,1.9186288941908638,-23.267959428689668,57.03347917453754,0.9975972665573248,1.9236172499010062,107897.76642239408,52125.147013311296
E14001588,Windsor,South East,-23.85242509632807,54.32775893763605,0.9430211734172891,1.6563702566544665,-22.715685588664748,54.54710876521756,0.872797151187313,1.6645199214594473,115439.60741695762,60341.369128152226
E14001589,Wirral West,North West,-10.446334210467109,8.990407047897582,0.6870071952860471,0.5012256959753645,-8.606102850178038,8.999119249131898,0.5463943626300386,0.47887090270346266,93127.267400676,43365.52407647235
E14001590,Witham,Eastern,-14.49764916295951,21.233919274825503,0.8414898901169628,1.0306470027803596,-13.15819823734449,21.35705556111758,0.74254571535883,1.0235968149229233,103579.36517815801,50065.56165746967
E14001591,Witney,South East,-20.017714231600742,34.65137490448169,0.9118855761706977,1.2001099631707128,-18.567107712345827,34.87777970265492,0.8125085510058774,1.1993606570232518,99212.03893573555,53836.959491330934
E14001592,Woking,South East,-23.412963608169676,53.72908564969143,0.9365150648461918,1.6263288281277468,-22.18300920949998,53.88203004368182,0.8616175512799782,1.6225258835069667,104047.76882453119,55761.32830275272
E14001593,Wokingham,South East,-31.32211506870859,80.29330066369785,1.1922417830989065,2.511547980313979,-30.218548809782213,80.52847202213302,1.1224500774608044,2.5214895346375714,102987.11451913131,53350.39536539077
E14001594,Wolverhampton North East,West Midlands,-5.742097934728608,5.0424670404606715,0.6189446362047761,0.8830497658006154,-3.774774028605633,2.0779682753211635,0.3286819804852624,0.19719633038860435,109553.98049754478,45420.82397845382
E14001595,Wolverhampton South East,West Midlands,-5.097508190341843,3.88008507234551,0.5420569638044423,0.647752703731642,-3.538009227757223,2.060414136119283,0.3260856670505265,0.27712533021982255,124581.08339521135,52646.78657752297
E14001596,Wolverhampton West,West Midlands,-7.418353309502689,6.813483226654303,0.5846352785407583,0.5822331470128297,-6.308559428907004,6.522630379839788,0.4729968006430889,0.5428870605568005,120410.92789750555,54844.58428615949
E14001597,Worcester,West Midlands,-11.743829142481548,18.162433977143092,0.7557210636324728,0.9448818375870235,-10.519463730718408,17.92706307809586,0.6582436322395616,0.9214542555033866,105708.53136472653,52068.565040569025
E14001598,Worsley and Eccles,North West,-11.6758708929059,17.64704168767955,0.7354463871375618,0.94808725620211,-10.57287011552386,17.43499530929556,0.6523588788491576,0.9256299142963113,113237.96699532037,56603.926571161835
E14001599,Worthing West,South East,-14.36743075313432,26.822668955276423,0.8544498079978204,1.2304562435088642,-12.849820706936876,27.016248412659543,0.7384592834095098,1.2359956941135464,101398.25634758569,47785.50833771027
E14001600,Wycombe,South East,-19.802594931147365,34.119847660150946,0.9529953916124991,1.2966513623905112,-18.716092671400084,34.24037902362804,0.8810030885531802,1.2903177374101131,108264.7699369358,55170.1893485977
E14001601,Wyre Forest,West Midlands,-9.636603367540435,11.423302827200795,0.6978179193306465,0.8363211680740009,-8.446577950327434,11.192978937169148,0.5997498618583779,0.8067643087395239,105928.76097047862,47410.604176063425
E14001602,Wythenshawe and Sale East,North West,-9.199149956912589,9.14177030954268,0.6496316307453661,0.7209831810937088,-7.9839449493493095,9.137379527210289,0.5519806466384973,0.7170864755574033,115631.34980348786,55151.12034488814
E14001603,Yeovil,South West,-9.35502149467104,11.800403126125952,0.7068161687284232,0.9994061720279729,-8.239005869863792,11.624495852642013,0.6095060234985867,0.9829718853010603,107305.95801643311,49773.03176562023
E14001604,York Central,Yorkshire and the Humber,-7.3866920931661735,8.497158075500918,0.6950055201328109,1.0625299058347604,-5.599878878027176,6.2941475686721,0.4515394498203795,0.6283780749856692,125402.60992393058,54500.3059623991
E14001605,York Outer,Yorkshire and the Humber,-10.588056077247595,12.195183125565137,0.6639848985997113,0.6122104799378582,-9.06626634250432,12.163308885919168,0.5469186426041701,0.5927936872796814,96803.78240204252,45650.91630864226
N05000001,Belfast East,Northern Ireland,-6.817502281965585,14.174622830149923,0.7711987139730889,1.8551348772415384,-6.1076558094419315,14.324477201296848,0.7100646913863935,1.8710098752791122,116888.57572461668,57791.70079282108
N05000002,Belfast North,Northern Ireland,-6.677270269371265,16.196730993936544,0.9565528787198729,2.6123512863928124,-6.090055421265143,16.344037524721696,0.8925332884550248,2.6296190853841743,114477.9453166713,48537.37630579482
N05000003,Belfast South and Mid Down,Northern Ireland,-4.961275593509061,10.577955062923575,0.6047887207638556,1.5332450185882143,-4.444045575052612,10.696423957833037,0.55521855650482,1.5458123328870232,118156.01930512206,53950.21859298559
N05000004,Belfast West,Northern Ireland,-5.519876654657745,11.485914838485694,0.7757718069393195,1.8374374076779967,-4.840540144794384,11.651890912466634,0.7030727245711906,1.857389888456115,120937.33629601664,51487.4837277304
N05000005,East Antrim,Northern Ireland,-4.802713876393666,12.037518556118785,0.7271654392035971,2.0559292783773606,-4.301375340649454,12.149191883031092,0.6721873050166983,2.0696450885371385,118961.92746624834,47688.4903041602
N05000006,East Londonderry,Northern Ireland,-5.219444658560127,12.414998168721757,0.8898654591936092,2.3074633855939948,-4.781109127518491,12.54552558608231,0.8362553163139118,2.3239869387289773,112320.31213534952,41996.857881838645
N05000007,Fermanagh and South Tyrone,Northern Ireland,-7.023862908186423,20.463111351136533,0.9501767909078807,3.0527062925373407,-6.446201549958671,20.59293265512833,0.8955836417600367,3.0658652662203703,114700.37648127915,52783.48349409167
N05000008,Foyle,Northern Ireland,-8.026166452558416,22.528072969355822,1.172541806175952,3.622306292632411,-7.357042864522164,22.685451947662624,1.1038554307570672,3.6396481951839985,104909.40743391939,44820.26584692014
N05000009,Lagan Valley,Northern Ireland,-5.265244827862199,9.751437084930098,0.5951080328352306,1.3198482608277615,-4.279816677033866,9.795297625182611,0.5106836998386013,1.3339377883854677,109908.28664427571,55457.42064230638
N05000010,Mid Ulster,Northern Ireland,-6.764791333543694,17.677503334972076,0.9386250277029632,2.6671105290277732,-6.208659431673281,17.807748095920097,0.8866278681750492,2.681082975053848,108988.16190954269,49874.263707164886
N05000011,Newry and Armagh,Northern Ireland,-5.456221288824053,12.972593675269733,0.7954012719964009,2.0740907455710267,-4.954711950005466,13.100348510347635,0.7422009092935109,2.088583819757586,106269.24843246199,46510.72209453802
N05000012,North Antrim,Northern Ireland,-7.986122105234147,23.49212568706678,1.1308379936723154,3.5429514020147606,-7.470204143814781,23.61780934741872,1.0797740830811229,3.5561231960468085,101141.37537459185,46386.72118895644
N05000013,North Down,Northern Ireland,-4.658942837927549,10.063052066088016,0.6403059975311685,1.5902259519903659,-4.098825670506072,10.17729916730047,0.584051192934719,1.604381072578382,118384.69849297593,51417.664322533805
N05000014,South Antrim,Northern Ireland,-5.361649367033777,13.572535083160767,0.7170192645732433,2.0280335801203186,-4.668701244429085,13.69018833307928,0.6479936594757041,2.0420620121105864,113911.74004065961,52395.3697407242
N05000015,South Down,Northern Ireland,-7.205660630597977,17.547277262107134,1.012848698024264,2.6886143326045295,-6.659862681423985,17.701043657039236,0.9603687465255334,2.7043801801920715,98645.68382448399,45681.54699276778
N05000016,Strangford,Northern Ireland,-6.346340766089114,17.032636630954425,1.0071253341706394,2.905968910699252,-5.8546068253410395,17.162371033117594,0.9511485427755554,2.9213459598841762,112273.83027436241,45526.35817681413
N05000017,Upper Bann,Northern Ireland,-6.158337323603802,12.404310718115823,0.6604435002404001,1.5581515757030775,-5.337767426595938,12.495284011854286,0.5989566265929891,1.571631150442059,103688.92390316696,56793.20695989243
N05000018,West Tyrone,Northern Ireland,-5.362093213401401,14.335203099319436,0.8781471778704327,2.5052509950807007,-4.987439983051784,14.436069682705364,0.8337552896738231,2.51760479902844,121993.9506148604,48075.29727123806
S14000021,East Renfrewshire,Scotland,-6.675831589126547,8.88606402254411,0.5031956091368153,0.674136514856589,-5.383156869812851,7.952777949810735,0.42340578780044097,0.6382526537088377,91379.29949487711,39187.373163357464
S14000027,Na h-Eileanan an Iar,Scotland,-7.340079238163382,14.782243111187423,0.5978886657576525,1.398387266920132,-6.140269261821996,14.153305617379969,0.5253359252879002,1.3837749068191645,102555.6549583211,43915.599903588125
S14000045,Midlothian,Scotland,-6.98126112224094,10.173626700755133,0.4689261757769033,0.6312279482499769,-4.6488919426051725,6.906171680541864,0.33268274597592973,0.46183002784897786,94021.58206926675,42835.65655140396
S14000048,North Ayrshire and Arran,Scotland,-13.382476200093901,30.142202693312687,0.7947587880910124,1.741289023490527,-5.969215221505463,10.400644796971092,0.3749438473129958,0.6035376301598198,99079.91737160785,48141.572810234786
S14000051,Orkney and Shetland,Scotland,-6.5839780202924185,7.907568776671503,0.47520532179335706,0.5804083331494815,-4.2509820933393305,6.641298186113951,0.3367075659168468,0.5333863258140966,30650.58136311084,13420.92714087635
S14000060,Aberdeen North,Scotland,-6.25666569982401,8.451937791852817,0.4089723932006071,0.510027312126795,-4.480437503908791,6.074312219098516,0.30799058795465706,0.3967485924476399,100730.11331962589,47230.30096485783
S14000061,Aberdeen South,Scotland,-11.631110045521892,25.437034355861755,0.6251789523052872,1.3258801355879728,-5.270711618730539,9.433023235439592,0.2972718944904512,0.4914374346772024,99908.00066150771,53804.30061321369
S14000062,Aberdeenshire North and Moray East,Scotland,-8.251013323145179,13.934245920588134,0.6622909993950488,1.2890771048069982,-6.812080264369416,13.195324552698324,0.5722685091894842,1.2695029801375595,93749.65473322997,39747.69999886769
S14000063,Airdrie and Shotts,Scotland,-8.888051255481495,8.043993367948271,0.5665054528577401,0.48745230381977794,-6.0348929986457165,5.901826537669655,0.4114114581191742,0.39660276435090835,48861.03346679075,22929.361888994623
S14000064,Alloa and Grangemouth,Scotland,-12.221216602696526,27.006448263118344,0.717026907422113,1.5495256168859763,-5.621338352888245,9.746969225575352,0.34919984230342427,0.5852060597001711,103016.26046073381,50811.72741321822
S14000065,Angus and Perthshire Glens,Scotland,-12.293684378001881,19.792811438298017,0.8446830590167906,1.328056195318867,-7.946660699280772,12.880102275485285,0.5796716355798648,0.9687447370672737,122820.41961939642,55127.21906618118
S14000066,Arbroath and Broughty Ferry,Scotland,-14.910078677842458,29.24974347179361,1.2618008401548249,2.8751766968649193,-11.38788702193241,27.22139822584095,1.0304597035810892,2.806433243280739,136732.0338572337,55651.45790779733
S14000067,"Argyll, Bute and South Lochaber",Scotland,-9.663613155709537,16.31748295687673,0.737208783319794,1.4106868689937657,-7.321776146702123,14.745943582367872,0.5949583813996345,1.3613950779295165,101989.16694652919,45135.011552869284
S14000068,Bathgate and Linlithgow,Scotland,-7.3971752507178055,10.217283345476188,0.5970345828609844,0.9504226483909266,-6.09268251689014,9.72967587495246,0.5120215911385848,0.9417234946050345,109374.91878493033,45255.46815068221
S14000069,"Caithness, Sutherland and Easter Ross",Scotland,-9.423155871131426,17.75954903039406,0.4952791259838795,0.8931849042400246,-5.073085992463674,8.210086813144132,0.28280808279329256,0.42468050401672847,84948.00307074201,47790.98382694555
S14000070,Coatbridge and Bellshill,Scotland,-6.274211443876013,8.850819789637075,0.44070411676452004,0.6009178792190448,-4.486843515355604,6.878234335095862,0.33110886237127846,0.503480167166427,110473.47486755918,48596.871385493716
S14000071,Cowdenbeath and Kirkcaldy,Scotland,-8.433371890274305,16.39991280221269,0.7041853866682752,1.590188831502422,-6.948051190361193,15.739658161701689,0.6087893855523944,1.57409329485244,114008.96138870151,47342.62186380256
S14000072,Cumbernauld and Kirkintilloch,Scotland,-9.017819629314635,18.75321068914488,0.7972193868201699,1.9307687337309392,-7.544925333833635,18.250490697754735,0.7003891364767989,1.9214324744578084,102886.64286226925,40981.92986685368
S14000073,Dumfries and Galloway,Scotland,-11.46331186841236,23.060637124083446,0.53096661726596,1.0279591451187806,-7.462181416036385,18.814474728089063,0.35795406099528065,0.842263568929173,82172.17336987625,50775.23520233334
S14000074,"Dumfriesshire, Clydesdale and Tweeddale",Scotland,-10.65364060454434,33.03029897972292,1.2620074783868487,4.301337001104817,-9.688394833798045,32.95642431689196,1.1838665885059378,4.306310931521329,144446.88667126617,46728.009909141045
S14000075,Dundee Central,Scotland,-7.567647892013052,11.367079557590653,0.4570378420371983,0.6383799531135997,-5.28223970627238,8.756122474707672,0.33144771397830575,0.5069854214634849,96071.90604662143,47704.30682826259
S14000076,Dunfermline and Dollar,Scotland,-5.97386692642152,7.146903580751944,0.42079744378828166,0.5248742891037392,-4.599815477601679,6.014861653165649,0.34101899604290264,0.486565465887629,94482.4297451702,43532.77344384388
S14000077,East Kilbride and Strathaven,Scotland,-9.636659979018862,16.827479225293747,0.6156162181318547,0.9971042198994586,-6.306355634694769,11.901316350470088,0.42026070374219715,0.7171008416728027,99933.64757856517,46802.609357579066
S14000078,Edinburgh East and Musselburgh,Scotland,-7.714979524999369,19.373472350705732,0.6348230009416305,1.8024650067061363,-6.901440775393084,19.183592821005327,0.5865077732727475,1.801741841135601,100893.42233535969,45342.52377841259
S14000079,Edinburgh North and Leith,Scotland,-8.749680856469862,14.487405263483314,0.6396118566651541,1.0378340650828668,-6.273761007208695,11.330245277198571,0.4840411238016814,0.8833959032156316,93808.61731140682,40065.089546770774
S14000080,Edinburgh South,Scotland,-7.6482450771589345,15.326237499321548,0.6573339449053974,1.5312792751524604,-6.386044387478499,14.828857029411834,0.5747046697387458,1.5208436764542812,114402.18559688747,46521.17668618827
S14000081,Edinburgh South West,Scotland,-8.728194390184466,15.271062516234997,0.5291661975508414,0.8703398225082531,-5.835705322044172,11.553948297244833,0.3662659649003987,0.6607191080959163,90325.8582053981,43792.37243751297
S14000082,Edinburgh West,Scotland,-9.142330612455119,17.024077111456446,0.5357205765575058,0.9547836957987372,-5.829483698875132,12.582925944329524,0.3541016068252978,0.703314264872774,98321.86845304203,48791.52151070522
S14000083,Falkirk,Scotland,-7.407139300130332,10.739553899391382,0.5022059952166871,0.6901347484577891,-4.349184108145797,5.11345502554584,0.3166253855899151,0.37867253888091873,120117.47697064404,53701.084047534045
S14000084,Glasgow East,Scotland,-10.800185429191515,21.69217624416406,0.5468883281523391,1.0821014068213917,-5.331874130068757,10.569991210854061,0.2892981198162595,0.5307480825435971,113786.92758481458,63869.0330290231
S14000085,Glasgow North,Scotland,-12.1484124654237,22.158781354566266,0.8324965755697777,1.4514865865468007,-6.521415109683813,9.299027333051926,0.47731898245509974,0.6562464876824085,109021.50938590596,47143.60943156715
S14000086,Glasgow North East,Scotland,-8.437761345434877,13.859937211424564,0.5113864653353254,0.8016337656540136,-4.748242422693048,7.079044556538194,0.3051211329689695,0.423349937915505,113204.87442928366,54165.984260342506
S14000087,Glasgow South,Scotland,-9.256238183906463,16.471293329496042,0.5046551296526561,0.8621333427719094,-5.954766766686902,12.435749794658992,0.3405903672157007,0.6573047101051243,109708.22013571204,57378.33193147145
S14000088,Glasgow South West,Scotland,-11.466505419917018,25.77068633991671,0.5608661575258608,1.2048769918099882,-7.755527874278798,22.179806734773685,0.3875986291381248,1.0331238282695527,88419.69836351696,52027.22757537359
S14000089,Glasgow West,Scotland,-6.498115966510495,8.493300643817596,0.4624362735818142,0.6482616327209823,-4.634060857383622,6.702992086383285,0.35101074809899135,0.5818047994133361,107126.7240518017,48399.09204648318
S14000090,Glenrothes and Mid Fife,Scotland,-17.897826423521913,57.97115736957402,1.9754077678870825,6.9943979212174066,-16.50558455958474,57.92751057880861,1.8704692589760357,7.0036073749208665,131293.46762757466,45906.946185487745
S14000091,Gordon and Buchan,Scotland,-8.854118227490565,19.386841254253863,0.8293044396858453,2.0296661074381928,-7.757161848204866,19.291553846526664,0.7578769462741749,2.0361367893762172,128314.50466209499,51840.018738333274
S14000092,Hamilton and Clyde Valley,Scotland,-6.454194654934817,8.393177668839087,0.4035568895375157,0.49585818239655416,-4.173318306655228,5.20212522129114,0.27523536951807676,0.32422147877816465,99687.98754392163,47417.89606862837
S14000093,Inverclyde and Renfrewshire West,Scotland,-9.317732880377388,19.856058325648867,0.7587203607204798,1.8712809020380754,-7.791583917109295,19.442604305758067,0.6662481124837099,1.8669732326144297,105280.90531451984,46147.653286855784
S14000094,"Inverness, Skye and West Ross-shire",Scotland,-10.733747284765077,22.718285888685443,0.996876375859115,2.4524016976343397,-8.384183089654163,21.758166317183978,0.8281162778959802,2.4229104585053833,126627.72274775748,47921.951692357965
S14000095,Livingston,Scotland,-7.707962563561284,14.354121491728016,0.6471327727389788,1.4157887773465045,-6.575519967006987,13.92151521007987,0.57668520558793,1.4084192447910397,95896.4170311876,39820.285663894196
S14000096,Lothian East,Scotland,-9.44829288488006,16.167504922598987,0.509089992294701,0.8302531516490996,-6.073120575780573,11.522216601799055,0.3424368252923609,0.5986751250355438,84606.34136552765,45713.6088120885
S14000097,Mid Dunbartonshire,Scotland,-7.977966375536594,12.477323674243435,0.45607667631697435,0.668145284875745,-5.759147036116954,10.153914671979866,0.3415830935407341,0.5528998194106617,94306.7257366647,49041.025950523464
S14000098,"Moray West, Nairn and Strathspey",Scotland,-5.652738907685868,7.055347596041651,0.4237107724057011,0.5091270813191756,-3.9695978748769973,5.146506972316262,0.31501721643855707,0.41539240438181085,108742.72038454321,45434.36133886119
S14000099,"Motherwell, Wishaw and Carluke",Scotland,-6.53035944972607,9.333530388548388,0.4743035373639922,0.7431679894034577,-5.004993285032611,8.067917239013001,0.3831510855223736,0.6997360711869177,117584.89035174403,52495.210487607685
S14000100,North East Fife,Scotland,-8.717220610737836,15.475622605129141,0.470944019071048,0.7852008756964762,-6.196691435272092,12.57495247607615,0.34512533549774205,0.6447953820483766,96377.70014798292,52004.569570092004
S14000101,Paisley and Renfrewshire North,Scotland,-11.963661404136129,24.587022917846706,0.6574318109705769,1.3220554284190045,-6.7811402242479915,16.05772530606452,0.38861326286345715,0.8603362980854757,87180.20713835269,45563.46154577275
S14000102,Paisley and Renfrewshire South,Scotland,-11.509036401297553,20.835073721447248,0.7481063725445711,1.2792971757699931,-7.095289543512875,13.490387904271604,0.48847176654458124,0.869043849928101,105565.0791864316,48537.65109902341
S14000103,Perth and Kinross-shire,Scotland,-7.647272615967393,10.999455616132634,0.5666453429523021,0.9355925845149634,-6.005278503112292,10.078606574602139,0.4682963054241639,0.9095810989144264,114161.71555201884,51440.28252333957
S14000104,Rutherglen,Scotland,-7.856517123932166,12.7040183257808,0.4837846212866106,0.7327366875160919,-4.672102935180252,6.875119982840701,0.30290548356207897,0.4122032896768918,106242.47890854484,50601.518377229506
S14000105,Stirling and Strathallan,Scotland,-7.5687843192232975,13.871155075970513,0.7139093779835602,1.5549925933303437,-6.387244013975798,13.452468809817477,0.6291861892853879,1.5464456682360905,110982.65388552789,40361.897129002566
S14000106,West Dunbartonshire,Scotland,-7.5583450944182955,11.455598800699594,0.44334454496393744,0.6297804320641593,-4.928120086674104,7.58718121035873,0.30265643110472296,0.4267577770183351,97579.42183086916,49743.35063577359
S14000107,"Ayr, Carrick and Cumnock",Scotland,-7.271937318724559,12.506027118891188,0.4895952970600611,0.7747000582598572,-5.452874081412069,10.697302414350212,0.37899999588324523,0.6747418573976033,102317.51699099016,45657.2415462931
S14000108,"Berwickshire, Roxburgh and Selkirk",Scotland,-7.311867426383204,12.5814549135784,0.43869475570246197,0.7161394959106809,-4.214371273148972,6.533160636123378,0.2667834016293014,0.3831784597761747,104931.49254997438,51987.17538762309
S14000109,Central Ayrshire,Scotland,-9.964295144090594,17.753855716449202,0.542565083753931,0.9060971404545479,-5.969177682828818,11.007415251557566,0.34347958192325806,0.5738571773508315,81125.0325150306,44535.91879622688
S14000110,Kilmarnock and Loudoun,Scotland,-10.109330819221709,16.776152319589297,0.6802382000395928,1.0572425455484789,-7.097087706362198,13.209909317124007,0.4968530363563491,0.8511580753660279,116105.5856256163,51156.924830435215
S14000111,West Aberdeenshire and Kincardine,Scotland,-6.061410427099193,10.687680950561154,0.37650479149189003,0.6061005017030434,-4.41453861569836,8.638257110015452,0.2843738358279877,0.49945224289719775,99284.35755582443,47549.20478805785
W07000081,Aberafan Maesteg,Wales,-4.668998405702935,9.83564148328377,0.3831717455278026,0.9072234881341624,-4.3117466884121045,9.579174853803446,0.3449823821164256,0.8776411501378173,98674.75998207189,44813.54485656565
W07000082,Alyn and Deeside,Wales,-6.652745396551741,13.963589140098346,0.5236190167436354,1.2193379780379092,-5.592455361702234,12.686802774619846,0.419361366527085,1.0865106377416585,114971.6957862493,56059.159527954405
W07000083,Bangor Aberconwy,Wales,-3.178422652377825,6.568604556979115,0.2861327067974332,0.6751989482601962,-2.7451612133685144,6.002841841895102,0.2313135685828906,0.5912148055380093,104727.50539645893,40061.362533981024
W07000084,Blaenau Gwent and Rhymney,Wales,-3.977181321407469,8.853128643054959,0.35670073820368575,0.8829638169740396,-3.196396042425108,7.443514654502079,0.2688857105070431,0.7150593156521947,103966.85223761405,44150.29989162266
W07000085,"Brecon, Radnor and Cwm Tawe",Wales,-3.7557328041992393,8.412448020004376,0.3309258337597595,0.850589488850847,-3.024175446849073,7.30924492397476,0.2420591472350407,0.6981731690766141,98197.33331446495,39170.08705572758
W07000086,Bridgend,Wales,-4.638602559282616,10.606362692162353,0.3846082107152102,0.9978433112739352,-4.146762454783788,9.878159560859535,0.33072038339381965,0.9129881082013438,102726.0276925342,45172.17296725459
W07000087,Caerfyrddin,Wales,-4.307075943509222,8.540456182205613,0.3206362303165672,0.7236283185774065,-3.088318625338594,6.748617367754303,0.19333527368867076,0.48153074605191154,99622.34557759798,45975.48250924424
W07000088,Caerphilly,Wales,-4.153829323430772,8.52609366756399,0.3605523143146188,0.8351805340624023,-3.858246227877366,8.297379217355815,0.3266483147822992,0.8066187939440606,103681.45885246585,43936.05138262606
W07000089,Cardiff East,Wales,-1.622037382433179,3.3319874339986755,0.09823912082211132,0.15914880506154092,-1.4437730408136664,3.355622978159121,0.0773201571262824,0.15455021231784694,113827.38209911119,47390.959726908004
W07000090,Cardiff North,Wales,-5.786817912631729,11.806401677266738,0.38887793985206975,0.8883784976689302,-4.717013174820343,11.609969704409004,0.28237029723138274,0.8443425550225596,98334.65106007035,47544.735090948125
W07000091,Cardiff South and Penarth,Wales,-2.6707764303376886,4.874768391081348,0.21500860689072993,0.44493084170328095,-2.31361849950265,4.779745296553876,0.17402691092621253,0.42622941157733407,115126.41037038426,48437.89612679612
W07000092,Cardiff West,Wales,-4.024700677600707,7.12309429422902,0.30743168592476616,0.6135541102462975,-3.2916726801450453,6.589181894445844,0.23066659135954967,0.5416900692612172,111524.8847798123,51584.386158056725
W07000093,Ceredigion Preseli,Wales,-2.3234779398704104,5.453081711476427,0.18267927311777943,0.5030760123799974,-2.169439672837012,5.402642633605643,0.16240633471257235,0.4924517046138223,101791.68129776642,39884.687236337675
W07000094,Clwyd East,Wales,-4.566835389713207,9.045025868379792,0.4024646760097773,0.8960436296825505,-3.6753135104647745,7.848593707442364,0.3007660178078382,0.7455167246357256,102338.97167330259,43173.96165274184
W07000095,Clwyd North,Wales,-4.726633030961983,10.142975434097636,0.42864701891894086,1.0236066184079256,-4.014329940393495,9.178424898603037,0.3463659572002938,0.9056538574791403,107033.77168853054,44619.57759278892
W07000096,Dwyfor Meirionnydd,Wales,-3.2841143357434945,6.464292186215901,0.33852865282845357,0.7471614643868302,-2.341176601169342,4.733312998961665,0.21619891445480696,0.49751356622586235,106224.65089024113,39129.280969068845
W07000097,Gower,Wales,-4.686544120198119,9.734335844481508,0.36396075447540455,0.8700813277504816,-4.0424103304556445,9.366373772304103,0.29673222682809025,0.8228574166083271,104544.09268122369,47978.72665622712
W07000098,Llanelli,Wales,-4.118860042582313,7.748967019265119,0.3786885530420054,0.7975266988694296,-3.177882881759326,6.667191374866259,0.26928949071374975,0.656884613821861,100781.58006074817,41576.21676691179
W07000099,Merthyr Tydfil and Aberdare,Wales,-3.10339889033329,5.937954567396118,0.257681413027204,0.5530708122805846,-2.579827339535618,5.240240239145459,0.19833080987931775,0.4578688531280524,108073.6087407068,45742.32900701397
W07000100,Mid and South Pembrokeshire,Wales,-4.3136254072712195,10.52758642853288,0.3906420219475593,1.0900762607186412,-3.434596705566693,8.991477881198202,0.2849946942150031,0.8905812192370309,108670.38087820022,43573.28394541003
W07000101,Monmouthshire,Wales,-5.469306494953375,11.041978279409518,0.43234465259263477,1.0030523106235403,-4.711741240935856,10.354608549239222,0.3507858935059081,0.9136832250213921,98645.31685869629,43619.57056034399
W07000102,Montgomeryshire and Glyndwr,Wales,-5.6561430358308105,14.488262964304964,0.5117484781592256,1.4665538241629033,-3.8211447283957485,10.640277299274546,0.3054724201824186,1.0094424729009686,100074.72225839522,42569.37651618152
W07000103,Neath and Swansea East,Wales,-4.406842139603772,9.08245062695049,0.40995864146854044,0.9389582045925123,-3.692404900932819,7.963626853883438,0.3255854383651554,0.7968562111295716,109915.83531780861,44533.99835147266
W07000104,Newport East,Wales,-4.210719040847706,8.32187152552417,0.3433154682446041,0.7714046328628892,-3.7597907914052557,7.977150092019237,0.29538150072715896,0.7296113920683239,114709.86679253975,51484.84288836774
W07000105,Newport West and Islwyn,Wales,-5.128008120179586,10.660047951265428,0.47232380024994897,1.0784033509234836,-4.055764626960889,9.132220444497715,0.35165981645138855,0.8974865613948728,116557.21707863956,49542.64901943965
W07000106,Pontypridd,Wales,-3.560230148638296,6.358469034390998,0.26302191155194665,0.5235154397755057,-2.9345994822161106,5.692121324141958,0.19858513086983084,0.43522908217145073,108542.44924161202,50769.43686923996
W07000107,Rhondda and Ogmore,Wales,-3.644581239297905,7.336312727633589,0.3234092306875187,0.7248341884704605,-3.0808736588173025,6.653677425030166,0.26074034514046474,0.6436391929460752,108961.96904351412,46849.18491249445
W07000108,Swansea West,Wales,-3.157867540053756,6.180790246627572,0.28003871071828457,0.6189542801961294,-2.8326502128726037,5.942099890701967,0.2421400158767139,0.5873675038922579,113665.19731269017,46994.69052008072
W07000109,Torfaen,Wales,-3.9579833328883076,7.737133239429318,0.340175400734472,0.7469656224528954,-3.014060027792837,6.222063562169851,0.23644259466716414,0.5620382498151576,100022.74568105026,43579.47153101483
W07000110,Vale of Glamorgan,Wales,-3.8632169424169382,7.415045882961729,0.3154858037303895,0.6907239523725406,-3.2885110529479684,7.052974581830018,0.25164505434903633,0.6395105611672157,108996.3998159812,47028.33337795792
W07000111,Wrexham,Wales,-5.425177040724541,12.033893748570877,0.42681455498627824,1.0540168349385244,-4.920887137413224,11.398749510437252,0.3758599254250394,0.9871154516810422,102342.87327561504,48923.031458900055
W07000112,Ynys Môn,Wales,-4.306388631063353,8.8042540009051,0.3798224217422891,0.8624184928791657,-3.337160732120727,7.2163955670599,0.27052807287832037,0.6645895848905797,75426.55479733061,32093.13162709206
