{
  "full_tariff_displacement": 0.000576445198832154,
  "full_tariff_wage_cut": 0.0,
  "full_tariff_inactivity": 0.000576445198832154,
  "epd_displacement": 0.000294334770224558,
  "epd_wage_cut": 0.0,
  "epd_inactivity": 0.000294334770224558
}