{
  "full_tariff_displacement_seed0": {
    "gross_earnings_loss": 1701060773.6415339,
    "net_disposable_loss": 1025245184.0,
    "cushioning_rate": 0.3972906789184177,
    "components_share_of_gross_loss": {
      "income_tax": 0.1975458556371481,
      "employee_national_insurance": 0.04516744917860633,
      "universal_credit": 0.11138996800558236,
      "other_benefits": 0.0,
      "other_residual": 0.043187406097080924
    },
    "components_gbp": {
      "income_tax": 336037506.0198059,
      "employee_national_insurance": 76832576.04317474,
      "universal_credit": 189481105.15148163,
      "other_benefits": 0.0,
      "other_residual": 73464402.42707157
    },
    "other_benefits_detail_gbp": {}
  },
  "full_tariff_wage_cut": {
    "gross_earnings_loss": 1771498650.499899,
    "net_disposable_loss": 1044774912.0,
    "cushioning_rate": 0.410231042679499,
    "components_share_of_gross_loss": {
      "income_tax": 0.3516532927453516,
      "employee_national_insurance": 0.04269499887341217,
      "universal_credit": 0.014810267730945442,
      "other_benefits": 0.001031204573024335,
      "other_residual": 4.127875676541128e-05
    },
    "components_gbp": {
      "income_tax": 622953333.5422363,
      "employee_national_insurance": 75634132.88734436,
      "universal_credit": 26236369.29891205,
      "other_benefits": 1826777.509501934,
      "other_residual": 73125.26190423965
    },
    "other_benefits_detail_gbp": {
      "tax_free_childcare": 1825684.406791687
    }
  }
}