{
  "full_tariff_displacement_seed0": {
    "gross_earnings_loss": 4067026297.7121744,
    "net_disposable_loss": 2545549312.0,
    "cushioning_rate": 0.3741006018495753,
    "components_share_of_gross_loss": {
      "income_tax": 0.26447368878588845,
      "employee_national_insurance": 0.04124926496034643,
      "universal_credit": 0.04016503406321104,
      "other_benefits": -0.0006334948587926085,
      "other_residual": 0.028846108898921956
    },
    "components_gbp": {
      "income_tax": 1075621447.3451538,
      "employee_national_insurance": 167761845.35502625,
      "universal_credit": 163352249.7835846,
      "other_benefits": -2576440.2501749992,
      "other_residual": 117317883.47858477
    },
    "other_benefits_detail_gbp": {
      "tax_free_childcare": -2576440.2501749992
    }
  },
  "full_tariff_wage_cut": {
    "gross_earnings_loss": 1771498650.499899,
    "net_disposable_loss": 1044774912.0,
    "cushioning_rate": 0.410231042679499,
    "components_share_of_gross_loss": {
      "income_tax": 0.3516532927453516,
      "employee_national_insurance": 0.04269499887341217,
      "universal_credit": 0.014810267730945442,
      "other_benefits": 0.001031204573024335,
      "other_residual": 4.127875676541128e-05
    },
    "components_gbp": {
      "income_tax": 622953333.5422363,
      "employee_national_insurance": 75634132.88734436,
      "universal_credit": 26236369.29891205,
      "other_benefits": 1826777.509501934,
      "other_residual": 73125.26190423965
    },
    "other_benefits_detail_gbp": {
      "tax_free_childcare": 1825684.406791687
    }
  }
}