{
  "full_tariff_displacement": {
    "gross_earnings_loss": 1701060773.6415339,
    "net_disposable_loss": 1142632960.0,
    "cushioning_rate": 0.3282821062566057
  },
  "full_tariff_wage_cut": {
    "gross_earnings_loss": 1771498650.499899,
    "net_disposable_loss": 1044848128.0,
    "cushioning_rate": 0.4101897127016414
  },
  "full_tariff_inactivity": {
    "gross_earnings_loss": 1701060773.6415339,
    "net_disposable_loss": 1142632960.0,
    "cushioning_rate": 0.3282821062566057
  },
  "epd_displacement": {
    "gross_earnings_loss": 908957259.136178,
    "net_disposable_loss": 590269824.0,
    "cushioning_rate": 0.35060772322676725
  },
  "epd_wage_cut": {
    "gross_earnings_loss": 1385522770.8442326,
    "net_disposable_loss": 820449024.0,
    "cushioning_rate": 0.4078415445311804
  },
  "epd_inactivity": {
    "gross_earnings_loss": 908957259.136178,
    "net_disposable_loss": 590269824.0,
    "cushioning_rate": 0.35060772322676725
  }
}