{
  "scenario": "epd_reallocation_lowpenalty",
  "n_draws": 5,
  "exchequer_cost_mean": 146368102.4,
  "exchequer_cost_sd": 103996972.87104227,
  "poverty_rate_change_bhc_mean": 0.0,
  "poverty_rate_change_bhc_sd": 0.0,
  "gini_change_mean": -3.578094822946909e-05,
  "gini_change_sd": 3.5775698376640815e-05,
  "displaced_weighted_mean": 0.0,
  "lcwra_weighted_mean": 0.0,
  "reallocated_weighted_mean": 25231.8044921875,
  "cushioning_rate_mean": 0.42795851591411627,
  "cushioning_rate_sd": 0.026867017432885543,
  "draws": [
    {
      "scenario": "epd_reallocation_lowpenalty",
      "tariff_scenario": "epd",
      "margin": "reallocation",
      "exchequer_cost": 305954816.0,
      "poverty_rate_change_bhc": 0.0,
      "poverty_rate_change_ahc": 3.362905725118326e-05,
      "absolute_poverty_rate_change_bhc": null,
      "gini_baseline": 0.30908967456288927,
      "gini_shocked": 0.30902792593019457,
      "displaced_weighted": 0.0,
      "inactive_weighted": 0.0,
      "lcwra_weighted": 0.0,
      "reallocated_weighted": 46479.9609375,
      "gross_earnings_loss": 517764675.8938575,
      "net_disposable_loss": 289406976.0,
      "cushioning_rate": 0.4410453445855992,
      "decile_income_change": {
        "1": -2.8750789165496826,
        "2": 0.0,
        "3": 0.0,
        "4": 0.0,
        "5": -13.433995246887207,
        "6": -8.861974716186523,
        "7": -6.074417591094971,
        "8": -19.797292709350586,
        "9": -17.02529525756836,
        "10": -37.544960021972656
      },
      "region_income_change": {
        "EAST_MIDLANDS": -32.93286895751953,
        "EAST_OF_ENGLAND": -19.30099868774414,
        "LONDON": -9.048897743225098,
        "NORTHERN_IRELAND": -5.8046159744262695,
        "NORTH_EAST": -2.8447628021240234,
        "NORTH_WEST": -6.852900505065918,
        "SCOTLAND": -5.258787631988525,
        "SOUTH_EAST": -7.583438396453857,
        "SOUTH_WEST": 0.0,
        "WALES": 0.0,
        "WEST_MIDLANDS": -31.026599884033203,
        "YORKSHIRE": -2.8719563484191895
      },
      "age_band_displacement_share": {
        "16-24": 0.0,
        "25-34": 0.313792884349823,
        "35-44": 0.23468123376369476,
        "45-54": 0.206294983625412,
        "55-64": 0.24523089826107025,
        "65-+": 0.0
      }
    },
    {
      "scenario": "epd_reallocation_lowpenalty",
      "tariff_scenario": "epd",
      "margin": "reallocation",
      "exchequer_cost": 189988864.0,
      "poverty_rate_change_bhc": 0.0,
      "poverty_rate_change_ahc": 0.0,
      "absolute_poverty_rate_change_bhc": null,
      "gini_baseline": 0.30908967456288927,
      "gini_shocked": 0.30900564479160786,
      "displaced_weighted": 0.0,
      "inactive_weighted": 0.0,
      "lcwra_weighted": 0.0,
      "reallocated_weighted": 15507.1376953125,
      "gross_earnings_loss": 320892415.6936931,
      "net_disposable_loss": 177995776.0,
      "cushioning_rate": 0.4453101186102655,
      "decile_income_change": {
        "1": 0.0,
        "2": -0.04175591841340065,
        "3": 0.0,
        "4": 0.0,
        "5": 0.0,
        "6": -4.735530376434326,
        "7": -6.242977142333984,
        "8": 0.0,
        "9": -6.113857269287109,
        "10": -62.092864990234375
      },
      "region_income_change": {
        "EAST_MIDLANDS": -4.524999618530273,
        "EAST_OF_ENGLAND": -5.743780136108398,
        "LONDON": 0.0,
        "NORTHERN_IRELAND": -1.6502224206924438,
        "NORTH_EAST": 0.0,
        "NORTH_WEST": -0.03710056468844414,
        "SCOTLAND": -2.389523506164551,
        "SOUTH_EAST": -2.620338201522827,
        "SOUTH_WEST": 0.0,
        "WALES": -128.0828399658203,
        "WEST_MIDLANDS": -3.0720133781433105,
        "YORKSHIRE": 0.0
      },
      "age_band_displacement_share": {
        "16-24": 0.0,
        "25-34": 0.16605815291404724,
        "35-44": 0.2780023217201233,
        "45-54": 0.0,
        "55-64": 0.37188681960105896,
        "65-+": 0.18405267596244812
      }
    },
    {
      "scenario": "epd_reallocation_lowpenalty",
      "tariff_scenario": "epd",
      "margin": "reallocation",
      "exchequer_cost": 52051968.0,
      "poverty_rate_change_bhc": 0.0,
      "poverty_rate_change_ahc": 0.0,
      "absolute_poverty_rate_change_bhc": null,
      "gini_baseline": 0.30908967456288927,
      "gini_shocked": 0.30909174873048273,
      "displaced_weighted": 0.0,
      "inactive_weighted": 0.0,
      "lcwra_weighted": 0.0,
      "reallocated_weighted": 19396.55859375,
      "gross_earnings_loss": 91998118.49902251,
      "net_disposable_loss": 53739520.0,
      "cushioning_rate": 0.41586283636256116,
      "decile_income_change": {
        "1": 0.0,
        "2": 0.0,
        "3": 0.0,
        "4": -2.1678788661956787,
        "5": -2.370347738265991,
        "6": -3.408003330230713,
        "7": -17.884262084960938,
        "8": -3.640660047531128,
        "9": -0.7060755491256714,
        "10": -2.515916109085083
      },
      "region_income_change": {
        "EAST_MIDLANDS": 0.0,
        "EAST_OF_ENGLAND": -2.465564012527466,
        "LONDON": -1.9047086238861084,
        "NORTHERN_IRELAND": -12.200661659240723,
        "NORTH_EAST": 0.0,
        "NORTH_WEST": -1.9257534742355347,
        "SCOTLAND": -3.6521739959716797,
        "SOUTH_EAST": -3.9888036251068115,
        "SOUTH_WEST": 0.0,
        "WALES": -2.001169443130493,
        "WEST_MIDLANDS": -15.785184860229492,
        "YORKSHIRE": 0.0
      },
      "age_band_displacement_share": {
        "16-24": 0.0,
        "25-34": 0.24957001209259033,
        "35-44": 0.3810789883136749,
        "45-54": 0.22220486402511597,
        "55-64": 0.14714622497558594,
        "65-+": 0.0
      }
    },
    {
      "scenario": "epd_reallocation_lowpenalty",
      "tariff_scenario": "epd",
      "margin": "reallocation",
      "exchequer_cost": 68829184.0,
      "poverty_rate_change_bhc": 0.0,
      "poverty_rate_change_ahc": 0.0,
      "absolute_poverty_rate_change_bhc": null,
      "gini_baseline": 0.30908967456288927,
      "gini_shocked": 0.30906866493974217,
      "displaced_weighted": 0.0,
      "inactive_weighted": 0.0,
      "lcwra_weighted": 0.0,
      "reallocated_weighted": 9262.021484375,
      "gross_earnings_loss": 114400245.84174204,
      "net_disposable_loss": 62783488.0,
      "cushioning_rate": 0.4511944660778715,
      "decile_income_change": {
        "1": 0.0,
        "2": 0.0,
        "3": 0.0,
        "4": 0.0,
        "5": 0.0,
        "6": -7.404901504516602,
        "7": 0.0,
        "8": 0.0,
        "9": 0.0,
        "10": -16.515966415405273
      },
      "region_income_change": {
        "EAST_MIDLANDS": -28.8648624420166,
        "EAST_OF_ENGLAND": 0.0,
        "LONDON": 0.0,
        "NORTHERN_IRELAND": 0.0,
        "NORTH_EAST": 0.0,
        "NORTH_WEST": 0.0,
        "SCOTLAND": -2.0268714427948,
        "SOUTH_EAST": 0.0,
        "SOUTH_WEST": -1.7573360204696655,
        "WALES": 0.0,
        "WEST_MIDLANDS": 0.0,
        "YORKSHIRE": 0.0
      },
      "age_band_displacement_share": {
        "16-24": 0.25553977489471436,
        "25-34": 0.2695120573043823,
        "35-44": 0.3429756760597229,
        "45-54": 0.0,
        "55-64": 0.13197249174118042,
        "65-+": 0.0
      }
    },
    {
      "scenario": "epd_reallocation_lowpenalty",
      "tariff_scenario": "epd",
      "margin": "reallocation",
      "exchequer_cost": 115015680.0,
      "poverty_rate_change_bhc": 0.0,
      "poverty_rate_change_ahc": 1.732991694558539e-05,
      "absolute_poverty_rate_change_bhc": null,
      "gini_baseline": 0.30908967456288927,
      "gini_shocked": 0.3090754836812717,
      "displaced_weighted": 0.0,
      "inactive_weighted": 0.0,
      "lcwra_weighted": 0.0,
      "reallocated_weighted": 35513.34375,
      "gross_earnings_loss": 217662930.6417505,
      "net_disposable_loss": 133562368.0,
      "cushioning_rate": 0.3863798139342839,
      "decile_income_change": {
        "1": 0.0,
        "2": 0.0,
        "3": -0.9370547533035278,