{
  "scenario": "epd_displacement",
  "n_draws": 10,
  "exchequer_cost_mean": 335211724.8,
  "exchequer_cost_sd": 351501031.97505856,
  "poverty_rate_change_bhc_mean": 0.00010218530471116094,
  "poverty_rate_change_bhc_sd": 7.916172013537701e-05,
  "gini_change_mean": 2.6796413797769427e-06,
  "gini_change_sd": 0.00014708942432189824,
  "displaced_weighted_mean": 10420.45654296875,
  "exchequer_cost_mc_se": 111154386.09408587,
  "poverty_rate_change_bhc_mc_se": 2.5033133912460408e-05,
  "gini_change_mc_se": 4.6513760058016626e-05,
  "lcwra_weighted_mean": 0.0,
  "reallocated_weighted_mean": 0.0,
  "cushioning_rate_mean": 0.336566031685103,
  "cushioning_rate_sd": 0.0725941099230415,
  "cushioning_rate_mc_se": 0.022956273206944176,
  "draws": [
    {
      "scenario": "epd_displacement",
      "tariff_scenario": "epd",
      "margin": "displacement",
      "exchequer_cost": 645660672.0,
      "poverty_rate_change_bhc": 0.0,
      "poverty_rate_change_ahc": 3.185741148126198e-05,
      "absolute_poverty_rate_change_bhc": null,
      "gini_baseline": 0.30908967456288927,
      "gini_shocked": 0.3089937644703358,
      "displaced_weighted": 20579.4609375,
      "inactive_weighted": 0.0,
      "lcwra_weighted": 0.0,
      "reallocated_weighted": 0.0,
      "gross_earnings_loss": 1383308675.081712,
      "net_disposable_loss": 883294208.0,
      "cushioning_rate": 0.36146268442376117,
      "decile_income_change": {
        "1": -4.930530387710879,
        "2": 0.0,
        "3": 0.0,
        "4": 0.0,
        "5": 0.0,
        "6": -2.732049558883372,
        "7": -15.94798877878497,
        "8": -5.716598595560394,
        "9": -51.39200182467921,
        "10": -59.98273184591727
      },
      "region_income_change": {
        "EAST_MIDLANDS": -81.52528276401537,
        "EAST_OF_ENGLAND": -21.723815471581773,
        "LONDON": -6.51323216654858,
        "NORTHERN_IRELAND": -7.958751682955859,
        "NORTH_EAST": 0.0,
        "NORTH_WEST": -12.094763172556402,
        "SCOTLAND": -9.44805418863053,
        "SOUTH_EAST": -10.950698903692134,
        "SOUTH_WEST": 0.0,
        "WALES": 0.0,
        "WEST_MIDLANDS": -19.332615756547693,
        "YORKSHIRE": 0.0
      },
      "age_band_displacement_share": {
        "16-24": 0.0,
        "25-34": 0.3245394229888916,
        "35-44": 0.23915500938892365,
        "45-54": 0.14109556376934052,
        "55-64": 0.295210063457489,
        "65-+": 0.0
      }
    },
    {
      "scenario": "epd_displacement",
      "tariff_scenario": "epd",
      "margin": "displacement",
      "exchequer_cost": 1200717824.0,
      "poverty_rate_change_bhc": 0.00013192318413293713,
      "poverty_rate_change_ahc": 0.00013192318413293713,
      "absolute_poverty_rate_change_bhc": null,
      "gini_baseline": 0.30908967456288927,
      "gini_shocked": 0.3087116683333303,
      "displaced_weighted": 10792.716796875,
      "inactive_weighted": 0.0,
      "lcwra_weighted": 0.0,
      "reallocated_weighted": 0.0,
      "gross_earnings_loss": 1997834540.451532,
      "net_disposable_loss": 1081868288.0,
      "cushioning_rate": 0.45847953566991273,
      "decile_income_change": {
        "1": 0.0,
        "2": -0.2835010380392299,
        "3": 0.0,
        "4": 0.0,
        "5": 0.0,
        "6": -12.72640982191082,
        "7": -4.185488914772236,
        "8": 0.0,
        "9": -10.02104147178078,
        "10": -145.12434996272913
      },
      "region_income_change": {
        "EAST_MIDLANDS": 0.0,
        "EAST_OF_ENGLAND": 0.0,
        "LONDON": 0.0,
        "NORTHERN_IRELAND": 0.0,
        "NORTH_EAST": 0.0,
        "NORTH_WEST": -0.2518936011974086,
        "SCOTLAND": -4.680414052428884,
        "SOUTH_EAST": -12.814869820917297,
        "SOUTH_WEST": 0.0,
        "WALES": -299.3571133685356,
        "WEST_MIDLANDS": -6.3675524031389115,
        "YORKSHIRE": 0.0
      },
      "age_band_displacement_share": {
        "16-24": 0.0,
        "25-34": 0.0,
        "35-44": 0.3727400600910187,
        "45-54": 0.0,
        "55-64": 0.36281031370162964,
        "65-+": 0.2644496560096741
      }
    },
    {
      "scenario": "epd_displacement",
      "tariff_scenario": "epd",
      "margin": "displacement",
      "exchequer_cost": 77463552.0,
      "poverty_rate_change_bhc": 0.0,
      "poverty_rate_change_ahc": 0.0,
      "absolute_poverty_rate_change_bhc": null,
      "gini_baseline": 0.30908967456288927,
      "gini_shocked": 0.3091353484817868,
      "displaced_weighted": 6590.88720703125,
      "inactive_weighted": 0.0,
      "lcwra_weighted": 0.0,
      "reallocated_weighted": 0.0,
      "gross_earnings_loss": 237687333.7000904,
      "net_disposable_loss": 189661184.0,
      "cushioning_rate": 0.20205599075249392,
      "decile_income_change": {
        "1": 0.0,
        "2": 0.0,
        "3": 0.0,
        "4": 0.0,
        "5": 0.0,
        "6": 0.0,
        "7": -20.805713003683014,
        "8": -4.8674586548406245,
        "9": -1.851588537436245,
        "10": -2.692857709393093
      },
      "region_income_change": {
        "EAST_MIDLANDS": 0.0,
        "EAST_OF_ENGLAND": -5.38168967610095,
        "LONDON": 0.0,
        "NORTHERN_IRELAND": -17.2079084428679,
        "NORTH_EAST": 0.0,
        "NORTH_WEST": 0.0,
        "SCOTLAND": 0.0,
        "SOUTH_EAST": 0.0,
        "SOUTH_WEST": 0.0,
        "WALES": 0.0,
        "WEST_MIDLANDS": -25.221290321967235,
        "YORKSHIRE": 0.0
      },
      "age_band_displacement_share": {
        "16-24": 0.0,
        "25-34": 0.12916091084480286,
        "35-44": 0.5632765889167786,
        "45-54": 0.0,
        "55-64": 0.30756253004074097,
        "65-+": 0.0
      }
    },
    {
      "scenario": "epd_displacement",
      "tariff_scenario": "epd",
      "margin": "displacement",
      "exchequer_cost": 63602688.0,
      "poverty_rate_change_bhc": 0.00015906157465167547,
      "poverty_rate_change_ahc": 0.00015906157465167547,
      "absolute_poverty_rate_change_bhc": null,
      "gini_baseline": 0.30908967456288927,
      "gini_shocked": 0.30913061313975476,
      "displaced_weighted": 3718.55859375,
      "inactive_weighted": 0.0,
      "lcwra_weighted": 0.0,
      "reallocated_weighted": 0.0,
      "gross_earnings_loss": 149643396.15898132,
      "net_disposable_loss": 102498304.0,
      "cushioning_rate": 0.3150496003772483,
      "decile_income_change": {
        "1": 0.0,
        "2": 0.0,
        "3": 0.0,
        "4": 0.0,
        "5": 0.0,
        "6": -11.44062296995892,
        "7": 0.0,
        "8": 0.0,
        "9": 0.0,
        "10": -4.8855039186407945
      },
      "region_income_change": {
        "EAST_MIDLANDS": -16.113690031919717,
        "EAST_OF_ENGLAND": 0.0,
        "LONDON": 0.0,
        "NORTHERN_IRELAND": 0.0,
        "NORTH_EAST": 0.0,
        "NORTH_WEST": 0.0,
        "SCOTLAND": 0.0,
        "SOUTH_EAST": 0.0,
        "SOUTH_WEST": -5.316486808163192,
        "WALES": 0.0,
        "WEST_MIDLANDS": 0.0,
        "YORKSHIRE": 0.0
      },
      "age_band_displacement_share": {
        "16-24": 0.0,
        "25-34": 0.6712887287139893,
        "35-44": 0.0,
        "45-54": 0.0,
        "55-64": 0.32871124148368835,
        "65-+": 0.0
      }
    },
    {
      "scenario": "epd_displacement",
      "tariff_scenario": "epd",
      "margin": "displacement",
      "exchequer_cost": 181239808.0,
      "poverty_rate_change_bhc": 0.00015542164986792617,
      "poverty_rate_change_ahc": 0.00015542164986792617,
      "absolute_poverty_rate_change_bhc": null,
      "gini_baseline": 0.30908967456288927,
      "gini_shocked": 0.30919666167044946,
      "displaced_weighted": 11403.376953125,
      "inactive_weighted": 0.0,
      "lcwra_weighted": 0.0,
      "reallocated_weighted": 0.0,
      "gross_earnings_loss": 507757995.3583076,
      "net_disposable_loss": 366346240.0,
      "cushioning_rate": 0.2785022720489475,
      "decile_income_change": {
        "1": 0.0,
        "2": 0.0,
        "3": 0.0,
        "4": 0.0,
        "5": -15.15185532327312,