{
  "scenario": "epd_reallocation",
  "n_draws": 5,
  "exchequer_cost_mean": 289269350.4,
  "exchequer_cost_sd": 201464904.02292874,
  "poverty_rate_change_bhc_mean": 3.465983389117078e-06,
  "poverty_rate_change_bhc_sd": 7.750174466950891e-06,
  "gini_change_mean": -6.471325337789046e-05,
  "gini_change_sd": 7.078871955607586e-05,
  "displaced_weighted_mean": 0.0,
  "lcwra_weighted_mean": 0.0,
  "reallocated_weighted_mean": 25231.8044921875,
  "cushioning_rate_mean": 0.41891158334222506,
  "cushioning_rate_sd": 0.026731076112778272,
  "draws": [
    {
      "scenario": "epd_reallocation",
      "tariff_scenario": "epd",
      "margin": "reallocation",
      "exchequer_cost": 594378752.0,
      "poverty_rate_change_bhc": 0.0,
      "poverty_rate_change_ahc": 3.362905725118326e-05,
      "absolute_poverty_rate_change_bhc": null,
      "gini_baseline": 0.30908967456288927,
      "gini_shocked": 0.30898113933965055,
      "displaced_weighted": 0.0,
      "inactive_weighted": 0.0,
      "lcwra_weighted": 0.0,
      "reallocated_weighted": 46479.9609375,
      "gross_earnings_loss": 1046624309.1282969,
      "net_disposable_loss": 609222656.0,
      "cushioning_rate": 0.4179165812540663,
      "decile_income_change": {
        "1": -5.811765193939209,
        "2": 0.0,
        "3": 0.0,
        "4": 0.0,
        "5": -32.727447509765625,
        "6": -18.656597137451172,
        "7": -12.291450500488281,
        "8": -39.603721618652344,
        "9": -35.62055206298828,
        "10": -80.25333404541016
      },
      "region_income_change": {
        "EAST_MIDLANDS": -66.57147979736328,
        "EAST_OF_ENGLAND": -45.17451477050781,
        "LONDON": -20.681928634643555,
        "NORTHERN_IRELAND": -11.733574867248535,
        "NORTH_EAST": -6.410185813903809,
        "NORTH_WEST": -14.734478950500488,
        "SCOTLAND": -10.676006317138672,
        "SOUTH_EAST": -15.89049243927002,
        "SOUTH_WEST": 0.0,
        "WALES": 0.0,
        "WEST_MIDLANDS": -63.79129409790039,
        "YORKSHIRE": -5.7652411460876465
      },
      "age_band_displacement_share": {
        "16-24": 0.0,
        "25-34": 0.313792884349823,
        "35-44": 0.23468123376369476,
        "45-54": 0.206294983625412,
        "55-64": 0.24523089826107025,
        "65-+": 0.0
      }
    },
    {
      "scenario": "epd_reallocation",
      "tariff_scenario": "epd",
      "margin": "reallocation",
      "exchequer_cost": 381386752.0,
      "poverty_rate_change_bhc": 0.0,
      "poverty_rate_change_ahc": 0.0,
      "absolute_poverty_rate_change_bhc": null,
      "gini_baseline": 0.30908967456288927,
      "gini_shocked": 0.3089249930076856,
      "displaced_weighted": 0.0,
      "inactive_weighted": 0.0,
      "lcwra_weighted": 0.0,
      "reallocated_weighted": 15507.1376953125,
      "gross_earnings_loss": 648661097.4379647,
      "net_disposable_loss": 362414080.0,
      "cushioning_rate": 0.4412890160494636,
      "decile_income_change": {
        "1": 0.0,
        "2": -0.09177680313587189,
        "3": 0.0,
        "4": 0.0,
        "5": 0.0,
        "6": -9.299755096435547,
        "7": -13.770915985107422,
        "8": 0.0,
        "9": -12.61943244934082,
        "10": -125.51631164550781
      },
      "region_income_change": {
        "EAST_MIDLANDS": -9.514120101928711,
        "EAST_OF_ENGLAND": -12.883392333984375,
        "LONDON": 0.0,
        "NORTHERN_IRELAND": -3.335805654525757,
        "NORTH_EAST": 0.0,
        "NORTH_WEST": -0.08154463768005371,
        "SCOTLAND": -4.830249309539795,
        "SOUTH_EAST": -5.2968244552612305,
        "SOUTH_WEST": 0.0,
        "WALES": -258.9103698730469,
        "WEST_MIDLANDS": -5.879170894622803,
        "YORKSHIRE": 0.0
      },
      "age_band_displacement_share": {
        "16-24": 0.0,
        "25-34": 0.16605815291404724,
        "35-44": 0.2780023217201233,
        "45-54": 0.0,
        "55-64": 0.37188681960105896,
        "65-+": 0.18405267596244812
      }
    },
    {
      "scenario": "epd_reallocation",
      "tariff_scenario": "epd",
      "margin": "reallocation",
      "exchequer_cost": 105136128.0,
      "poverty_rate_change_bhc": 0.0,
      "poverty_rate_change_ahc": 0.0,
      "absolute_poverty_rate_change_bhc": null,
      "gini_baseline": 0.30908967456288927,
      "gini_shocked": 0.3090979872253178,
      "displaced_weighted": 0.0,
      "inactive_weighted": 0.0,
      "lcwra_weighted": 0.0,
      "reallocated_weighted": 19396.55859375,
      "gross_earnings_loss": 185967625.2515954,
      "net_disposable_loss": 108658688.0,
      "cushioning_rate": 0.4157118054661624,
      "decile_income_change": {
        "1": 0.0,
        "2": 0.0,
        "3": 0.0,
        "4": -4.382221698760986,
        "5": -4.791479110717773,
        "6": -6.889041423797607,
        "7": -36.164180755615234,
        "8": -7.377260208129883,
        "9": -1.4272804260253906,
        "10": -5.085757732391357
      },
      "region_income_change": {
        "EAST_MIDLANDS": 0.0,
        "EAST_OF_ENGLAND": -4.983963489532471,
        "LONDON": -3.850224494934082,
        "NORTHERN_IRELAND": -24.662813186645508,
        "NORTH_EAST": 0.0,
        "NORTH_WEST": -3.8927817344665527,
        "SCOTLAND": -7.416568279266357,
        "SOUTH_EAST": -8.063085556030273,
        "SOUTH_WEST": 0.0,
        "WALES": -4.045219421386719,
        "WEST_MIDLANDS": -31.90859603881836,
        "YORKSHIRE": 0.0
      },
      "age_band_displacement_share": {
        "16-24": 0.0,
        "25-34": 0.24957001209259033,
        "35-44": 0.3810789883136749,
        "45-54": 0.22220486402511597,
        "55-64": 0.14714622497558594,
        "65-+": 0.0
      }
    },
    {
      "scenario": "epd_reallocation",
      "tariff_scenario": "epd",
      "margin": "reallocation",
      "exchequer_cost": 137084928.0,
      "poverty_rate_change_bhc": 0.0,
      "poverty_rate_change_ahc": 0.0,
      "absolute_poverty_rate_change_bhc": null,
      "gini_baseline": 0.30908967456288927,
      "gini_shocked": 0.30904822813681254,
      "displaced_weighted": 0.0,
      "inactive_weighted": 0.0,
      "lcwra_weighted": 0.0,
      "reallocated_weighted": 9262.021484375,
      "gross_earnings_loss": 231251925.52294987,
      "net_disposable_loss": 128843776.0,
      "cushioning_rate": 0.44284236462622106,
      "decile_income_change": {
        "1": 0.0,
        "2": 0.0,
        "3": 0.0,
        "4": 0.0,
        "5": 0.0,
        "6": -15.373818397521973,
        "7": 0.0,
        "8": 0.0,
        "9": 0.0,
        "10": -33.95964813232422
      },
      "region_income_change": {
        "EAST_MIDLANDS": -58.348297119140625,
        "EAST_OF_ENGLAND": 0.0,
        "LONDON": 0.0,
        "NORTHERN_IRELAND": 0.0,
        "NORTH_EAST": 0.0,
        "NORTH_WEST": 0.0,
        "SCOTLAND": -4.550452709197998,
        "SOUTH_EAST": 0.0,
        "SOUTH_WEST": -4.176730632781982,
        "WALES": 0.0,
        "WEST_MIDLANDS": 0.0,
        "YORKSHIRE": 0.0
      },
      "age_band_displacement_share": {
        "16-24": 0.25553977489471436,
        "25-34": 0.2695120573043823,
        "35-44": 0.3429756760597229,
        "45-54": 0.0,
        "55-64": 0.13197249174118042,
        "65-+": 0.0
      }
    },
    {
      "scenario": "epd_reallocation",
      "tariff_scenario": "epd",
      "margin": "reallocation",
      "exchequer_cost": 228360192.0,
      "poverty_rate_change_bhc": 1.732991694558539e-05,
      "poverty_rate_change_ahc": 1.732991694558539e-05,
      "absolute_poverty_rate_change_bhc": null,
      "gini_baseline": 0.30908967456288927,
      "gini_shocked": 0.3090724588380904,
      "displaced_weighted": 0.0,
      "inactive_weighted": 0.0,
      "lcwra_weighted": 0.0,
      "reallocated_weighted": 35513.34375,
      "gross_earnings_loss": 439990066.9401097,
      "net_disposable_loss": 274202624.0,
      "cushioning_rate": 0.37679814931521227,
      "decile_income_change": {
        "1": 0.0,
        "2": 0.0,
        "3": -1.871768832206726,