{
  "scenario": "epd_reallocation",
  "n_draws": 5,
  "exchequer_cost_mean": 135797145.6,
  "exchequer_cost_sd": 136653148.58465543,
  "poverty_rate_change_bhc_mean": 0.0,
  "poverty_rate_change_bhc_sd": 0.0,
  "gini_change_mean": -4.5826433905471474e-05,
  "gini_change_sd": 7.169196275606984e-05,
  "displaced_weighted_mean": 0.0,
  "exchequer_cost_mc_se": 61113145.91493374,
  "poverty_rate_change_bhc_mc_se": 0.0,
  "gini_change_mc_se": 3.206162043259107e-05,
  "lcwra_weighted_mean": 0.0,
  "reallocated_weighted_mean": 10617.00009765625,
  "cushioning_rate_mean": 0.3794410372570035,
  "cushioning_rate_sd": 0.06194610442333142,
  "cushioning_rate_mc_se": 0.027703140086373892,
  "draws": [
    {
      "scenario": "epd_reallocation",
      "tariff_scenario": "epd",
      "margin": "reallocation",
      "exchequer_cost": 212369408.0,
      "poverty_rate_change_bhc": 0.0,
      "poverty_rate_change_ahc": 0.0,
      "absolute_poverty_rate_change_bhc": null,
      "gini_baseline": 0.30908967456288927,
      "gini_shocked": 0.3090276575487262,
      "displaced_weighted": 0.0,
      "inactive_weighted": 0.0,
      "lcwra_weighted": 0.0,
      "reallocated_weighted": 20579.4609375,
      "gross_earnings_loss": 391476355.04812443,
      "net_disposable_loss": 237764608.0,
      "cushioning_rate": 0.39264631200836775,
      "decile_income_change": {
        "1": -1.1623529702946547,
        "2": 0.0,
        "3": 0.0,
        "4": 0.0,
        "5": 0.0,
        "6": -0.9715571954984067,
        "7": -4.264390560505692,
        "8": -1.4347621762933636,
        "9": -14.474940499847635,
        "10": -15.57717605373628
      },
      "region_income_change": {
        "EAST_MIDLANDS": -21.213032874840476,
        "EAST_OF_ENGLAND": -5.7530923762079205,
        "LONDON": -2.5717610089785174,
        "NORTHERN_IRELAND": -1.9555956730469242,
        "NORTH_EAST": 0.0,
        "NORTH_WEST": -3.1795827525879954,
        "SCOTLAND": -2.6909657907517297,
        "SOUTH_EAST": -2.6759903386974306,
        "SOUTH_WEST": 0.0,
        "WALES": 0.0,
        "WEST_MIDLANDS": -5.1694182436204725,
        "YORKSHIRE": 0.0
      },
      "age_band_displacement_share": {
        "16-24": 0.0,
        "25-34": 0.3245394229888916,
        "35-44": 0.23915500938892365,
        "45-54": 0.14109556376934052,
        "55-64": 0.295210063457489,
        "65-+": 0.0
      }
    },
    {
      "scenario": "epd_reallocation",
      "tariff_scenario": "epd",
      "margin": "reallocation",
      "exchequer_cost": 338575360.0,
      "poverty_rate_change_bhc": 0.0,
      "poverty_rate_change_ahc": 0.0,
      "absolute_poverty_rate_change_bhc": null,
      "gini_baseline": 0.30908967456288927,
      "gini_shocked": 0.30892480105057873,
      "displaced_weighted": 0.0,
      "inactive_weighted": 0.0,
      "lcwra_weighted": 0.0,
      "reallocated_weighted": 10792.716796875,
      "gross_earnings_loss": 565387174.9477834,
      "net_disposable_loss": 309460992.0,
      "cushioning_rate": 0.45265650564397675,
      "decile_income_change": {
        "1": 0.0,
        "2": -0.04588840177324325,
        "3": 0.0,
        "4": 0.0,
        "5": 0.0,
        "6": -3.8652798570754436,
        "7": -1.0590365308985634,
        "8": 0.0,
        "9": -2.491311241368708,
        "10": -41.83876959035538
      },
      "region_income_change": {
        "EAST_MIDLANDS": 0.0,
        "EAST_OF_ENGLAND": 0.0,
        "LONDON": 0.0,
        "NORTHERN_IRELAND": 0.0,
        "NORTH_EAST": 0.0,
        "NORTH_WEST": -0.040772319056751744,
        "SCOTLAND": -1.1842653420389968,
        "SOUTH_EAST": -3.472050288768587,
        "SOUTH_WEST": 0.0,
        "WALES": -86.30345834228824,
        "WEST_MIDLANDS": -1.9597238390532123,
        "YORKSHIRE": 0.0
      },
      "age_band_displacement_share": {
        "16-24": 0.0,
        "25-34": 0.0,
        "35-44": 0.3727400600910187,
        "45-54": 0.0,
        "55-64": 0.36281031370162964,
        "65-+": 0.2644496560096741
      }
    },
    {
      "scenario": "epd_reallocation",
      "tariff_scenario": "epd",
      "margin": "reallocation",
      "exchequer_cost": 28917760.0,
      "poverty_rate_change_bhc": 0.0,
      "poverty_rate_change_ahc": 0.0,
      "absolute_poverty_rate_change_bhc": null,
      "gini_baseline": 0.30908967456288927,
      "gini_shocked": 0.3090870955563717,
      "displaced_weighted": 0.0,
      "inactive_weighted": 0.0,
      "lcwra_weighted": 0.0,
      "reallocated_weighted": 6590.88720703125,
      "gross_earnings_loss": 67265515.43712558,
      "net_disposable_loss": 48365568.0,
      "cushioning_rate": 0.28097528598872834,
      "decile_income_change": {
        "1": 0.0,
        "2": 0.0,
        "3": 0.0,
        "4": 0.0,
        "5": 0.0,
        "6": 0.0,
        "7": -5.26445011569381,
        "8": -1.126933946890386,
        "9": -0.47576011468594315,
        "10": -0.8476262620704741
      },
      "region_income_change": {
        "EAST_MIDLANDS": 0.0,
        "EAST_OF_ENGLAND": -1.2459908173223646,
        "LONDON": 0.0,
        "NORTHERN_IRELAND": -5.011142964933495,
        "NORTH_EAST": 0.0,
        "NORTH_WEST": 0.0,
        "SCOTLAND": 0.0,
        "SOUTH_EAST": 0.0,
        "SOUTH_WEST": 0.0,
        "WALES": 0.0,
        "WEST_MIDLANDS": -6.381719517611515,
        "YORKSHIRE": 0.0
      },
      "age_band_displacement_share": {
        "16-24": 0.0,
        "25-34": 0.12916091084480286,
        "35-44": 0.5632765889167786,
        "45-54": 0.0,
        "55-64": 0.30756253004074097,
        "65-+": 0.0
      }
    },
    {
      "scenario": "epd_reallocation",
      "tariff_scenario": "epd",
      "margin": "reallocation",
      "exchequer_cost": 22937600.0,
      "poverty_rate_change_bhc": 0.0,
      "poverty_rate_change_ahc": 0.0,
      "absolute_poverty_rate_change_bhc": null,
      "gini_baseline": 0.30908967456288927,
      "gini_shocked": 0.30909324670086047,
      "displaced_weighted": 0.0,
      "inactive_weighted": 0.0,
      "lcwra_weighted": 0.0,
      "reallocated_weighted": 3718.55859375,
      "gross_earnings_loss": 42349081.112991706,
      "net_disposable_loss": 25821184.0,
      "cushioning_rate": 0.3902775852182855,
      "decile_income_change": {
        "1": 0.0,
        "2": 0.0,
        "3": 0.0,
        "4": 0.0,
        "5": 0.0,
        "6": -2.8261724634137604,
        "7": 0.0,
        "8": 0.0,
        "9": 0.0,
        "10": -1.2793808289158342
      },
      "region_income_change": {
        "EAST_MIDLANDS": -3.9805583290155244,
        "EAST_OF_ENGLAND": 0.0,
        "LONDON": 0.0,
        "NORTHERN_IRELAND": 0.0,
        "NORTH_EAST": 0.0,
        "NORTH_WEST": 0.0,
        "SCOTLAND": 0.0,
        "SOUTH_EAST": 0.0,
        "SOUTH_WEST": -1.3922435459718692,
        "WALES": 0.0,
        "WEST_MIDLANDS": 0.0,
        "YORKSHIRE": 0.0
      },
      "age_band_displacement_share": {
        "16-24": 0.0,
        "25-34": 0.6712887287139893,
        "35-44": 0.0,
        "45-54": 0.0,
        "55-64": 0.32871124148368835,
        "65-+": 0.0
      }
    },
    {
      "scenario": "epd_reallocation",
      "tariff_scenario": "epd",
      "margin": "reallocation",
      "exchequer_cost": 76185600.0,
      "poverty_rate_change_bhc": 0.0,
      "poverty_rate_change_ahc": 0.0,
      "absolute_poverty_rate_change_bhc": null,
      "gini_baseline": 0.30908967456288927,
      "gini_shocked": 0.3090864397883819,
      "displaced_weighted": 0.0,
      "inactive_weighted": 0.0,
      "lcwra_weighted": 0.0,
      "reallocated_weighted": 11403.376953125,
      "gross_earnings_loss": 143695512.686401,
      "net_disposable_loss": 88997888.0,
      "cushioning_rate": 0.38064949742565946,
      "decile_income_change": {
        "1": 0.0,
        "2": 0.0,
        "3": 0.0,
        "4": 0.0,
        "5": -3.1255170954572016,
        "6": -0.6179298534963255,
        "7": -1.1325794056752385,
        "8": -4.873966257406539,
        "9": -4.436305616947666,
        "10": 0.0
      },