{
  "scenario": "epd_wage_cut",
  "n_draws": 1,
  "exchequer_cost_mean": 768901120.0,
  "exchequer_cost_sd": 0.0,
  "poverty_rate_change_bhc_mean": 0.0,
  "poverty_rate_change_bhc_sd": 0.0,
  "gini_change_mean": -8.114033140604882e-05,
  "gini_change_sd": 0.0,
  "displaced_weighted_mean": 0.0,
  "lcwra_weighted_mean": 0.0,
  "reallocated_weighted_mean": 0.0,
  "cushioning_rate_mean": 0.4078916166061112,
  "cushioning_rate_sd": 0.0,
  "draws": [
    {
      "scenario": "epd_wage_cut",
      "tariff_scenario": "epd",
      "margin": "wage_cut",
      "exchequer_cost": 768901120.0,
      "poverty_rate_change_bhc": 0.0,
      "poverty_rate_change_ahc": 2.2467689095029275e-05,
      "absolute_poverty_rate_change_bhc": NaN,
      "gini_baseline": 0.30908967456288927,
      "gini_shocked": 0.3090085342314832,
      "displaced_weighted": 0.0,
      "inactive_weighted": 0.0,
      "lcwra_weighted": 0.0,
      "reallocated_weighted": 0.0,
      "gross_earnings_loss": 1385522770.8442326,
      "net_disposable_loss": 820379648.0,
      "cushioning_rate": 0.4078916166061112,
      "decile_income_change": {
        "1": -5.782040596008301,
        "2": -4.375192642211914,
        "3": -11.862713813781738,
        "4": -15.848855972290039,
        "5": -22.452882766723633,
        "6": -34.1485710144043,
        "7": -59.86147689819336,
        "8": -57.42417907714844,
        "9": -54.784637451171875,
        "10": -84.25220489501953
      },
      "region_income_change": {
        "EAST_MIDLANDS": -44.513370513916016,
        "EAST_OF_ENGLAND": -49.80309295654297,
        "LONDON": -40.013267517089844,
        "NORTHERN_IRELAND": -40.18669891357422,
        "NORTH_EAST": -14.167195320129395,
        "NORTH_WEST": -16.185155868530273,
        "SCOTLAND": -31.146060943603516,
        "SOUTH_EAST": -35.240901947021484,
        "SOUTH_WEST": -27.918384552001953,
        "WALES": -61.13079071044922,
        "WEST_MIDLANDS": -41.80250930786133,
        "YORKSHIRE": -28.32172393798828
      },
      "age_band_displacement_share": {
        "16-24": 0.0,
        "25-34": 0.0,
        "35-44": 0.0,
        "45-54": 0.0,
        "55-64": 0.0,
        "65-+": 0.0
      }
    }
  ]
}