{
  "scenario": "epd_inactivity",
  "n_draws": 10,
  "exchequer_cost_mean": 340046643.2,
  "exchequer_cost_sd": 355572233.48873365,
  "poverty_rate_change_bhc_mean": 0.0001011029902115046,
  "poverty_rate_change_bhc_sd": 7.876853838747691e-05,
  "gini_change_mean": 6.377039025728948e-08,
  "gini_change_sd": 0.0001489290361570705,
  "displaced_weighted_mean": 10420.45654296875,
  "exchequer_cost_mc_se": 112441813.05375972,
  "poverty_rate_change_bhc_mc_se": 2.4908798926683364e-05,
  "gini_change_mc_se": 4.7095496398991284e-05,
  "lcwra_weighted_mean": 4153.199255371093,
  "reallocated_weighted_mean": 0.0,
  "cushioning_rate_mean": 0.3430842644779083,
  "cushioning_rate_sd": 0.0740426981699282,
  "cushioning_rate_mc_se": 0.02341435703213541,
  "draws": [
    {
      "scenario": "epd_inactivity",
      "tariff_scenario": "epd",
      "margin": "inactivity",
      "exchequer_cost": 659685376.0,
      "poverty_rate_change_bhc": 0.0,
      "poverty_rate_change_ahc": 3.185741148126198e-05,
      "absolute_poverty_rate_change_bhc": null,
      "gini_baseline": 0.30908967456288927,
      "gini_shocked": 0.30898586376404524,
      "displaced_weighted": 20579.4609375,
      "inactive_weighted": 8075.07568359375,
      "lcwra_weighted": 8075.07568359375,
      "reallocated_weighted": 0.0,
      "gross_earnings_loss": 1383308675.081712,
      "net_disposable_loss": 869269504.0,
      "cushioning_rate": 0.371601205386316,
      "decile_income_change": {
        "1": -4.930530387710879,
        "2": 0.0,
        "3": 0.0,
        "4": 0.0,
        "5": 0.0,
        "6": -2.732049558883372,
        "7": -14.924020618356797,
        "8": -5.716598595560394,
        "9": -50.18062516467164,
        "10": -59.98273184591727
      },
      "region_income_change": {
        "EAST_MIDLANDS": -81.52528276401537,
        "EAST_OF_ENGLAND": -21.723815471581773,
        "LONDON": -5.539743147835399,
        "NORTHERN_IRELAND": -7.958751682955859,
        "NORTH_EAST": 0.0,
        "NORTH_WEST": -12.094763172556402,
        "SCOTLAND": -9.44805418863053,
        "SOUTH_EAST": -10.950698903692134,
        "SOUTH_WEST": 0.0,
        "WALES": 0.0,
        "WEST_MIDLANDS": -18.09133177603532,
        "YORKSHIRE": 0.0
      },
      "age_band_displacement_share": {
        "16-24": 0.0,
        "25-34": 0.3245394229888916,
        "35-44": 0.23915500938892365,
        "45-54": 0.14109556376934052,
        "55-64": 0.295210063457489,
        "65-+": 0.0
      }
    },
    {
      "scenario": "epd_inactivity",
      "tariff_scenario": "epd",
      "margin": "inactivity",
      "exchequer_cost": 1213595648.0,
      "poverty_rate_change_bhc": 0.00013192318413293713,
      "poverty_rate_change_ahc": 8.524837255063922e-05,
      "absolute_poverty_rate_change_bhc": null,
      "gini_baseline": 0.30908967456288927,
      "gini_shocked": 0.30870498646067257,
      "displaced_weighted": 10792.716796875,
      "inactive_weighted": 6769.8388671875,
      "lcwra_weighted": 6769.8388671875,
      "reallocated_weighted": 0.0,
      "gross_earnings_loss": 1997834540.451532,
      "net_disposable_loss": 1069154304.0,
      "cushioning_rate": 0.464843418034829,
      "decile_income_change": {
        "1": 0.0,
        "2": 0.3248167321695875,
        "3": 0.0,
        "4": 0.0,
        "5": 0.0,
        "6": -11.541128860959564,
        "7": -3.9268829107649648,
        "8": 0.0,
        "9": -10.02104147178078,
        "10": -145.12434996272913
      },
      "region_income_change": {
        "EAST_MIDLANDS": 0.0,
        "EAST_OF_ENGLAND": 0.0,
        "LONDON": 0.0,
        "NORTHERN_IRELAND": 0.0,
        "NORTH_EAST": 0.0,
        "NORTH_WEST": 0.2886030222720021,
        "SCOTLAND": -4.391228439984374,
        "SOUTH_EAST": -12.814869820917297,
        "SOUTH_WEST": 0.0,
        "WALES": -299.3571133685356,
        "WEST_MIDLANDS": -4.930670604316123,
        "YORKSHIRE": 0.0
      },
      "age_band_displacement_share": {
        "16-24": 0.0,
        "25-34": 0.0,
        "35-44": 0.3727400600910187,
        "45-54": 0.0,
        "55-64": 0.36281031370162964,
        "65-+": 0.2644496560096741
      }
    },
    {
      "scenario": "epd_inactivity",
      "tariff_scenario": "epd",
      "margin": "inactivity",
      "exchequer_cost": 78708736.0,
      "poverty_rate_change_bhc": 0.0,
      "poverty_rate_change_ahc": 0.0,
      "absolute_poverty_rate_change_bhc": null,
      "gini_baseline": 0.30908967456288927,
      "gini_shocked": 0.3091351686074404,
      "displaced_weighted": 6590.88720703125,
      "inactive_weighted": 2027.10986328125,
      "lcwra_weighted": 2027.10986328125,
      "reallocated_weighted": 0.0,
      "gross_earnings_loss": 237687333.7000904,
      "net_disposable_loss": 188350464.0,
      "cushioning_rate": 0.20757046213637442,
      "decile_income_change": {
        "1": 0.0,
        "2": 0.0,
        "3": 0.0,
        "4": 0.0,
        "5": 0.0,
        "6": 0.0,
        "7": -20.805713003683014,
        "8": -4.8674586548406245,
        "9": -1.6548207955203371,
        "10": -2.692857709393093
      },
      "region_income_change": {
        "EAST_MIDLANDS": 0.0,
        "EAST_OF_ENGLAND": -5.38168967610095,
        "LONDON": 0.0,
        "NORTHERN_IRELAND": -16.462895676445697,
        "NORTH_EAST": 0.0,
        "NORTH_WEST": 0.0,
        "SCOTLAND": 0.0,
        "SOUTH_EAST": 0.0,
        "SOUTH_WEST": 0.0,
        "WALES": 0.0,
        "WEST_MIDLANDS": -25.221290321967235,
        "YORKSHIRE": 0.0
      },
      "age_band_displacement_share": {
        "16-24": 0.0,
        "25-34": 0.12916091084480286,
        "35-44": 0.5632765889167786,
        "45-54": 0.0,
        "55-64": 0.30756253004074097,
        "65-+": 0.0
      }
    },
    {
      "scenario": "epd_inactivity",
      "tariff_scenario": "epd",
      "margin": "inactivity",
      "exchequer_cost": 63602688.0,
      "poverty_rate_change_bhc": 0.00015906157465167547,
      "poverty_rate_change_ahc": 0.00015906157465167547,
      "absolute_poverty_rate_change_bhc": null,
      "gini_baseline": 0.30908967456288927,
      "gini_shocked": 0.30913061313975476,
      "displaced_weighted": 3718.55859375,
      "inactive_weighted": 1222.33203125,
      "lcwra_weighted": 1222.33203125,
      "reallocated_weighted": 0.0,
      "gross_earnings_loss": 149643396.15898132,
      "net_disposable_loss": 102498304.0,
      "cushioning_rate": 0.3150496003772483,
      "decile_income_change": {
        "1": 0.0,
        "2": 0.0,
        "3": 0.0,
        "4": 0.0,
        "5": 0.0,
        "6": -11.44062296995892,
        "7": 0.0,
        "8": 0.0,
        "9": 0.0,
        "10": -4.8855039186407945
      },
      "region_income_change": {
        "EAST_MIDLANDS": -16.113690031919717,
        "EAST_OF_ENGLAND": 0.0,
        "LONDON": 0.0,
        "NORTHERN_IRELAND": 0.0,
        "NORTH_EAST": 0.0,
        "NORTH_WEST": 0.0,
        "SCOTLAND": 0.0,
        "SOUTH_EAST": 0.0,
        "SOUTH_WEST": -5.316486808163192,
        "WALES": 0.0,
        "WEST_MIDLANDS": 0.0,
        "YORKSHIRE": 0.0
      },
      "age_band_displacement_share": {
        "16-24": 0.0,
        "25-34": 0.6712887287139893,
        "35-44": 0.0,
        "45-54": 0.0,
        "55-64": 0.32871124148368835,
        "65-+": 0.0
      }
    },
    {
      "scenario": "epd_inactivity",
      "tariff_scenario": "epd",
      "margin": "inactivity",
      "exchequer_cost": 181239808.0,
      "poverty_rate_change_bhc": 0.00015542164986792617,
      "poverty_rate_change_ahc": 0.00015542164986792617,
      "absolute_poverty_rate_change_bhc": null,
      "gini_baseline": 0.30908967456288927,
      "gini_shocked": 0.30919666167044946,
      "displaced_weighted": 11403.376953125,
      "inactive_weighted": 1367.9200439453125,
      "lcwra_weighted": 1367.9200439453125,
      "reallocated_weighted": 0.0,
      "gross_earnings_loss": 507757995.3583076,
      "net_disposable_loss": 366346240.0,
      "cushioning_rate": 0.2785022720489475,