{
  "scenario": "epd_reallocation_lag3",
  "n_draws": 5,
  "exchequer_cost_mean": 222963302.4,
  "exchequer_cost_sd": 226102227.33926907,
  "poverty_rate_change_bhc_mean": 0.0,
  "poverty_rate_change_bhc_sd": 0.0,
  "gini_change_mean": -6.744191169731906e-05,
  "gini_change_sd": 0.0001170487101111057,
  "displaced_weighted_mean": 0.0,
  "exchequer_cost_mc_se": 101115990.03894341,
  "poverty_rate_change_bhc_mc_se": 0.0,
  "gini_change_mc_se": 5.234577449741986e-05,
  "lcwra_weighted_mean": 0.0,
  "reallocated_weighted_mean": 10617.00009765625,
  "cushioning_rate_mean": 0.37547101286349505,
  "cushioning_rate_sd": 0.06622140049957792,
  "cushioning_rate_mc_se": 0.02961511061645895,
  "draws": [
    {
      "scenario": "epd_reallocation_lag3",
      "tariff_scenario": "epd",
      "margin": "reallocation",
      "exchequer_cost": 359464960.0,
      "poverty_rate_change_bhc": 0.0,
      "poverty_rate_change_ahc": 0.0,
      "absolute_poverty_rate_change_bhc": null,
      "gini_baseline": 0.30908967456288927,
      "gini_shocked": 0.30900264073473904,
      "displaced_weighted": 0.0,
      "inactive_weighted": 0.0,
      "lcwra_weighted": 0.0,
      "reallocated_weighted": 20579.4609375,
      "gross_earnings_loss": 639434435.0565212,
      "net_disposable_loss": 375783424.0,
      "cushioning_rate": 0.4123190691680788,
      "decile_income_change": {
        "1": -1.8985782639149433,
        "2": 0.0,
        "3": 0.0,
        "4": 0.0,
        "5": 0.0,
        "6": -1.5891116254087594,
        "7": -6.965420143887682,
        "8": -2.350572664053938,
        "9": -22.887978044979803,
        "10": -24.1843161515534
      },
      "region_income_change": {
        "EAST_MIDLANDS": -32.81207612992302,
        "EAST_OF_ENGLAND": -9.39705367395763,
        "LONDON": -3.4063681135850037,
        "NORTHERN_IRELAND": -3.3646402847826367,
        "NORTH_EAST": 0.0,
        "NORTH_WEST": -5.537004815487637,
        "SCOTLAND": -4.405714304754024,
        "SOUTH_EAST": -4.2584859378824,
        "SOUTH_WEST": 0.0,
        "WALES": 0.0,
        "WEST_MIDLANDS": -8.44368484907832,
        "YORKSHIRE": 0.0
      },
      "age_band_displacement_share": {
        "16-24": 0.0,
        "25-34": 0.3245394229888916,
        "35-44": 0.23915500938892365,
        "45-54": 0.14109556376934052,
        "55-64": 0.295210063457489,
        "65-+": 0.0
      }
    },
    {
      "scenario": "epd_reallocation_lag3",
      "tariff_scenario": "epd",
      "margin": "reallocation",
      "exchequer_cost": 553435136.0,
      "poverty_rate_change_bhc": 0.0,
      "poverty_rate_change_ahc": 0.0,
      "absolute_poverty_rate_change_bhc": null,
      "gini_baseline": 0.30908967456288927,
      "gini_shocked": 0.3088253473230921,
      "displaced_weighted": 0.0,
      "inactive_weighted": 0.0,
      "lcwra_weighted": 0.0,
      "reallocated_weighted": 10792.716796875,
      "gross_earnings_loss": 923499016.3237205,
      "net_disposable_loss": 505020416.0,
      "cushioning_rate": 0.45314460863164396,
      "decile_income_change": {
        "1": 0.0,
        "2": -0.10529121904875603,
        "3": 0.0,
        "4": 0.0,
        "5": 0.0,
        "6": -6.371109474079857,
        "7": -1.7323478906451721,
        "8": 0.0,
        "9": -3.915755726218005,
        "10": -68.33911762993418
      },
      "region_income_change": {
        "EAST_MIDLANDS": 0.0,
        "EAST_OF_ENGLAND": 0.0,
        "LONDON": 0.0,
        "NORTHERN_IRELAND": 0.0,
        "NORTH_EAST": 0.0,
        "NORTH_WEST": -0.09355233590709568,
        "SCOTLAND": -1.9371943340847244,
        "SOUTH_EAST": -5.558763545492547,
        "SOUTH_WEST": 0.0,
        "WALES": -140.96739099333686,
        "WEST_MIDLANDS": -3.2708149974224736,
        "YORKSHIRE": 0.0
      },
      "age_band_displacement_share": {
        "16-24": 0.0,
        "25-34": 0.0,
        "35-44": 0.3727400600910187,
        "45-54": 0.0,
        "55-64": 0.36281031370162964,
        "65-+": 0.2644496560096741
      }
    },
    {
      "scenario": "epd_reallocation_lag3",
      "tariff_scenario": "epd",
      "margin": "reallocation",
      "exchequer_cost": 46891008.0,
      "poverty_rate_change_bhc": 0.0,
      "poverty_rate_change_ahc": 0.0,
      "absolute_poverty_rate_change_bhc": null,
      "gini_baseline": 0.30908967456288927,
      "gini_shocked": 0.30908977815173144,
      "displaced_weighted": 0.0,
      "inactive_weighted": 0.0,
      "lcwra_weighted": 0.0,
      "reallocated_weighted": 6590.88720703125,
      "gross_earnings_loss": 109870970.00286677,
      "net_disposable_loss": 79429632.0,
      "cushioning_rate": 0.27706443296234207,
      "decile_income_change": {
        "1": 0.0,
        "2": 0.0,
        "3": 0.0,
        "4": 0.0,
        "5": 0.0,
        "6": 0.0,
        "7": -8.598916334497805,
        "8": -1.8933294487112353,
        "9": -0.7771023355930946,
        "10": -1.3845062294976558
      },
      "region_income_change": {
        "EAST_MIDLANDS": 0.0,
        "EAST_OF_ENGLAND": -2.0933534869277257,
        "LONDON": 0.0,
        "NORTHERN_IRELAND": -8.185160240741777,
        "NORTH_EAST": 0.0,
        "NORTH_WEST": 0.0,
        "SCOTLAND": 0.0,
        "SOUTH_EAST": 0.0,
        "SOUTH_WEST": 0.0,
        "WALES": 0.0,
        "WEST_MIDLANDS": -10.423856432523328,
        "YORKSHIRE": 0.0
      },
      "age_band_displacement_share": {
        "16-24": 0.0,
        "25-34": 0.12916091084480286,
        "35-44": 0.5632765889167786,
        "45-54": 0.0,
        "55-64": 0.30756253004074097,
        "65-+": 0.0
      }
    },
    {
      "scenario": "epd_reallocation_lag3",
      "tariff_scenario": "epd",
      "margin": "reallocation",
      "exchequer_cost": 36700160.0,
      "poverty_rate_change_bhc": 0.0,
      "poverty_rate_change_ahc": 0.0,
      "absolute_poverty_rate_change_bhc": null,
      "gini_baseline": 0.30908967456288927,
      "gini_shocked": 0.3090974730271857,
      "displaced_weighted": 0.0,
      "inactive_weighted": 0.0,
      "lcwra_weighted": 0.0,
      "reallocated_weighted": 3718.55859375,
      "gross_earnings_loss": 69172659.8744891,
      "net_disposable_loss": 42860544.0,
      "cushioning_rate": 0.3803831733842725,
      "decile_income_change": {
        "1": 0.0,
        "2": 0.0,
        "3": 0.0,
        "4": 0.0,
        "5": 0.0,
        "6": -4.616247780238611,
        "7": 0.0,
        "8": 0.0,
        "9": 0.0,
        "10": -2.2083330435067365
      },
      "region_income_change": {
        "EAST_MIDLANDS": -6.50181253561313,
        "EAST_OF_ENGLAND": 0.0,
        "LONDON": 0.0,
        "NORTHERN_IRELAND": 0.0,
        "NORTH_EAST": 0.0,
        "NORTH_WEST": 0.0,
        "SCOTLAND": 0.0,
        "SOUTH_EAST": 0.0,
        "SOUTH_WEST": -2.403144832007586,
        "WALES": 0.0,
        "WEST_MIDLANDS": 0.0,
        "YORKSHIRE": 0.0
      },
      "age_band_displacement_share": {
        "16-24": 0.0,
        "25-34": 0.6712887287139893,
        "35-44": 0.0,
        "45-54": 0.0,
        "55-64": 0.32871124148368835,
        "65-+": 0.0
      }
    },
    {
      "scenario": "epd_reallocation_lag3",
      "tariff_scenario": "epd",
      "margin": "reallocation",
      "exchequer_cost": 118325248.0,
      "poverty_rate_change_bhc": 0.0,
      "poverty_rate_change_ahc": 0.0,
      "absolute_poverty_rate_change_bhc": null,
      "gini_baseline": 0.30908967456288927,
      "gini_shocked": 0.3090959240192115,
      "displaced_weighted": 0.0,
      "inactive_weighted": 0.0,
      "lcwra_weighted": 0.0,
      "reallocated_weighted": 11403.376953125,
      "gross_earnings_loss": 234711133.3543777,
      "net_disposable_loss": 151519232.0,
      "cushioning_rate": 0.354443780171138,
      "decile_income_change": {
        "1": 0.0,
        "2": 0.0,
        "3": 0.0,
        "4": 0.0,
        "5": -5.858557899204805,
        "6": -1.009321563065048,
        "7": -1.8499457192394724,
        "8": -8.062436033014228,
        "9": -7.366995916681911,
        "10": 0.0
      },