{
  "scenario": "epd_mixed",
  "n_draws": 10,
  "exchequer_cost_mean": 445448192.0,
  "exchequer_cost_sd": 348290731.59778893,
  "poverty_rate_change_bhc_mean": 6.962084505466592e-05,
  "poverty_rate_change_bhc_sd": 8.267523660475645e-05,
  "gini_change_mean": -3.6871910711522295e-05,
  "gini_change_sd": 0.00014799478806530142,
  "displaced_weighted_mean": 6356.531140136719,
  "exchequer_cost_mc_se": 110139199.9775389,
  "poverty_rate_change_bhc_mc_se": 2.6144205376435634e-05,
  "gini_change_mc_se": 4.6800061212025655e-05,
  "lcwra_weighted_mean": 0.0,
  "reallocated_weighted_mean": 0.0,
  "cushioning_rate_mean": 0.3863046059690455,
  "cushioning_rate_sd": 0.03397776074100733,
  "cushioning_rate_mc_se": 0.010744711373383366,
  "draws": [
    {
      "scenario": "epd_mixed",
      "tariff_scenario": "epd",
      "margin": "mixed",
      "exchequer_cost": 790659072.0,
      "poverty_rate_change_bhc": 0.0,
      "poverty_rate_change_ahc": 3.185741148126198e-05,
      "absolute_poverty_rate_change_bhc": null,
      "gini_baseline": 0.30908967456288927,
      "gini_shocked": 0.30894888292297895,
      "displaced_weighted": 15860.9970703125,
      "inactive_weighted": 0.0,
      "lcwra_weighted": 0.0,
      "reallocated_weighted": 0.0,
      "gross_earnings_loss": 1574135462.8482556,
      "net_disposable_loss": 970719232.0,
      "cushioning_rate": 0.3833318320371416,
      "decile_income_change": {
        "1": -5.320044120273622,
        "2": -0.35548717003680697,
        "3": -0.9424986670650739,
        "4": -1.3968347462154367,
        "5": -2.1587948030207285,
        "6": -5.772882786432473,
        "7": -4.9562635923251985,
        "8": -11.391538675308198,
        "9": -56.458300273780466,
        "10": -65.89998084019027
      },
      "region_income_change": {
        "EAST_MIDLANDS": -85.59387702985588,
        "EAST_OF_ENGLAND": -25.63754839541829,
        "LONDON": -10.56937968520341,
        "NORTHERN_IRELAND": -3.2696721762399403,
        "NORTH_EAST": -1.4184814039233296,
        "NORTH_WEST": -13.876677472088,
        "SCOTLAND": -12.447790497895642,
        "SOUTH_EAST": -14.0291565912683,
        "SOUTH_WEST": -2.5219420494753213,
        "WALES": -5.647070821825895,
        "WEST_MIDLANDS": -3.4653702138006213,
        "YORKSHIRE": -2.6861714048859073
      },
      "age_band_displacement_share": {
        "16-24": 0.0,
        "25-34": 0.4210861921310425,
        "35-44": 0.3103008568286896,
        "45-54": 0.1830698698759079,
        "55-64": 0.08554308861494064,
        "65-+": 0.0
      }
    },
    {
      "scenario": "epd_mixed",
      "tariff_scenario": "epd",
      "margin": "mixed",
      "exchequer_cost": 1306591232.0,
      "poverty_rate_change_bhc": 0.00010175688844971109,
      "poverty_rate_change_ahc": 0.00010175688844971109,
      "absolute_poverty_rate_change_bhc": null,
      "gini_baseline": 0.30908967456288927,
      "gini_shocked": 0.30866815925412094,
      "displaced_weighted": 7542.263671875,
      "inactive_weighted": 0.0,
      "lcwra_weighted": 0.0,
      "reallocated_weighted": 0.0,
      "gross_earnings_loss": 2165987430.173728,
      "net_disposable_loss": 1170604032.0,
      "cushioning_rate": 0.4595517888549755,
      "decile_income_change": {
        "1": -0.4268354578824131,
        "2": -0.6379436948293264,
        "3": -0.9424986670650739,
        "4": -1.3968347462154367,
        "5": -2.1587948030207285,
        "6": -8.283453819443187,
        "7": -9.137068655257819,
        "8": -5.7203359704197085,
        "9": -5.488917565556615,
        "10": -152.27943017738636
      },
      "region_income_change": {
        "EAST_MIDLANDS": -4.744001808178939,
        "EAST_OF_ENGLAND": -4.0969058476726845,
        "LONDON": -4.131885424902715,
        "NORTHERN_IRELAND": -3.2696721762399403,
        "NORTH_EAST": -1.4184814039233296,
        "NORTH_WEST": -2.1155589349706876,
        "SCOTLAND": -7.730433306177533,
        "SOUTH_EAST": -3.156773095942448,
        "SOUTH_WEST": -2.5219420494753213,
        "WALES": -302.23307010423287,
        "WEST_MIDLANDS": -9.81569311625409,
        "YORKSHIRE": -2.6861714048859073
      },
      "age_band_displacement_share": {
        "16-24": 0.0,
        "25-34": 0.0,
        "35-44": 0.28230565786361694,
        "45-54": 0.0,
        "55-64": 0.33927613496780396,
        "65-+": 0.3784182369709015
      }
    },
    {
      "scenario": "epd_mixed",
      "tariff_scenario": "epd",
      "margin": "mixed",
      "exchequer_cost": 205258752.0,
      "poverty_rate_change_bhc": 0.0,
      "poverty_rate_change_ahc": 0.0,
      "absolute_poverty_rate_change_bhc": null,
      "gini_baseline": 0.30908967456288927,
      "gini_shocked": 0.3090677525787362,
      "displaced_weighted": 2027.10986328125,
      "inactive_weighted": 0.0,
      "lcwra_weighted": 0.0,
      "reallocated_weighted": 0.0,
      "gross_earnings_loss": 397941929.2748067,
      "net_disposable_loss": 249167872.0,
      "cushioning_rate": 0.37385871236520996,
      "decile_income_change": {
        "1": -0.4268354578824131,
        "2": -0.35548717003680697,
        "3": -0.9424986670650739,
        "4": -1.3968347462154367,
        "5": -2.1587948030207285,
        "6": -3.045084986086495,
        "7": -4.9562635923251985,
        "8": -10.565831017100942,
        "9": -7.336546076027077,
        "10": -8.49847949418888
      },
      "region_income_change": {
        "EAST_MIDLANDS": -4.744001808178939,
        "EAST_OF_ENGLAND": -9.454311532544708,
        "LONDON": -4.131885424902715,
        "NORTHERN_IRELAND": -10.265264108653367,
        "NORTH_EAST": -1.4184814039233296,
        "NORTH_WEST": -1.8645933945840332,
        "SCOTLAND": -3.0552569610789133,
        "SOUTH_EAST": -3.156773095942448,
        "SOUTH_WEST": -2.5219420494753213,
        "WALES": -5.647070821825895,
        "WEST_MIDLANDS": -3.4653702138006213,
        "YORKSHIRE": -2.6861714048859073
      },
      "age_band_displacement_share": {
        "16-24": 0.0,
        "25-34": 0.0,
        "35-44": 0.0,
        "45-54": 0.0,
        "55-64": 1.0,
        "65-+": 0.0
      }
    },
    {
      "scenario": "epd_mixed",
      "tariff_scenario": "epd",
      "margin": "mixed",
      "exchequer_cost": 218906624.0,
      "poverty_rate_change_bhc": 0.00015906157465167547,
      "poverty_rate_change_ahc": 0.00015906157465167547,
      "absolute_poverty_rate_change_bhc": null,
      "gini_baseline": 0.30908967456288927,
      "gini_shocked": 0.30912097991701304,
      "displaced_weighted": 2496.2265625,
      "inactive_weighted": 0.0,
      "lcwra_weighted": 0.0,
      "reallocated_weighted": 0.0,
      "gross_earnings_loss": 435176639.5557157,
      "net_disposable_loss": 278396928.0,
      "cushioning_rate": 0.36026683719920394,
      "decile_income_change": {
        "1": -0.4268354578824131,
        "2": -0.35548717003680697,
        "3": -0.9424986670650739,
        "4": -1.3968347462154367,
        "5": -2.1587948030207285,
        "6": -14.406745054531832,
        "7": -4.9562635923251985,
        "8": -5.7203359704197085,
        "9": -5.488917565556615,
        "10": -8.49847949418888
      },
      "region_income_change": {
        "EAST_MIDLANDS": -20.74647554336797,
        "EAST_OF_ENGLAND": -4.0969058476726845,
        "LONDON": -4.131885424902715,
        "NORTHERN_IRELAND": -3.2696721762399403,
        "NORTH_EAST": -1.4184814039233296,
        "NORTH_WEST": -1.8645933945840332,
        "SCOTLAND": -3.0552569610789133,
        "SOUTH_EAST": -3.156773095942448,
        "SOUTH_WEST": -2.5219420494753213,
        "WALES": -5.647070821825895,
        "WEST_MIDLANDS": -3.4653702138006213,
        "YORKSHIRE": -2.6861714048859073
      },
      "age_band_displacement_share": {
        "16-24": 0.0,
        "25-34": 1.0,
        "35-44": 0.0,
        "45-54": 0.0,
        "55-64": 0.0,
        "65-+": 0.0
      }
    },
    {
      "scenario": "epd_mixed",
      "tariff_scenario": "epd",
      "margin": "mixed",