{
  "scenario": "epd_reallocation_lag3",
  "n_draws": 5,
  "exchequer_cost_mean": 470558310.4,
  "exchequer_cost_sd": 328963305.76585716,
  "poverty_rate_change_bhc_mean": 1.019179483935373e-05,
  "poverty_rate_change_bhc_sd": 1.5098643173368777e-05,
  "gini_change_mean": -8.612551526880896e-05,
  "gini_change_sd": 0.00011272397448027925,
  "displaced_weighted_mean": 0.0,
  "lcwra_weighted_mean": 0.0,
  "reallocated_weighted_mean": 25231.8044921875,
  "cushioning_rate_mean": 0.4173811340030267,
  "cushioning_rate_sd": 0.03643462570010867,
  "draws": [
    {
      "scenario": "epd_reallocation_lag3",
      "tariff_scenario": "epd",
      "margin": "reallocation",
      "exchequer_cost": 971767808.0,
      "poverty_rate_change_bhc": 3.362905725118326e-05,
      "poverty_rate_change_ahc": 3.362905725118326e-05,
      "absolute_poverty_rate_change_bhc": null,
      "gini_baseline": 0.30908967456288927,
      "gini_shocked": 0.30895350186221937,
      "displaced_weighted": 0.0,
      "inactive_weighted": 0.0,
      "lcwra_weighted": 0.0,
      "reallocated_weighted": 46479.9609375,
      "gross_earnings_loss": 1709548010.2281108,
      "net_disposable_loss": 994181120.0,
      "cushioning_rate": 0.41845381700199047,
      "decile_income_change": {
        "1": -9.492891311645508,
        "2": 0.0,
        "3": 0.0,
        "4": 0.0,
        "5": -57.200565338134766,
        "6": -26.06279182434082,
        "7": -20.393199920654297,
        "8": -65.59170532226562,
        "9": -58.62877655029297,
        "10": -132.09689331054688
      },
      "region_income_change": {
        "EAST_MIDLANDS": -105.0630874633789,
        "EAST_OF_ENGLAND": -77.92616271972656,
        "LONDON": -35.54113006591797,
        "NORTHERN_IRELAND": -20.187841415405273,
        "NORTH_EAST": -10.931676864624023,
        "NORTH_WEST": -25.441181182861328,
        "SCOTLAND": -17.81502914428711,
        "SOUTH_EAST": -23.5880069732666,
        "SOUTH_WEST": 0.0,
        "WALES": 0.0,
        "WEST_MIDLANDS": -105.48394012451172,
        "YORKSHIRE": -7.639656066894531
      },
      "age_band_displacement_share": {
        "16-24": 0.0,
        "25-34": 0.313792884349823,
        "35-44": 0.23468123376369476,
        "45-54": 0.206294983625412,
        "55-64": 0.24523089826107025,
        "65-+": 0.0
      }
    },
    {
      "scenario": "epd_reallocation_lag3",
      "tariff_scenario": "epd",
      "margin": "reallocation",
      "exchequer_cost": 618627072.0,
      "poverty_rate_change_bhc": 0.0,
      "poverty_rate_change_ahc": 0.0,
      "absolute_poverty_rate_change_bhc": null,
      "gini_baseline": 0.30908967456288927,
      "gini_shocked": 0.30883435642305057,
      "displaced_weighted": 0.0,
      "inactive_weighted": 0.0,
      "lcwra_weighted": 0.0,
      "reallocated_weighted": 15507.1376953125,
      "gross_earnings_loss": 1059517993.9600682,
      "net_disposable_loss": 596377600.0,
      "cushioning_rate": 0.43712367000868824,
      "decile_income_change": {
        "1": 0.0,
        "2": -0.210582435131073,
        "3": 0.0,
        "4": 0.0,
        "5": 0.0,
        "6": -15.375754356384277,
        "7": -23.458900451660156,
        "8": 0.0,
        "9": -21.157644271850586,
        "10": -205.01736450195312
      },
      "region_income_change": {
        "EAST_MIDLANDS": -16.740474700927734,
        "EAST_OF_ENGLAND": -22.105607986450195,
        "LONDON": 0.0,
        "NORTHERN_IRELAND": -5.448679447174072,
        "NORTH_EAST": 0.0,
        "NORTH_WEST": -0.18710467219352722,
        "SCOTLAND": -7.909688949584961,
        "SOUTH_EAST": -8.426878929138184,
        "SOUTH_WEST": 0.0,
        "WALES": -422.90216064453125,
        "WEST_MIDLANDS": -9.812444686889648,
        "YORKSHIRE": 0.0
      },
      "age_band_displacement_share": {
        "16-24": 0.0,
        "25-34": 0.16605815291404724,
        "35-44": 0.2780023217201233,
        "45-54": 0.0,
        "55-64": 0.37188681960105896,
        "65-+": 0.18405267596244812
      }
    },
    {
      "scenario": "epd_reallocation_lag3",
      "tariff_scenario": "epd",
      "margin": "reallocation",
      "exchequer_cost": 170377216.0,
      "poverty_rate_change_bhc": 0.0,
      "poverty_rate_change_ahc": 0.0,
      "absolute_poverty_rate_change_bhc": null,
      "gini_baseline": 0.30908967456288927,
      "gini_shocked": 0.3091122113978403,
      "displaced_weighted": 0.0,
      "inactive_weighted": 0.0,
      "lcwra_weighted": 0.0,
      "reallocated_weighted": 19396.55859375,
      "gross_earnings_loss": 303758073.4012367,
      "net_disposable_loss": 178913280.0,
      "cushioning_rate": 0.4110007414891921,
      "decile_income_change": {
        "1": 0.0,
        "2": 0.0,
        "3": 0.0,
        "4": -7.157885551452637,
        "5": -7.826371669769287,
        "6": -11.252516746520996,
        "7": -59.38675308227539,
        "8": -12.274462699890137,
        "9": -2.3313071727752686,
        "10": -8.307038307189941
      },
      "region_income_change": {
        "EAST_MIDLANDS": 0.0,
        "EAST_OF_ENGLAND": -8.373414039611816,
        "LONDON": -6.288932800292969,
        "NORTHERN_IRELAND": -40.28404235839844,
        "NORTH_EAST": 0.0,
        "NORTH_WEST": -6.358438014984131,
        "SCOTLAND": -12.483782768249512,
        "SOUTH_EAST": -13.17018985748291,
        "SOUTH_WEST": 0.0,
        "WALES": -6.607430934906006,
        "WEST_MIDLANDS": -52.1192741394043,
        "YORKSHIRE": 0.0
      },
      "age_band_displacement_share": {
        "16-24": 0.0,
        "25-34": 0.24957001209259033,
        "35-44": 0.3810789883136749,
        "45-54": 0.22220486402511597,
        "55-64": 0.14714622497558594,
        "65-+": 0.0
      }
    },
    {
      "scenario": "epd_reallocation_lag3",
      "tariff_scenario": "epd",
      "margin": "reallocation",
      "exchequer_cost": 230096896.0,
      "poverty_rate_change_bhc": 0.0,
      "poverty_rate_change_ahc": 0.0,
      "absolute_poverty_rate_change_bhc": null,
      "gini_baseline": 0.30908967456288927,
      "gini_shocked": 0.3090290491969886,
      "displaced_weighted": 0.0,
      "inactive_weighted": 0.0,
      "lcwra_weighted": 0.0,
      "reallocated_weighted": 9262.021484375,
      "gross_earnings_loss": 377725097.43103737,
      "net_disposable_loss": 204341248.0,
      "cushioning_rate": 0.45902125807960825,
      "decile_income_change": {
        "1": 0.0,
        "2": 0.0,
        "3": 0.0,
        "4": 0.0,
        "5": 0.0,
        "6": -25.713054656982422,
        "7": 0.0,
        "8": 0.0,
        "9": 0.0,
        "10": -53.21659851074219
      },
      "region_income_change": {
        "EAST_MIDLANDS": -91.63139343261719,
        "EAST_OF_ENGLAND": 0.0,
        "LONDON": 0.0,
        "NORTHERN_IRELAND": 0.0,
        "NORTH_EAST": 0.0,
        "NORTH_WEST": 0.0,
        "SCOTLAND": -8.1054105758667,
        "SOUTH_EAST": 0.0,
        "SOUTH_WEST": -7.209434986114502,
        "WALES": 0.0,
        "WEST_MIDLANDS": 0.0,
        "YORKSHIRE": 0.0
      },
      "age_band_displacement_share": {
        "16-24": 0.25553977489471436,
        "25-34": 0.2695120573043823,
        "35-44": 0.3429756760597229,
        "45-54": 0.0,
        "55-64": 0.13197249174118042,
        "65-+": 0.0
      }
    },
    {
      "scenario": "epd_reallocation_lag3",
      "tariff_scenario": "epd",
      "margin": "reallocation",
      "exchequer_cost": 361922560.0,
      "poverty_rate_change_bhc": 1.732991694558539e-05,
      "poverty_rate_change_ahc": 0.0001136430185747217,
      "absolute_poverty_rate_change_bhc": null,
      "gini_baseline": 0.30908967456288927,
      "gini_shocked": 0.3090886263580035,
      "displaced_weighted": 0.0,
      "inactive_weighted": 0.0,
      "lcwra_weighted": 0.0,
      "reallocated_weighted": 35513.34375,
      "gross_earnings_loss": 718676354.9224939,
      "net_disposable_loss": 459014144.0,
      "cushioning_rate": 0.36130618343565424,
      "decile_income_change": {
        "1": 0.0,
        "2": 0.0,