{
  "scenario": "epd_reallocation_lowpenalty",
  "n_draws": 5,
  "exchequer_cost_mean": 67957555.2,
  "exchequer_cost_sd": 67144564.90382871,
  "poverty_rate_change_bhc_mean": 0.0,
  "poverty_rate_change_bhc_sd": 0.0,
  "gini_change_mean": -2.3972678394490465e-05,
  "gini_change_sd": 3.547662285500454e-05,
  "displaced_weighted_mean": 0.0,
  "exchequer_cost_mc_se": 30027962.288921524,
  "poverty_rate_change_bhc_mc_se": 0.0,
  "gini_change_mc_se": 1.5865628063182565e-05,
  "lcwra_weighted_mean": 0.0,
  "reallocated_weighted_mean": 10617.00009765625,
  "cushioning_rate_mean": 0.3935074515730491,
  "cushioning_rate_sd": 0.06695722711462661,
  "cushioning_rate_mc_se": 0.02994418228263944,
  "draws": [
    {
      "scenario": "epd_reallocation_lowpenalty",
      "tariff_scenario": "epd",
      "margin": "reallocation",
      "exchequer_cost": 105644032.0,
      "poverty_rate_change_bhc": 0.0,
      "poverty_rate_change_ahc": 0.0,
      "absolute_poverty_rate_change_bhc": null,
      "gini_baseline": 0.30908967456288927,
      "gini_shocked": 0.30905682697913983,
      "displaced_weighted": 0.0,
      "inactive_weighted": 0.0,
      "lcwra_weighted": 0.0,
      "reallocated_weighted": 20579.4609375,
      "gross_earnings_loss": 193663214.51143968,
      "net_disposable_loss": 117047296.0,
      "cushioning_rate": 0.3956142043016331,
      "decile_income_change": {
        "1": -0.5750157422756226,
        "2": 0.0,
        "3": 0.0,
        "4": 0.0,
        "5": 0.0,
        "6": -0.4788914238009319,
        "7": -2.109591389544702,
        "8": -0.7053427980958324,
        "9": -7.070967646120778,
        "10": -7.706019437563106
      },
      "region_income_change": {
        "EAST_MIDLANDS": -10.494072863279856,
        "EAST_OF_ENGLAND": -2.84605181806737,
        "LONDON": -1.2987634292335337,
        "NORTHERN_IRELAND": -0.967435975514046,
        "NORTH_EAST": 0.0,
        "NORTH_WEST": -1.4638781853232936,
        "SCOTLAND": -1.3243187095877127,
        "SOUTH_EAST": -1.32381210531077,
        "SOUTH_WEST": 0.0,
        "WALES": 0.0,
        "WEST_MIDLANDS": -2.5573080281848837,
        "YORKSHIRE": 0.0
      },
      "age_band_displacement_share": {
        "16-24": 0.0,
        "25-34": 0.3245394229888916,
        "35-44": 0.23915500938892365,
        "45-54": 0.14109556376934052,
        "55-64": 0.295210063457489,
        "65-+": 0.0
      }
    },
    {
      "scenario": "epd_reallocation_lowpenalty",
      "tariff_scenario": "epd",
      "margin": "reallocation",
      "exchequer_cost": 167215104.0,
      "poverty_rate_change_bhc": 0.0,
      "poverty_rate_change_ahc": 0.0,
      "absolute_poverty_rate_change_bhc": null,
      "gini_baseline": 0.30908967456288927,
      "gini_shocked": 0.3090071660535174,
      "displaced_weighted": 0.0,
      "inactive_weighted": 0.0,
      "lcwra_weighted": 0.0,
      "reallocated_weighted": 10792.716796875,
      "gross_earnings_loss": 279696835.6632146,
      "net_disposable_loss": 153354240.0,
      "cushioning_rate": 0.45171263866333056,
      "decile_income_change": {
        "1": 0.0,
        "2": -0.020877960458791915,
        "3": 0.0,
        "4": 0.0,
        "5": 0.0,
        "6": -1.9571339725791366,
        "7": -0.5239052670087233,
        "8": 0.0,
        "9": -1.2324515127925872,
        "10": -20.697620525101865
      },
      "region_income_change": {
        "EAST_MIDLANDS": 0.0,
        "EAST_OF_ENGLAND": 0.0,
        "LONDON": 0.0,
        "NORTHERN_IRELAND": 0.0,
        "NORTH_EAST": 0.0,
        "NORTH_WEST": -0.0185502835615525,
        "SCOTLAND": -0.5858559474843507,
        "SOUTH_EAST": -1.7176224318976643,
        "SOUTH_WEST": 0.0,
        "WALES": -42.69428208004446,
        "WEST_MIDLANDS": -1.0240045762871042,
        "YORKSHIRE": 0.0
      },
      "age_band_displacement_share": {
        "16-24": 0.0,
        "25-34": 0.0,
        "35-44": 0.3727400600910187,
        "45-54": 0.0,
        "55-64": 0.36281031370162964,
        "65-+": 0.2644496560096741
      }
    },
    {
      "scenario": "epd_reallocation_lowpenalty",
      "tariff_scenario": "epd",
      "margin": "reallocation",
      "exchequer_cost": 14303232.0,
      "poverty_rate_change_bhc": 0.0,
      "poverty_rate_change_ahc": 0.0,
      "absolute_poverty_rate_change_bhc": null,
      "gini_baseline": 0.30908967456288927,
      "gini_shocked": 0.30908737060117164,
      "displaced_weighted": 0.0,
      "inactive_weighted": 0.0,
      "lcwra_weighted": 0.0,
      "reallocated_weighted": 6590.88720703125,
      "gross_earnings_loss": 33276226.718012676,
      "net_disposable_loss": 23986176.0,
      "cushioning_rate": 0.2791798119641943,
      "decile_income_change": {
        "1": 0.0,
        "2": 0.0,
        "3": 0.0,
        "4": 0.0,
        "5": 0.0,
        "6": 0.0,
        "7": -2.6043239139209886,
        "8": -0.5574936030979789,
        "9": -0.235358494564295,
        "10": -0.4193193567222415
      },
      "region_income_change": {
        "EAST_MIDLANDS": 0.0,
        "EAST_OF_ENGLAND": -0.6163909713544248,
        "LONDON": 0.0,
        "NORTHERN_IRELAND": -2.479007163784787,
        "NORTH_EAST": 0.0,
        "NORTH_WEST": 0.0,
        "SCOTLAND": 0.0,
        "SOUTH_EAST": 0.0,
        "SOUTH_WEST": 0.0,
        "WALES": 0.0,
        "WEST_MIDLANDS": -3.157037180788558,
        "YORKSHIRE": 0.0
      },
      "age_band_displacement_share": {
        "16-24": 0.0,
        "25-34": 0.12916091084480286,
        "35-44": 0.5632765889167786,
        "45-54": 0.0,
        "55-64": 0.30756253004074097,
        "65-+": 0.0
      }
    },
    {
      "scenario": "epd_reallocation_lowpenalty",
      "tariff_scenario": "epd",
      "margin": "reallocation",
      "exchequer_cost": 11927552.0,
      "poverty_rate_change_bhc": 0.0,
      "poverty_rate_change_ahc": 0.0,
      "absolute_poverty_rate_change_bhc": null,
      "gini_baseline": 0.30908967456288927,
      "gini_shocked": 0.3090911667485987,
      "displaced_weighted": 0.0,
      "inactive_weighted": 0.0,
      "lcwra_weighted": 0.0,
      "reallocated_weighted": 3718.55859375,
      "gross_earnings_loss": 20950075.462257385,
      "net_disposable_loss": 12189696.0,
      "cushioning_rate": 0.4181550313763619,
      "decile_income_change": {
        "1": 0.0,
        "2": 0.0,
        "3": 0.0,
        "4": 0.0,
        "5": 0.0,
        "6": -1.3981055146302854,
        "7": 0.0,
        "8": 0.0,
        "9": 0.0,
        "10": -0.5382923023222215
      },
      "region_income_change": {
        "EAST_MIDLANDS": -1.9691793841844356,
        "EAST_OF_ENGLAND": 0.0,
        "LONDON": 0.0,
        "NORTHERN_IRELAND": 0.0,
        "NORTH_EAST": 0.0,
        "NORTH_WEST": 0.0,
        "SCOTLAND": 0.0,
        "SOUTH_EAST": 0.0,
        "SOUTH_WEST": -0.5857786570004588,
        "WALES": 0.0,
        "WEST_MIDLANDS": 0.0,
        "YORKSHIRE": 0.0
      },
      "age_band_displacement_share": {
        "16-24": 0.0,
        "25-34": 0.6712887287139893,
        "35-44": 0.0,
        "45-54": 0.0,
        "55-64": 0.32871124148368835,
        "65-+": 0.0
      }
    },
    {
      "scenario": "epd_reallocation_lowpenalty",
      "tariff_scenario": "epd",
      "margin": "reallocation",
      "exchequer_cost": 40697856.0,
      "poverty_rate_change_bhc": 0.0,
      "poverty_rate_change_ahc": 0.0,
      "absolute_poverty_rate_change_bhc": null,
      "gini_baseline": 0.30908967456288927,
      "gini_shocked": 0.3090859790400463,
      "displaced_weighted": 0.0,
      "inactive_weighted": 0.0,
      "lcwra_weighted": 0.0,
      "reallocated_weighted": 11403.376953125,
      "gross_earnings_loss": 71086119.35016307,
      "net_disposable_loss": 41025536.0,
      "cushioning_rate": 0.42287557155972555,
      "decile_income_change": {
        "1": 0.0,
        "2": 0.0,
        "3": 0.0,
        "4": 0.0,
        "5": -1.3069168698709162,
        "6": -0.3056896903446968,
        "7": -0.5602867460757112,
        "8": -2.3303038911076492,