{
  "scenario": "full_tariff_reallocation_lag3",
  "n_draws": 5,
  "exchequer_cost_mean": 244541030.4,
  "exchequer_cost_sd": 215939578.74242082,
  "poverty_rate_change_bhc_mean": 6.700042325930022e-06,
  "poverty_rate_change_bhc_sd": 1.4981750092905333e-05,
  "gini_change_mean": -6.192306568517659e-05,
  "gini_change_sd": 0.0001217767126253923,
  "displaced_weighted_mean": 0.0,
  "exchequer_cost_mc_se": 96571115.42014429,
  "poverty_rate_change_bhc_mc_se": 6.700042325930022e-06,
  "gini_change_mc_se": 5.446020150136681e-05,
  "lcwra_weighted_mean": 0.0,
  "reallocated_weighted_mean": 12813.15478515625,
  "cushioning_rate_mean": 0.3938764283050775,
  "cushioning_rate_sd": 0.03856012989992571,
  "cushioning_rate_mc_se": 0.01724461433549121,
  "draws": [
    {
      "scenario": "full_tariff_reallocation_lag3",
      "tariff_scenario": "full_tariff",
      "margin": "reallocation",
      "exchequer_cost": 379879424.0,
      "poverty_rate_change_bhc": 0.0,
      "poverty_rate_change_ahc": 0.0,
      "absolute_poverty_rate_change_bhc": null,
      "gini_baseline": 0.30908967456288927,
      "gini_shocked": 0.30900122787033,
      "displaced_weighted": 0.0,
      "inactive_weighted": 0.0,
      "lcwra_weighted": 0.0,
      "reallocated_weighted": 22073.76171875,
      "gross_earnings_loss": 682444085.9782023,
      "net_disposable_loss": 404881408.0,
      "cushioning_rate": 0.4067185630019041,
      "decile_income_change": {
        "1": -1.8985782639149433,
        "2": 0.0,
        "3": 0.0,
        "4": 0.0,
        "5": 0.0,
        "6": -1.5891116254087594,
        "7": -6.965420143887682,
        "8": -2.350572664053938,
        "9": -27.513111876690697,
        "10": -24.1843161515534
      },
      "region_income_change": {
        "EAST_MIDLANDS": -32.81207612992302,
        "EAST_OF_ENGLAND": -9.39705367395763,
        "LONDON": -3.4063681135850037,
        "NORTHERN_IRELAND": -3.3646402847826367,
        "NORTH_EAST": -10.931676716276915,
        "NORTH_WEST": -5.537004815487637,
        "SCOTLAND": -4.405714304754024,
        "SOUTH_EAST": -4.2584859378824,
        "SOUTH_WEST": 0.0,
        "WALES": 0.0,
        "WEST_MIDLANDS": -8.44368484907832,
        "YORKSHIRE": 0.0
      },
      "age_band_displacement_share": {
        "16-24": 0.0,
        "25-34": 0.3025694787502289,
        "35-44": 0.22296522557735443,
        "45-54": 0.19923968613147736,
        "55-64": 0.27522557973861694,
        "65-+": 0.0
      }
    },
    {
      "scenario": "full_tariff_reallocation_lag3",
      "tariff_scenario": "full_tariff",
      "margin": "reallocation",
      "exchequer_cost": 553435136.0,
      "poverty_rate_change_bhc": 0.0,
      "poverty_rate_change_ahc": 0.0,
      "absolute_poverty_rate_change_bhc": null,
      "gini_baseline": 0.30908967456288927,
      "gini_shocked": 0.3088253473230921,
      "displaced_weighted": 0.0,
      "inactive_weighted": 0.0,
      "lcwra_weighted": 0.0,
      "reallocated_weighted": 10792.716796875,
      "gross_earnings_loss": 923499016.3237205,
      "net_disposable_loss": 505020416.0,
      "cushioning_rate": 0.45314460863164396,
      "decile_income_change": {
        "1": 0.0,
        "2": -0.10529121904875603,
        "3": 0.0,
        "4": 0.0,
        "5": 0.0,
        "6": -6.371109474079857,
        "7": -1.7323478906451721,
        "8": 0.0,
        "9": -3.915755726218005,
        "10": -68.33911762993418
      },
      "region_income_change": {
        "EAST_MIDLANDS": 0.0,
        "EAST_OF_ENGLAND": 0.0,
        "LONDON": 0.0,
        "NORTHERN_IRELAND": 0.0,
        "NORTH_EAST": 0.0,
        "NORTH_WEST": -0.09355233590709568,
        "SCOTLAND": -1.9371943340847244,
        "SOUTH_EAST": -5.558763545492547,
        "SOUTH_WEST": 0.0,
        "WALES": -140.96739099333686,
        "WEST_MIDLANDS": -3.2708149974224736,
        "YORKSHIRE": 0.0
      },
      "age_band_displacement_share": {
        "16-24": 0.0,
        "25-34": 0.0,
        "35-44": 0.3727400600910187,
        "45-54": 0.0,
        "55-64": 0.36281031370162964,
        "65-+": 0.2644496560096741
      }
    },
    {
      "scenario": "full_tariff_reallocation_lag3",
      "tariff_scenario": "full_tariff",
      "margin": "reallocation",
      "exchequer_cost": 78217216.0,
      "poverty_rate_change_bhc": 0.0,
      "poverty_rate_change_ahc": 0.0,
      "absolute_poverty_rate_change_bhc": null,
      "gini_baseline": 0.30908967456288927,
      "gini_shocked": 0.3090938001294682,
      "displaced_weighted": 0.0,
      "inactive_weighted": 0.0,
      "lcwra_weighted": 0.0,
      "reallocated_weighted": 9393.4560546875,
      "gross_earnings_loss": 147774649.9439384,
      "net_disposable_loss": 91619328.0,
      "cushioning_rate": 0.38000646230758905,
      "decile_income_change": {
        "1": 0.0,
        "2": 0.0,
        "3": 0.0,
        "4": 0.0,
        "5": -1.9565929586275759,
        "6": 0.0,
        "7": -8.598916334497805,
        "8": -1.8933294487112353,
        "9": -0.7771023355930946,
        "10": -1.3845062294976558
      },
      "region_income_change": {
        "EAST_MIDLANDS": 0.0,
        "EAST_OF_ENGLAND": -2.0933534869277257,
        "LONDON": -1.57223313936266,
        "NORTHERN_IRELAND": -8.185160240741777,
        "NORTH_EAST": 0.0,
        "NORTH_WEST": 0.0,
        "SCOTLAND": 0.0,
        "SOUTH_EAST": 0.0,
        "SOUTH_WEST": 0.0,
        "WALES": 0.0,
        "WEST_MIDLANDS": -10.423856432523328,
        "YORKSHIRE": 0.0
      },
      "age_band_displacement_share": {
        "16-24": 0.0,
        "25-34": 0.0906253308057785,
        "35-44": 0.39522114396095276,
        "45-54": 0.2983532249927521,
        "55-64": 0.2158002108335495,
        "65-+": 0.0
      }
    },
    {
      "scenario": "full_tariff_reallocation_lag3",
      "tariff_scenario": "full_tariff",
      "margin": "reallocation",
      "exchequer_cost": 48545792.0,
      "poverty_rate_change_bhc": 3.350021162965011e-05,
      "poverty_rate_change_ahc": 0.0,
      "absolute_poverty_rate_change_bhc": null,
      "gini_baseline": 0.30908967456288927,
      "gini_shocked": 0.30910602210340754,
      "displaced_weighted": 0.0,
      "inactive_weighted": 0.0,
      "lcwra_weighted": 0.0,
      "reallocated_weighted": 5821.49560546875,
      "gross_earnings_loss": 96730477.27417086,
      "net_disposable_loss": 62783488.0,
      "cushioning_rate": 0.3509440895029621,
      "decile_income_change": {
        "1": 0.0,
        "2": 0.0,
        "3": 0.0,
        "4": 0.0,
        "5": -3.161194727995577,
        "6": -4.616247780238611,
        "7": 0.0,
        "8": 0.0,
        "9": 0.0,
        "10": -2.2083330435067365
      },
      "region_income_change": {
        "EAST_MIDLANDS": -6.50181253561313,
        "EAST_OF_ENGLAND": 0.0,
        "LONDON": 0.0,
        "NORTHERN_IRELAND": 0.0,
        "NORTH_EAST": 0.0,
        "NORTH_WEST": -2.8078753810477224,
        "SCOTLAND": 0.0,
        "SOUTH_EAST": 0.0,
        "SOUTH_WEST": -2.403144832007586,
        "WALES": 0.0,
        "WEST_MIDLANDS": 0.0,
        "YORKSHIRE": 0.0
      },
      "age_band_displacement_share": {
        "16-24": 0.0,
        "25-34": 0.7900312542915344,
        "35-44": 0.0,
        "45-54": 0.0,
        "55-64": 0.20996873080730438,
        "65-+": 0.0
      }
    },
    {
      "scenario": "full_tariff_reallocation_lag3",
      "tariff_scenario": "full_tariff",
      "margin": "reallocation",
      "exchequer_cost": 162627584.0,
      "poverty_rate_change_bhc": 0.0,
      "poverty_rate_change_ahc": 3.150308116051104e-05,
      "absolute_poverty_rate_change_bhc": null,
      "gini_baseline": 0.30908967456288927,
      "gini_shocked": 0.30911236005972265,
      "displaced_weighted": 0.0,
      "inactive_weighted": 0.0,
      "lcwra_weighted": 0.0,
      "reallocated_weighted": 15984.34375,
      "gross_earnings_loss": 307731460.009728,
      "net_disposable_loss": 191234048.0,
      "cushioning_rate": 0.3785684180812885,