{
  "scenario": "full_tariff_reallocation",
  "n_draws": 5,
  "exchequer_cost_mean": 338785075.2,
  "exchequer_cost_sd": 208772266.21088123,
  "poverty_rate_change_bhc_mean": 3.465983389117078e-06,
  "poverty_rate_change_bhc_sd": 7.750174466950891e-06,
  "gini_change_mean": -6.359626856085043e-05,
  "gini_change_sd": 6.932311914964627e-05,
  "displaced_weighted_mean": 0.0,
  "lcwra_weighted_mean": 0.0,
  "reallocated_weighted_mean": 32201.625390625,
  "cushioning_rate_mean": 0.4231299493955632,
  "cushioning_rate_sd": 0.03643417257896864,
  "draws": [
    {
      "scenario": "full_tariff_reallocation",
      "tariff_scenario": "full_tariff",
      "margin": "reallocation",
      "exchequer_cost": 653344768.0,
      "poverty_rate_change_bhc": 0.0,
      "poverty_rate_change_ahc": 3.362905725118326e-05,
      "absolute_poverty_rate_change_bhc": null,
      "gini_baseline": 0.30908967456288927,
      "gini_shocked": 0.30897212222474657,
      "displaced_weighted": 0.0,
      "inactive_weighted": 0.0,
      "lcwra_weighted": 0.0,
      "reallocated_weighted": 53015.23828125,
      "gross_earnings_loss": 1150968442.2525449,
      "net_disposable_loss": 670171136.0,
      "cushioning_rate": 0.4177328314159361,
      "decile_income_change": {
        "1": -5.811765193939209,
        "2": 0.0,
        "3": -5.610237121582031,
        "4": 0.0,
        "5": -32.727447509765625,
        "6": -18.656597137451172,
        "7": -12.291450500488281,
        "8": -39.603721618652344,
        "9": -59.36539077758789,
        "10": -80.25333404541016
      },
      "region_income_change": {
        "EAST_MIDLANDS": -91.5122299194336,
        "EAST_OF_ENGLAND": -45.17451477050781,
        "LONDON": -25.190183639526367,
        "NORTHERN_IRELAND": -11.733574867248535,
        "NORTH_EAST": -6.410185813903809,
        "NORTH_WEST": -14.734478950500488,
        "SCOTLAND": -10.676006317138672,
        "SOUTH_EAST": -20.310810089111328,
        "SOUTH_WEST": 0.0,
        "WALES": 0.0,
        "WEST_MIDLANDS": -63.79129409790039,
        "YORKSHIRE": -5.7652411460876465
      },
      "age_band_displacement_share": {
        "16-24": 0.0,
        "25-34": 0.2751111090183258,
        "35-44": 0.29585981369018555,
        "45-54": 0.18086466193199158,
        "55-64": 0.24816447496414185,
        "65-+": 0.0
      }
    },
    {
      "scenario": "full_tariff_reallocation",
      "tariff_scenario": "full_tariff",
      "margin": "reallocation",
      "exchequer_cost": 442236928.0,
      "poverty_rate_change_bhc": 0.0,
      "poverty_rate_change_ahc": 0.0,
      "absolute_poverty_rate_change_bhc": null,
      "gini_baseline": 0.30908967456288927,
      "gini_shocked": 0.30893922601739765,
      "displaced_weighted": 0.0,
      "inactive_weighted": 0.0,
      "lcwra_weighted": 0.0,
      "reallocated_weighted": 23825.87109375,
      "gross_earnings_loss": 752517100.8020685,
      "net_disposable_loss": 421003264.0,
      "cushioning_rate": 0.44053993782829026,
      "decile_income_change": {
        "1": 0.0,
        "2": -0.09177680313587189,
        "3": 0.0,
        "4": -9.548087120056152,
        "5": -4.791479110717773,
        "6": -9.299755096435547,
        "7": -13.770915985107422,
        "8": -0.5577563047409058,
        "9": -21.86418914794922,
        "10": -125.51631164550781
      },
      "region_income_change": {
        "EAST_MIDLANDS": -22.533447265625,
        "EAST_OF_ENGLAND": -12.883392333984375,
        "LONDON": -3.850224494934082,
        "NORTHERN_IRELAND": -5.447881698608398,
        "NORTH_EAST": 0.0,
        "NORTH_WEST": -0.08154463768005371,
        "SCOTLAND": -15.50655460357666,
        "SOUTH_EAST": -5.2968244552612305,
        "SOUTH_WEST": 0.0,
        "WALES": -258.9103698730469,
        "WEST_MIDLANDS": -5.879170894622803,
        "YORKSHIRE": 0.0
      },
      "age_band_displacement_share": {
        "16-24": 0.0,
        "25-34": 0.2704319655895233,
        "35-44": 0.2501060664653778,
        "45-54": 0.1176270917057991,
        "55-64": 0.2420436143875122,
        "65-+": 0.11979121714830399
      }
    },
    {
      "scenario": "full_tariff_reallocation",
      "tariff_scenario": "full_tariff",
      "margin": "reallocation",
      "exchequer_cost": 161251328.0,
      "poverty_rate_change_bhc": 0.0,
      "poverty_rate_change_ahc": 0.0,
      "absolute_poverty_rate_change_bhc": null,
      "gini_baseline": 0.30908967456288927,
      "gini_shocked": 0.30911037909572314,
      "displaced_weighted": 0.0,
      "inactive_weighted": 0.0,
      "lcwra_weighted": 0.0,
      "reallocated_weighted": 25376.78515625,
      "gross_earnings_loss": 266799995.6165884,
      "net_disposable_loss": 145489920.0,
      "cushioning_rate": 0.454685448312076,
      "decile_income_change": {
        "1": 0.0,
        "2": 0.0,
        "3": -1.1772620677947998,
        "4": -4.382221698760986,
        "5": -16.71265983581543,
        "6": -14.722333908081055,
        "7": -38.42934036254883,
        "8": -7.377260208129883,
        "9": -1.4272804260253906,
        "10": -5.085757732391357
      },
      "region_income_change": {
        "EAST_MIDLANDS": 0.0,
        "EAST_OF_ENGLAND": -4.983963489532471,
        "LONDON": -3.850224494934082,
        "NORTHERN_IRELAND": -29.11997413635254,
        "NORTH_EAST": 0.0,
        "NORTH_WEST": -10.851967811584473,
        "SCOTLAND": -7.416568279266357,
        "SOUTH_EAST": -8.063085556030273,
        "SOUTH_WEST": 0.0,
        "WALES": -4.045219421386719,
        "WEST_MIDLANDS": -49.103275299072266,
        "YORKSHIRE": 0.0
      },
      "age_band_displacement_share": {
        "16-24": 0.0,
        "25-34": 0.31860560178756714,
        "35-44": 0.29127493500709534,
        "45-54": 0.2776494026184082,
        "55-64": 0.11247013509273529,
        "65-+": 0.0
      }
    },
    {
      "scenario": "full_tariff_reallocation",
      "tariff_scenario": "full_tariff",
      "margin": "reallocation",
      "exchequer_cost": 172392448.0,
      "poverty_rate_change_bhc": 0.0,
      "poverty_rate_change_ahc": 0.0,
      "absolute_poverty_rate_change_bhc": null,
      "gini_baseline": 0.30908967456288927,
      "gini_shocked": 0.3090486299840072,
      "displaced_weighted": 0.0,
      "inactive_weighted": 0.0,
      "lcwra_weighted": 0.0,
      "reallocated_weighted": 16037.927734375,
      "gross_earnings_loss": 292018476.7738005,
      "net_disposable_loss": 163446784.0,
      "cushioning_rate": 0.4402861565276672,
      "decile_income_change": {
        "1": 0.0,
        "2": 0.0,
        "3": 0.0,
        "4": 0.0,
        "5": -6.726833820343018,
        "6": -15.373818397521973,
        "7": 0.0,
        "8": 0.0,
        "9": 0.0,
        "10": -43.45079040527344
      },
      "region_income_change": {
        "EAST_MIDLANDS": -58.348297119140625,
        "EAST_OF_ENGLAND": 0.0,
        "LONDON": -3.850224494934082,
        "NORTHERN_IRELAND": 0.0,
        "NORTH_EAST": 0.0,
        "NORTH_WEST": -1.7190451622009277,
        "SCOTLAND": -4.550452709197998,
        "SOUTH_EAST": 0.0,
        "SOUTH_WEST": -4.176730632781982,
        "WALES": 0.0,
        "WEST_MIDLANDS": -11.506121635437012,
        "YORKSHIRE": 0.0
      },
      "age_band_displacement_share": {
        "16-24": 0.14757610857486725,
        "25-34": 0.4033915400505066,
        "35-44": 0.1980709731578827,
        "45-54": 0.17474626004695892,
        "55-64": 0.07621508836746216,
        "65-+": 0.0
      }
    },
    {
      "scenario": "full_tariff_reallocation",
      "tariff_scenario": "full_tariff",
      "margin": "reallocation",
      "exchequer_cost": 264699904.0,
      "poverty_rate_change_bhc": 1.732991694558539e-05,
      "poverty_rate_change_ahc": 1.732991694558539e-05,
      "absolute_poverty_rate_change_bhc": null,
      "gini_baseline": 0.30908967456288927,
      "gini_shocked": 0.30906003414976757,
      "displaced_weighted": 0.0,
      "inactive_weighted": 0.0,
      "lcwra_weighted": 0.0,