{
  "scenario": "full_tariff_inactivity",
  "n_draws": 10,
  "exchequer_cost_mean": 394947788.8,
  "exchequer_cost_sd": 337052597.33849496,
  "poverty_rate_change_bhc_mean": 0.0001410954768589906,
  "poverty_rate_change_bhc_sd": 8.782466173085303e-05,
  "gini_change_mean": 2.4755567966094904e-05,
  "gini_change_sd": 0.00016095265822850034,
  "displaced_weighted_mean": 13586.994775390625,
  "exchequer_cost_mc_se": 106585389.88652506,
  "poverty_rate_change_bhc_mc_se": 2.7772596580332133e-05,
  "gini_change_mc_se": 5.0897699546070286e-05,
  "lcwra_weighted_mean": 5352.783227539063,
  "reallocated_weighted_mean": 0.0,
  "cushioning_rate_mean": 0.354563896755816,
  "cushioning_rate_sd": 0.04899420628889802,
  "cushioning_rate_mc_se": 0.015493328402506333,
  "draws": [
    {
      "scenario": "full_tariff_inactivity",
      "tariff_scenario": "full_tariff",
      "margin": "inactivity",
      "exchequer_cost": 702300160.0,
      "poverty_rate_change_bhc": 2.3804476516897655e-05,
      "poverty_rate_change_ahc": 5.566188799815963e-05,
      "absolute_poverty_rate_change_bhc": null,
      "gini_baseline": 0.30908967456288927,
      "gini_shocked": 0.3090004806925526,
      "displaced_weighted": 22073.76171875,
      "inactive_weighted": 8075.07568359375,
      "lcwra_weighted": 8075.07568359375,
      "reallocated_weighted": 0.0,
      "gross_earnings_loss": 1476352809.0388372,
      "net_disposable_loss": 929693696.0,
      "cushioning_rate": 0.3702767452955459,
      "decile_income_change": {
        "1": -4.930530387710879,
        "2": 0.0,
        "3": 0.0,
        "4": 0.0,
        "5": 0.0,
        "6": -2.732049558883372,
        "7": -14.924020618356797,
        "8": -5.716598595560394,
        "9": -59.802314233641724,
        "10": -59.98273184591727
      },
      "region_income_change": {
        "EAST_MIDLANDS": -81.52528276401537,
        "EAST_OF_ENGLAND": -21.723815471581773,
        "LONDON": -5.539743147835399,
        "NORTHERN_IRELAND": -7.958751682955859,
        "NORTH_EAST": -22.74122180970676,
        "NORTH_WEST": -12.094763172556402,
        "SCOTLAND": -9.44805418863053,
        "SOUTH_EAST": -10.950698903692134,
        "SOUTH_WEST": 0.0,
        "WALES": 0.0,
        "WEST_MIDLANDS": -18.09133177603532,
        "YORKSHIRE": 0.0
      },
      "age_band_displacement_share": {
        "16-24": 0.0,
        "25-34": 0.3025694787502289,
        "35-44": 0.22296522557735443,
        "45-54": 0.19923968613147736,
        "55-64": 0.27522557973861694,
        "65-+": 0.0
      }
    },
    {
      "scenario": "full_tariff_inactivity",
      "tariff_scenario": "full_tariff",
      "margin": "inactivity",
      "exchequer_cost": 1213595648.0,
      "poverty_rate_change_bhc": 0.00013192318413293713,
      "poverty_rate_change_ahc": 8.524837255063922e-05,
      "absolute_poverty_rate_change_bhc": null,
      "gini_baseline": 0.30908967456288927,
      "gini_shocked": 0.30870498646067257,
      "displaced_weighted": 10792.716796875,
      "inactive_weighted": 6769.8388671875,
      "lcwra_weighted": 6769.8388671875,
      "reallocated_weighted": 0.0,
      "gross_earnings_loss": 1997834540.451532,
      "net_disposable_loss": 1069154304.0,
      "cushioning_rate": 0.464843418034829,
      "decile_income_change": {
        "1": 0.0,
        "2": 0.3248167321695875,
        "3": 0.0,
        "4": 0.0,
        "5": 0.0,
        "6": -11.541128860959564,
        "7": -3.9268829107649648,
        "8": 0.0,
        "9": -10.02104147178078,
        "10": -145.12434996272913
      },
      "region_income_change": {
        "EAST_MIDLANDS": 0.0,
        "EAST_OF_ENGLAND": 0.0,
        "LONDON": 0.0,
        "NORTHERN_IRELAND": 0.0,
        "NORTH_EAST": 0.0,
        "NORTH_WEST": 0.2886030222720021,
        "SCOTLAND": -4.391228439984374,
        "SOUTH_EAST": -12.814869820917297,
        "SOUTH_WEST": 0.0,
        "WALES": -299.3571133685356,
        "WEST_MIDLANDS": -4.930670604316123,
        "YORKSHIRE": 0.0
      },
      "age_band_displacement_share": {
        "16-24": 0.0,
        "25-34": 0.0,
        "35-44": 0.3727400600910187,
        "45-54": 0.0,
        "55-64": 0.36281031370162964,
        "65-+": 0.2644496560096741
      }
    },
    {
      "scenario": "full_tariff_inactivity",
      "tariff_scenario": "full_tariff",
      "margin": "inactivity",
      "exchequer_cost": 144572416.0,
      "poverty_rate_change_bhc": 0.0,
      "poverty_rate_change_ahc": 0.0,
      "absolute_poverty_rate_change_bhc": null,
      "gini_baseline": 0.30908967456288927,
      "gini_shocked": 0.3091433482409526,
      "displaced_weighted": 9393.4560546875,
      "inactive_weighted": 4829.677734375,
      "lcwra_weighted": 4829.677734375,
      "reallocated_weighted": 0.0,
      "gross_earnings_loss": 319685559.64075375,
      "net_disposable_loss": 210632704.0,
      "cushioning_rate": 0.341125372579549,
      "decile_income_change": {
        "1": 0.0,
        "2": 0.0,
        "3": 0.0,
        "4": 0.0,
        "5": -3.5407818580394097,
        "6": 0.0,
        "7": -20.805713003683014,
        "8": -4.8674586548406245,
        "9": -1.6548207955203371,
        "10": -2.692857709393093
      },
      "region_income_change": {
        "EAST_MIDLANDS": 0.0,
        "EAST_OF_ENGLAND": -5.38168967610095,
        "LONDON": -2.845218547841703,
        "NORTHERN_IRELAND": -16.462895676445697,
        "NORTH_EAST": 0.0,
        "NORTH_WEST": 0.0,
        "SCOTLAND": 0.0,
        "SOUTH_EAST": 0.0,
        "SOUTH_WEST": 0.0,
        "WALES": 0.0,
        "WEST_MIDLANDS": -25.221290321967235,
        "YORKSHIRE": 0.0
      },
      "age_band_displacement_share": {
        "16-24": 0.0,
        "25-34": 0.0906253308057785,
        "35-44": 0.39522114396095276,
        "45-54": 0.2983532249927521,
        "55-64": 0.2158002108335495,
        "65-+": 0.0
      }
    },
    {
      "scenario": "full_tariff_inactivity",
      "tariff_scenario": "full_tariff",
      "margin": "inactivity",
      "exchequer_cost": 90537984.0,
      "poverty_rate_change_bhc": 0.0001925617862813256,
      "poverty_rate_change_ahc": 0.0001925617862813256,
      "absolute_poverty_rate_change_bhc": null,
      "gini_baseline": 0.30908967456288927,
      "gini_shocked": 0.30915057400269697,
      "displaced_weighted": 5821.49560546875,
      "inactive_weighted": 1222.33203125,
      "lcwra_weighted": 1222.33203125,
      "reallocated_weighted": 0.0,
      "gross_earnings_loss": 209260091.4530468,
      "net_disposable_loss": 140247040.0,
      "cushioning_rate": 0.32979557150070227,
      "decile_income_change": {
        "1": 0.0,
        "2": 0.0,
        "3": 0.0,
        "4": 0.0,
        "5": -6.0210916641662555,
        "6": -11.44062296995892,
        "7": 0.0,
        "8": 0.0,
        "9": 0.0,
        "10": -4.8855039186407945
      },
      "region_income_change": {
        "EAST_MIDLANDS": -16.113690031919717,
        "EAST_OF_ENGLAND": 0.0,
        "LONDON": 0.0,
        "NORTHERN_IRELAND": 0.0,
        "NORTH_EAST": 0.0,
        "NORTH_WEST": -5.348128320321475,
        "SCOTLAND": 0.0,
        "SOUTH_EAST": 0.0,
        "SOUTH_WEST": -5.316486808163192,
        "WALES": 0.0,
        "WEST_MIDLANDS": 0.0,
        "YORKSHIRE": 0.0
      },
      "age_band_displacement_share": {
        "16-24": 0.0,
        "25-34": 0.7900312542915344,
        "35-44": 0.0,
        "45-54": 0.0,
        "55-64": 0.20996873080730438,
        "65-+": 0.0
      }
    },
    {
      "scenario": "full_tariff_inactivity",
      "tariff_scenario": "full_tariff",
      "margin": "inactivity",
      "exchequer_cost": 268615680.0,
      "poverty_rate_change_bhc": 0.0001869247310284372,
      "poverty_rate_change_ahc": 0.0001869247310284372,
      "absolute_poverty_rate_change_bhc": null,
      "gini_baseline": 0.30908967456288927,
      "gini_shocked": 0.3092414497971194,
      "displaced_weighted": 15984.34375,
      "inactive_weighted": 3345.489501953125,
      "lcwra_weighted": 3345.489501953125,