{
  "scenario": "full_tariff_mixed",
  "n_draws": 10,
  "exchequer_cost_mean": 531963904.0,
  "exchequer_cost_sd": 336858960.86122805,
  "poverty_rate_change_bhc_mean": 8.672850048341007e-05,
  "poverty_rate_change_bhc_sd": 9.414220137098076e-05,
  "gini_change_mean": -3.632190639526467e-05,
  "gini_change_sd": 0.00015427668218469232,
  "displaced_weighted_mean": 8196.09541015625,
  "exchequer_cost_mc_se": 106524156.65589958,
  "poverty_rate_change_bhc_mc_se": 2.977037802745254e-05,
  "gini_change_mc_se": 4.878657055575495e-05,
  "lcwra_weighted_mean": 0.0,
  "reallocated_weighted_mean": 0.0,
  "cushioning_rate_mean": 0.3846956175459876,
  "cushioning_rate_sd": 0.03245660659607775,
  "cushioning_rate_mc_se": 0.010263680196365033,
  "draws": [
    {
      "scenario": "full_tariff_mixed",
      "tariff_scenario": "full_tariff",
      "margin": "mixed",
      "exchequer_cost": 845578240.0,
      "poverty_rate_change_bhc": 0.0,
      "poverty_rate_change_ahc": 3.185741148126198e-05,
      "absolute_poverty_rate_change_bhc": null,
      "gini_baseline": 0.30908967456288927,
      "gini_shocked": 0.3089421220300175,
      "displaced_weighted": 15860.9970703125,
      "inactive_weighted": 0.0,
      "lcwra_weighted": 0.0,
      "reallocated_weighted": 0.0,
      "gross_earnings_loss": 1671754183.1445718,
      "net_disposable_loss": 1027211264.0,
      "cushioning_rate": 0.38554885978044073,
      "decile_income_change": {
        "1": -5.356342359939554,
        "2": -0.3595564518755305,
        "3": -1.4093028403289931,
        "4": -1.8964095011562054,
        "5": -2.574354347115549,
        "6": -6.872400965421092,
        "7": -6.0176318860433,
        "8": -12.324435723545928,
        "9": -57.646750483619016,
        "10": -69.18943265965123
      },
      "region_income_change": {
        "EAST_MIDLANDS": -86.2509282094024,
        "EAST_OF_ENGLAND": -26.57610623586042,
        "LONDON": -11.517128456037193,
        "NORTHERN_IRELAND": -4.090511698580216,
        "NORTH_EAST": -2.0309576891257644,
        "NORTH_WEST": -15.150655208239716,
        "SCOTLAND": -13.239486598684715,
        "SOUTH_EAST": -14.880792681553235,
        "SOUTH_WEST": -3.17052224732429,
        "WALES": -6.05594806717004,
        "WEST_MIDLANDS": -4.414236902831901,
        "YORKSHIRE": -4.0456645617692715
      },
      "age_band_displacement_share": {
        "16-24": 0.0,
        "25-34": 0.4210861921310425,
        "35-44": 0.3103008568286896,
        "45-54": 0.1830698698759079,
        "55-64": 0.08554308861494064,
        "65-+": 0.0
      }
    },
    {
      "scenario": "full_tariff_mixed",
      "tariff_scenario": "full_tariff",
      "margin": "mixed",
      "exchequer_cost": 1361510400.0,
      "poverty_rate_change_bhc": 0.00010175688844971109,
      "poverty_rate_change_ahc": 0.00010175688844971109,
      "absolute_poverty_rate_change_bhc": null,
      "gini_baseline": 0.30908967456288927,
      "gini_shocked": 0.3086613919262923,
      "displaced_weighted": 7542.263671875,
      "inactive_weighted": 0.0,
      "lcwra_weighted": 0.0,
      "reallocated_weighted": 0.0,
      "gross_earnings_loss": 2263606150.470044,
      "net_disposable_loss": 1227096064.0,
      "cushioning_rate": 0.45790213383843736,
      "decile_income_change": {
        "1": -0.4631336975483454,
        "2": -0.6420129766680498,
        "3": -1.4093028403289931,
        "4": -1.8964095011562054,
        "5": -2.574354347115549,
        "6": -9.382971998431808,
        "7": -10.19843694897592,
        "8": -6.653233018657439,
        "9": -6.677367775395159,
        "10": -155.56888199684735
      },
      "region_income_change": {
        "EAST_MIDLANDS": -5.401052987725483,
        "EAST_OF_ENGLAND": -5.035463688114812,
        "LONDON": -5.0796341957364985,
        "NORTHERN_IRELAND": -4.090511698580216,
        "NORTH_EAST": -2.0309576891257644,
        "NORTH_WEST": -3.3895366711224044,
        "SCOTLAND": -8.522129406966608,
        "SOUTH_EAST": -4.008409186227384,
        "SOUTH_WEST": -3.17052224732429,
        "WALES": -302.64194734957704,
        "WEST_MIDLANDS": -10.764559805285371,
        "YORKSHIRE": -4.0456645617692715
      },
      "age_band_displacement_share": {
        "16-24": 0.0,
        "25-34": 0.0,
        "35-44": 0.28230565786361694,
        "45-54": 0.0,
        "55-64": 0.33927613496780396,
        "65-+": 0.3784182369709015
      }
    },
    {
      "scenario": "full_tariff_mixed",
      "tariff_scenario": "full_tariff",
      "margin": "mixed",
      "exchequer_cost": 260030464.0,
      "poverty_rate_change_bhc": 0.0,
      "poverty_rate_change_ahc": 0.0,
      "absolute_poverty_rate_change_bhc": null,
      "gini_baseline": 0.30908967456288927,
      "gini_shocked": 0.3090610478692709,
      "displaced_weighted": 2027.10986328125,
      "inactive_weighted": 0.0,
      "lcwra_weighted": 0.0,
      "reallocated_weighted": 0.0,
      "gross_earnings_loss": 495269410.92062485,
      "net_disposable_loss": 305266688.0,
      "cushioning_rate": 0.3836350857353392,
      "decile_income_change": {
        "1": -0.4631336975483454,
        "2": -0.3595564518755305,
        "3": -1.4093028403289931,
        "4": -1.8964095011562054,
        "5": -2.574354347115549,
        "6": -4.1446031650751145,
        "7": -6.0176318860433,
        "8": -11.465326715636008,
        "9": -8.524996285865623,
        "10": -11.787931313649858
      },
      "region_income_change": {
        "EAST_MIDLANDS": -5.401052987725483,
        "EAST_OF_ENGLAND": -10.35593928038422,
        "LONDON": -5.0796341957364985,
        "NORTHERN_IRELAND": -11.086103630993644,
        "NORTH_EAST": -2.0309576891257644,
        "NORTH_WEST": -3.1385711307357496,
        "SCOTLAND": -3.8469530618679877,
        "SOUTH_EAST": -4.008409186227384,
        "SOUTH_WEST": -3.17052224732429,
        "WALES": -6.05594806717004,
        "WEST_MIDLANDS": -4.414236902831901,
        "YORKSHIRE": -4.0456645617692715
      },
      "age_band_displacement_share": {
        "16-24": 0.0,
        "25-34": 0.0,
        "35-44": 0.0,
        "45-54": 0.0,
        "55-64": 1.0,
        "65-+": 0.0
      }
    },
    {
      "scenario": "full_tariff_mixed",
      "tariff_scenario": "full_tariff",
      "margin": "mixed",
      "exchequer_cost": 273809408.0,
      "poverty_rate_change_bhc": 0.00015906157465167547,
      "poverty_rate_change_ahc": 0.00015906157465167547,
      "absolute_poverty_rate_change_bhc": null,
      "gini_baseline": 0.30908967456288927,
      "gini_shocked": 0.30911424860763104,
      "displaced_weighted": 2496.2265625,
      "inactive_weighted": 0.0,
      "lcwra_weighted": 0.0,
      "reallocated_weighted": 0.0,
      "gross_earnings_loss": 532795359.8520316,
      "net_disposable_loss": 334888960.0,
      "cushioning_rate": 0.3714491806140998,
      "decile_income_change": {
        "1": -0.4631336975483454,
        "2": -0.3595564518755305,
        "3": -1.4093028403289931,
        "4": -1.8964095011562054,
        "5": -2.574354347115549,
        "6": -15.506263233520455,
        "7": -6.0176318860433,
        "8": -6.653233018657439,
        "9": -6.677367775395159,
        "10": -11.787931313649858
      },
      "region_income_change": {
        "EAST_MIDLANDS": -21.403526722914513,
        "EAST_OF_ENGLAND": -5.035463688114812,
        "LONDON": -5.0796341957364985,
        "NORTHERN_IRELAND": -4.090511698580216,
        "NORTH_EAST": -2.0309576891257644,
        "NORTH_WEST": -3.1385711307357496,
        "SCOTLAND": -3.8469530618679877,
        "SOUTH_EAST": -4.008409186227384,
        "SOUTH_WEST": -3.17052224732429,
        "WALES": -6.05594806717004,
        "WEST_MIDLANDS": -4.414236902831901,
        "YORKSHIRE": -4.0456645617692715
      },
      "age_band_displacement_share": {
        "16-24": 0.0,
        "25-34": 1.0,
        "35-44": 0.0,
        "45-54": 0.0,
        "55-64": 0.0,
        "65-+": 0.0
      }
    },
    {
      "scenario": "full_tariff_mixed",