{
  "scenario": "full_tariff_displacement",
  "n_draws": 10,
  "exchequer_cost_mean": 388372889.6,
  "exchequer_cost_sd": 334121918.0630983,
  "poverty_rate_change_bhc_mean": 0.00014217779135864694,
  "poverty_rate_change_bhc_sd": 8.7803465710085e-05,
  "gini_change_mean": 2.8282970742010692e-05,
  "gini_change_sd": 0.00015946628327401469,
  "displaced_weighted_mean": 13586.994775390625,
  "exchequer_cost_mc_se": 105658627.72635454,
  "poverty_rate_change_bhc_mc_se": 2.776589381003621e-05,
  "gini_change_mc_se": 5.042766651474991e-05,
  "lcwra_weighted_mean": 0.0,
  "reallocated_weighted_mean": 0.0,
  "cushioning_rate_mean": 0.3453458607809566,
  "cushioning_rate_sd": 0.050248869618046435,
  "cushioning_rate_mc_se": 0.015890087784186182,
  "draws": [
    {
      "scenario": "full_tariff_displacement",
      "tariff_scenario": "full_tariff",
      "margin": "displacement",
      "exchequer_cost": 688259072.0,
      "poverty_rate_change_bhc": 2.3804476516897655e-05,
      "poverty_rate_change_ahc": 5.566188799815963e-05,
      "absolute_poverty_rate_change_bhc": null,
      "gini_baseline": 0.30908967456288927,
      "gini_shocked": 0.30900838136722175,
      "displaced_weighted": 22073.76171875,
      "inactive_weighted": 0.0,
      "lcwra_weighted": 0.0,
      "reallocated_weighted": 0.0,
      "gross_earnings_loss": 1476352809.0388372,
      "net_disposable_loss": 943718400.0,
      "cushioning_rate": 0.3607771840022459,
      "decile_income_change": {
        "1": -4.930530387710879,
        "2": 0.0,
        "3": 0.0,
        "4": 0.0,
        "5": 0.0,
        "6": -2.732049558883372,
        "7": -15.94798877878497,
        "8": -5.716598595560394,
        "9": -61.01369089364929,
        "10": -59.98273184591727
      },
      "region_income_change": {
        "EAST_MIDLANDS": -81.52528276401537,
        "EAST_OF_ENGLAND": -21.723815471581773,
        "LONDON": -6.51323216654858,
        "NORTHERN_IRELAND": -7.958751682955859,
        "NORTH_EAST": -22.74122180970676,
        "NORTH_WEST": -12.094763172556402,
        "SCOTLAND": -9.44805418863053,
        "SOUTH_EAST": -10.950698903692134,
        "SOUTH_WEST": 0.0,
        "WALES": 0.0,
        "WEST_MIDLANDS": -19.332615756547693,
        "YORKSHIRE": 0.0
      },
      "age_band_displacement_share": {
        "16-24": 0.0,
        "25-34": 0.3025694787502289,
        "35-44": 0.22296522557735443,
        "45-54": 0.19923968613147736,
        "55-64": 0.27522557973861694,
        "65-+": 0.0
      }
    },
    {
      "scenario": "full_tariff_displacement",
      "tariff_scenario": "full_tariff",
      "margin": "displacement",
      "exchequer_cost": 1200717824.0,
      "poverty_rate_change_bhc": 0.00013192318413293713,
      "poverty_rate_change_ahc": 0.00013192318413293713,
      "absolute_poverty_rate_change_bhc": null,
      "gini_baseline": 0.30908967456288927,
      "gini_shocked": 0.3087116683333303,
      "displaced_weighted": 10792.716796875,
      "inactive_weighted": 0.0,
      "lcwra_weighted": 0.0,
      "reallocated_weighted": 0.0,
      "gross_earnings_loss": 1997834540.451532,
      "net_disposable_loss": 1081868288.0,
      "cushioning_rate": 0.45847953566991273,
      "decile_income_change": {
        "1": 0.0,
        "2": -0.2835010380392299,
        "3": 0.0,
        "4": 0.0,
        "5": 0.0,
        "6": -12.72640982191082,
        "7": -4.185488914772236,
        "8": 0.0,
        "9": -10.02104147178078,
        "10": -145.12434996272913
      },
      "region_income_change": {
        "EAST_MIDLANDS": 0.0,
        "EAST_OF_ENGLAND": 0.0,
        "LONDON": 0.0,
        "NORTHERN_IRELAND": 0.0,
        "NORTH_EAST": 0.0,
        "NORTH_WEST": -0.2518936011974086,
        "SCOTLAND": -4.680414052428884,
        "SOUTH_EAST": -12.814869820917297,
        "SOUTH_WEST": 0.0,
        "WALES": -299.3571133685356,
        "WEST_MIDLANDS": -6.3675524031389115,
        "YORKSHIRE": 0.0
      },
      "age_band_displacement_share": {
        "16-24": 0.0,
        "25-34": 0.0,
        "35-44": 0.3727400600910187,
        "45-54": 0.0,
        "55-64": 0.36281031370162964,
        "65-+": 0.2644496560096741
      }
    },
    {
      "scenario": "full_tariff_displacement",
      "tariff_scenario": "full_tariff",
      "margin": "displacement",
      "exchequer_cost": 136036352.0,
      "poverty_rate_change_bhc": 0.0,
      "poverty_rate_change_ahc": 0.0,
      "absolute_poverty_rate_change_bhc": null,
      "gini_baseline": 0.30908967456288927,
      "gini_shocked": 0.3091471029240034,
      "displaced_weighted": 9393.4560546875,
      "inactive_weighted": 0.0,
      "lcwra_weighted": 0.0,
      "reallocated_weighted": 0.0,
      "gross_earnings_loss": 319685559.64075375,
      "net_disposable_loss": 219283456.0,
      "cushioning_rate": 0.31406518252992244,
      "decile_income_change": {
        "1": 0.0,
        "2": 0.0,
        "3": 0.0,
        "4": 0.0,
        "5": -4.7048844392122104,
        "6": 0.0,
        "7": -20.805713003683014,
        "8": -4.8674586548406245,
        "9": -1.851588537436245,
        "10": -2.692857709393093
      },
      "region_income_change": {
        "EAST_MIDLANDS": 0.0,
        "EAST_OF_ENGLAND": -5.38168967610095,
        "LONDON": -3.780640832618443,
        "NORTHERN_IRELAND": -17.2079084428679,
        "NORTH_EAST": 0.0,
        "NORTH_WEST": 0.0,
        "SCOTLAND": 0.0,
        "SOUTH_EAST": 0.0,
        "SOUTH_WEST": 0.0,
        "WALES": 0.0,
        "WEST_MIDLANDS": -25.221290321967235,
        "YORKSHIRE": 0.0
      },
      "age_band_displacement_share": {
        "16-24": 0.0,
        "25-34": 0.0906253308057785,
        "35-44": 0.39522114396095276,
        "45-54": 0.2983532249927521,
        "55-64": 0.2158002108335495,
        "65-+": 0.0
      }
    },
    {
      "scenario": "full_tariff_displacement",
      "tariff_scenario": "full_tariff",
      "margin": "displacement",
      "exchequer_cost": 90537984.0,
      "poverty_rate_change_bhc": 0.0001925617862813256,
      "poverty_rate_change_ahc": 0.0001925617862813256,
      "absolute_poverty_rate_change_bhc": null,
      "gini_baseline": 0.30908967456288927,
      "gini_shocked": 0.30915057400269697,
      "displaced_weighted": 5821.49560546875,
      "inactive_weighted": 0.0,
      "lcwra_weighted": 0.0,
      "reallocated_weighted": 0.0,
      "gross_earnings_loss": 209260091.4530468,
      "net_disposable_loss": 140247040.0,
      "cushioning_rate": 0.32979557150070227,
      "decile_income_change": {
        "1": 0.0,
        "2": 0.0,
        "3": 0.0,
        "4": 0.0,
        "5": -6.0210916641662555,
        "6": -11.44062296995892,
        "7": 0.0,
        "8": 0.0,
        "9": 0.0,
        "10": -4.8855039186407945
      },
      "region_income_change": {
        "EAST_MIDLANDS": -16.113690031919717,
        "EAST_OF_ENGLAND": 0.0,
        "LONDON": 0.0,
        "NORTHERN_IRELAND": 0.0,
        "NORTH_EAST": 0.0,
        "NORTH_WEST": -5.348128320321475,
        "SCOTLAND": 0.0,
        "SOUTH_EAST": 0.0,
        "SOUTH_WEST": -5.316486808163192,
        "WALES": 0.0,
        "WEST_MIDLANDS": 0.0,
        "YORKSHIRE": 0.0
      },
      "age_band_displacement_share": {
        "16-24": 0.0,
        "25-34": 0.7900312542915344,
        "35-44": 0.0,
        "45-54": 0.0,
        "55-64": 0.20996873080730438,
        "65-+": 0.0
      }
    },
    {
      "scenario": "full_tariff_displacement",
      "tariff_scenario": "full_tariff",
      "margin": "displacement",
      "exchequer_cost": 263471104.0,
      "poverty_rate_change_bhc": 0.0001869247310284372,
      "poverty_rate_change_ahc": 0.0001869247310284372,
      "absolute_poverty_rate_change_bhc": null,
      "gini_baseline": 0.30908967456288927,
      "gini_shocked": 0.3092426126627207,
      "displaced_weighted": 15984.34375,
      "inactive_weighted": 0.0,
      "lcwra_weighted": 0.0,
      "reallocated_weighted": 0.0,
      "gross_earnings_loss": 665725170.3834031,