{
  "scenario": "full_tariff_reallocation_lowpenalty",
  "n_draws": 5,
  "exchequer_cost_mean": 171386470.4,
  "exchequer_cost_sd": 107900979.91717234,
  "poverty_rate_change_bhc_mean": 0.0,
  "poverty_rate_change_bhc_sd": 0.0,
  "gini_change_mean": -3.616669716119958e-05,
  "gini_change_sd": 3.557625561915202e-05,
  "displaced_weighted_mean": 0.0,
  "lcwra_weighted_mean": 0.0,
  "reallocated_weighted_mean": 32201.625390625,
  "cushioning_rate_mean": 0.4327640460659213,
  "cushioning_rate_sd": 0.034874462468459384,
  "draws": [
    {
      "scenario": "full_tariff_reallocation_lowpenalty",
      "tariff_scenario": "full_tariff",
      "margin": "reallocation",
      "exchequer_cost": 336281600.0,
      "poverty_rate_change_bhc": 0.0,
      "poverty_rate_change_ahc": 3.362905725118326e-05,
      "absolute_poverty_rate_change_bhc": null,
      "gini_baseline": 0.30908967456288927,
      "gini_shocked": 0.30902213983505145,
      "displaced_weighted": 0.0,
      "inactive_weighted": 0.0,
      "lcwra_weighted": 0.0,
      "reallocated_weighted": 53015.23828125,
      "gross_earnings_loss": 569383681.6797044,
      "net_disposable_loss": 318504960.0,
      "cushioning_rate": 0.4406145271666414,
      "decile_income_change": {
        "1": -2.8750789165496826,
        "2": 0.0,
        "3": -2.7753794193267822,
        "4": 0.0,
        "5": -13.433995246887207,
        "6": -8.861974716186523,
        "7": -6.074417591094971,
        "8": -19.797292709350586,
        "9": -28.260969161987305,
        "10": -37.544960021972656
      },
      "region_income_change": {
        "EAST_MIDLANDS": -44.682437896728516,
        "EAST_OF_ENGLAND": -19.30099868774414,
        "LONDON": -11.279128074645996,
        "NORTHERN_IRELAND": -5.8046159744262695,
        "NORTH_EAST": -2.8447628021240234,
        "NORTH_WEST": -6.852900505065918,
        "SCOTLAND": -5.258787631988525,
        "SOUTH_EAST": -9.702101707458496,
        "SOUTH_WEST": 0.0,
        "WALES": 0.0,
        "WEST_MIDLANDS": -31.026599884033203,
        "YORKSHIRE": -2.8719563484191895
      },
      "age_band_displacement_share": {
        "16-24": 0.0,
        "25-34": 0.2751111090183258,
        "35-44": 0.29585981369018555,
        "45-54": 0.18086466193199158,
        "55-64": 0.24816447496414185,
        "65-+": 0.0
      }
    },
    {
      "scenario": "full_tariff_reallocation_lowpenalty",
      "tariff_scenario": "full_tariff",
      "margin": "reallocation",
      "exchequer_cost": 220594176.0,
      "poverty_rate_change_bhc": 0.0,
      "poverty_rate_change_ahc": 0.0,
      "absolute_poverty_rate_change_bhc": null,
      "gini_baseline": 0.30908967456288927,
      "gini_shocked": 0.30901160047862264,
      "displaced_weighted": 0.0,
      "inactive_weighted": 0.0,
      "lcwra_weighted": 0.0,
      "reallocated_weighted": 23825.87109375,
      "gross_earnings_loss": 372269943.85968083,
      "net_disposable_loss": 206438400.0,
      "cushioning_rate": 0.44546046919701765,
      "decile_income_change": {
        "1": 0.0,
        "2": -0.04175591841340065,
        "3": 0.0,
        "4": -4.720822334289551,
        "5": -2.370347738265991,
        "6": -4.735530376434326,
        "7": -6.242977142333984,
        "8": -0.27592185139656067,
        "9": -10.456033706665039,
        "10": -62.092864990234375
      },
      "region_income_change": {
        "EAST_MIDLANDS": -10.640059471130371,
        "EAST_OF_ENGLAND": -5.743780136108398,
        "LONDON": -1.9047086238861084,
        "NORTHERN_IRELAND": -2.695065498352051,
        "NORTH_EAST": 0.0,
        "NORTH_WEST": -0.03710056468844414,
        "SCOTLAND": -7.668166160583496,
        "SOUTH_EAST": -2.620338201522827,
        "SOUTH_WEST": 0.0,
        "WALES": -128.0828399658203,
        "WEST_MIDLANDS": -3.0720133781433105,
        "YORKSHIRE": 0.0
      },
      "age_band_displacement_share": {
        "16-24": 0.0,
        "25-34": 0.2704319655895233,
        "35-44": 0.2501060664653778,
        "45-54": 0.1176270917057991,
        "55-64": 0.2420436143875122,
        "65-+": 0.11979121714830399
      }
    },
    {
      "scenario": "full_tariff_reallocation_lowpenalty",
      "tariff_scenario": "full_tariff",
      "margin": "reallocation",
      "exchequer_cost": 80445440.0,
      "poverty_rate_change_bhc": 0.0,
      "poverty_rate_change_ahc": 0.0,
      "absolute_poverty_rate_change_bhc": null,
      "gini_baseline": 0.30908967456288927,
      "gini_shocked": 0.30909677834772176,
      "displaced_weighted": 0.0,
      "inactive_weighted": 0.0,
      "lcwra_weighted": 0.0,
      "reallocated_weighted": 25376.78515625,
      "gross_earnings_loss": 131985863.55590951,
      "net_disposable_loss": 71434240.0,
      "cushioning_rate": 0.45877355289841104,
      "decile_income_change": {
        "1": 0.0,
        "2": 0.0,
        "3": -0.595443844795227,
        "4": -2.1678788661956787,
        "5": -7.757132053375244,
        "6": -7.283133029937744,
        "7": -19.004837036132812,
        "8": -3.640660047531128,
        "9": -0.7060755491256714,
        "10": -2.515916109085083
      },
      "region_income_change": {
        "EAST_MIDLANDS": 0.0,
        "EAST_OF_ENGLAND": -2.465564012527466,
        "LONDON": -1.9047086238861084,
        "NORTHERN_IRELAND": -14.455036163330078,
        "NORTH_EAST": 0.0,
        "NORTH_WEST": -5.368463039398193,
        "SCOTLAND": -3.6521739959716797,
        "SOUTH_EAST": -3.9888036251068115,
        "SOUTH_WEST": 0.0,
        "WALES": -2.001169443130493,
        "WEST_MIDLANDS": -23.672500610351562,
        "YORKSHIRE": 0.0
      },
      "age_band_displacement_share": {
        "16-24": 0.0,
        "25-34": 0.31860560178756714,
        "35-44": 0.29127493500709534,
        "45-54": 0.2776494026184082,
        "55-64": 0.11247013509273529,
        "65-+": 0.0
      }
    },
    {
      "scenario": "full_tariff_reallocation_lowpenalty",
      "tariff_scenario": "full_tariff",
      "margin": "reallocation",
      "exchequer_cost": 86310912.0,
      "poverty_rate_change_bhc": 0.0,
      "poverty_rate_change_ahc": 0.0,
      "absolute_poverty_rate_change_bhc": null,
      "gini_baseline": 0.30908967456288927,
      "gini_shocked": 0.3090684245572136,
      "displaced_weighted": 0.0,
      "inactive_weighted": 0.0,
      "lcwra_weighted": 0.0,
      "reallocated_weighted": 16037.927734375,
      "gross_earnings_loss": 144461437.27325827,
      "net_disposable_loss": 79822848.0,
      "cushioning_rate": 0.447445287083709,
      "decile_income_change": {
        "1": 0.0,
        "2": 0.0,
        "3": 0.0,
        "4": 0.0,
        "5": -3.3277676105499268,
        "6": -7.404901504516602,
        "7": 0.0,
        "8": 0.0,
        "9": 0.0,
        "10": -21.211233139038086
      },
      "region_income_change": {
        "EAST_MIDLANDS": -28.8648624420166,
        "EAST_OF_ENGLAND": 0.0,
        "LONDON": -1.9047086238861084,
        "NORTHERN_IRELAND": 0.0,
        "NORTH_EAST": 0.0,
        "NORTH_WEST": -0.8504113554954529,
        "SCOTLAND": -2.0268714427948,
        "SOUTH_EAST": 0.0,
        "SOUTH_WEST": -1.7573360204696655,
        "WALES": 0.0,
        "WEST_MIDLANDS": -5.692078113555908,
        "YORKSHIRE": 0.0
      },
      "age_band_displacement_share": {
        "16-24": 0.14757610857486725,
        "25-34": 0.4033915400505066,
        "35-44": 0.1980709731578827,
        "45-54": 0.17474626004695892,
        "55-64": 0.07621508836746216,
        "65-+": 0.0
      }
    },
    {
      "scenario": "full_tariff_reallocation_lowpenalty",
      "tariff_scenario": "full_tariff",
      "margin": "reallocation",
      "exchequer_cost": 133300224.0,
      "poverty_rate_change_bhc": 0.0,
      "poverty_rate_change_ahc": 1.732991694558539e-05,
      "absolute_poverty_rate_change_bhc": null,
      "gini_baseline": 0.30908967456288927,
      "gini_shocked": 0.3090685961100309,
      "displaced_weighted": 0.0,
      "inactive_weighted": 0.0,
      "lcwra_weighted": 0.0,