{
  "scenario": "full_tariff_reallocation_lag3",
  "n_draws": 5,
  "exchequer_cost_mean": 548582195.2,
  "exchequer_cost_sd": 338982804.17866445,
  "poverty_rate_change_bhc_mean": 3.9794383830532576e-05,
  "poverty_rate_change_bhc_sd": 4.40133640607155e-05,
  "gini_change_mean": -7.909060018167491e-05,
  "gini_change_sd": 0.00010776188507680792,
  "displaced_weighted_mean": 0.0,
  "lcwra_weighted_mean": 0.0,
  "reallocated_weighted_mean": 32201.625390625,
  "cushioning_rate_mean": 0.4188256630176948,
  "cushioning_rate_sd": 0.04140076670613057,
  "draws": [
    {
      "scenario": "full_tariff_reallocation_lag3",
      "tariff_scenario": "full_tariff",
      "margin": "reallocation",
      "exchequer_cost": 1062535168.0,
      "poverty_rate_change_bhc": 3.362905725118326e-05,
      "poverty_rate_change_ahc": 3.362905725118326e-05,
      "absolute_poverty_rate_change_bhc": null,
      "gini_baseline": 0.30908967456288927,
      "gini_shocked": 0.3089486971630191,
      "displaced_weighted": 0.0,
      "inactive_weighted": 0.0,
      "lcwra_weighted": 0.0,
      "reallocated_weighted": 53015.23828125,
      "gross_earnings_loss": 1879982906.1174521,
      "net_disposable_loss": 1099431936.0,
      "cushioning_rate": 0.4151904613481029,
      "decile_income_change": {
        "1": -9.492891311645508,
        "2": 0.0,
        "3": -9.163725852966309,
        "4": 0.0,
        "5": -57.200565338134766,
        "6": -26.06279182434082,
        "7": -20.393199920654297,
        "8": -65.59170532226562,
        "9": -100.00464630126953,
        "10": -132.09689331054688
      },
      "region_income_change": {
        "EAST_MIDLANDS": -149.28628540039062,
        "EAST_OF_ENGLAND": -77.92616271972656,
        "LONDON": -42.90489196777344,
        "NORTHERN_IRELAND": -20.187841415405273,
        "NORTH_EAST": -10.931676864624023,
        "NORTH_WEST": -25.441181182861328,
        "SCOTLAND": -17.81502914428711,
        "SOUTH_EAST": -30.893444061279297,
        "SOUTH_WEST": 0.0,
        "WALES": 0.0,
        "WEST_MIDLANDS": -105.48394012451172,
        "YORKSHIRE": -7.639656066894531
      },
      "age_band_displacement_share": {
        "16-24": 0.0,
        "25-34": 0.2751111090183258,
        "35-44": 0.29585981369018555,
        "45-54": 0.18086466193199158,
        "55-64": 0.24816447496414185,
        "65-+": 0.0
      }
    },
    {
      "scenario": "full_tariff_reallocation_lag3",
      "tariff_scenario": "full_tariff",
      "margin": "reallocation",
      "exchequer_cost": 713097216.0,
      "poverty_rate_change_bhc": 0.00011451273332624412,
      "poverty_rate_change_ahc": 0.00011451273332624412,
      "absolute_poverty_rate_change_bhc": null,
      "gini_baseline": 0.30908967456288927,
      "gini_shocked": 0.30886218724035763,
      "displaced_weighted": 0.0,
      "inactive_weighted": 0.0,
      "lcwra_weighted": 0.0,
      "reallocated_weighted": 23825.87109375,
      "gross_earnings_loss": 1229155582.4938383,
      "net_disposable_loss": 696909824.0,
      "cushioning_rate": 0.43301740322731397,
      "decile_income_change": {
        "1": 0.0,
        "2": -0.210582435131073,
        "3": 0.0,
        "4": -15.677556037902832,
        "5": -7.826371669769287,
        "6": -15.375754356384277,
        "7": -23.458900451660156,
        "8": -0.911034882068634,
        "9": -38.49860763549805,
        "10": -205.01736450195312
      },
      "region_income_change": {
        "EAST_MIDLANDS": -41.16163635253906,
        "EAST_OF_ENGLAND": -22.105607986450195,
        "LONDON": -6.288932800292969,
        "NORTHERN_IRELAND": -8.898528099060059,
        "NORTH_EAST": 0.0,
        "NORTH_WEST": -0.18710467219352722,
        "SCOTLAND": -25.439733505249023,
        "SOUTH_EAST": -8.426878929138184,
        "SOUTH_WEST": 0.0,
        "WALES": -422.90216064453125,
        "WEST_MIDLANDS": -9.812444686889648,
        "YORKSHIRE": 0.0
      },
      "age_band_displacement_share": {
        "16-24": 0.0,
        "25-34": 0.2704319655895233,
        "35-44": 0.2501060664653778,
        "45-54": 0.1176270917057991,
        "55-64": 0.2420436143875122,
        "65-+": 0.11979121714830399
      }
    },
    {
      "scenario": "full_tariff_reallocation_lag3",
      "tariff_scenario": "full_tariff",
      "margin": "reallocation",
      "exchequer_cost": 258539520.0,
      "poverty_rate_change_bhc": 0.0,
      "poverty_rate_change_ahc": 0.0,
      "absolute_poverty_rate_change_bhc": null,
      "gini_baseline": 0.30908967456288927,
      "gini_shocked": 0.3091385914901681,
      "displaced_weighted": 0.0,
      "inactive_weighted": 0.0,
      "lcwra_weighted": 0.0,
      "reallocated_weighted": 25376.78515625,
      "gross_earnings_loss": 435789038.77656543,
      "net_disposable_loss": 242614272.0,
      "cushioning_rate": 0.44327587338792285,
      "decile_income_change": {
        "1": 0.0,
        "2": 0.0,
        "3": -1.5203337669372559,
        "4": -7.157885551452637,
        "5": -30.75728416442871,
        "6": -24.0473575592041,
        "7": -63.086647033691406,
        "8": -12.274462699890137,
        "9": -2.3313071727752686,
        "10": -8.307038307189941
      },
      "region_income_change": {
        "EAST_MIDLANDS": 0.0,
        "EAST_OF_ENGLAND": -8.373414039611816,
        "LONDON": -6.288932800292969,
        "NORTHERN_IRELAND": -46.04008865356445,
        "NORTH_EAST": 0.0,
        "NORTH_WEST": -17.725522994995117,
        "SCOTLAND": -12.483782768249512,
        "SOUTH_EAST": -13.17018985748291,
        "SOUTH_WEST": 0.0,
        "WALES": -6.607430934906006,
        "WEST_MIDLANDS": -84.39726257324219,
        "YORKSHIRE": 0.0
      },
      "age_band_displacement_share": {
        "16-24": 0.0,
        "25-34": 0.31860560178756714,
        "35-44": 0.29127493500709534,
        "45-54": 0.2776494026184082,
        "55-64": 0.11247013509273529,
        "65-+": 0.0
      }
    },
    {
      "scenario": "full_tariff_reallocation_lag3",
      "tariff_scenario": "full_tariff",
      "margin": "reallocation",
      "exchequer_cost": 287801344.0,
      "poverty_rate_change_bhc": 3.350021162965011e-05,
      "poverty_rate_change_ahc": 0.0,
      "absolute_poverty_rate_change_bhc": null,
      "gini_baseline": 0.30908967456288927,
      "gini_shocked": 0.3090313708470923,
      "displaced_weighted": 0.0,
      "inactive_weighted": 0.0,
      "lcwra_weighted": 0.0,
      "reallocated_weighted": 16037.927734375,
      "gross_earnings_loss": 476980709.8540258,
      "net_disposable_loss": 260702208.0,
      "cushioning_rate": 0.4534323870670057,
      "decile_income_change": {
        "1": 0.0,
        "2": 0.0,
        "3": 0.0,
        "4": 0.0,
        "5": -10.987566947937012,
        "6": -25.713054656982422,
        "7": 0.0,
        "8": 0.0,
        "9": 0.0,
        "10": -68.71936798095703
      },
      "region_income_change": {
        "EAST_MIDLANDS": -91.63139343261719,
        "EAST_OF_ENGLAND": 0.0,
        "LONDON": -6.288932800292969,
        "NORTHERN_IRELAND": 0.0,
        "NORTH_EAST": 0.0,
        "NORTH_WEST": -2.807875394821167,
        "SCOTLAND": -8.1054105758667,
        "SOUTH_EAST": 0.0,
        "SOUTH_WEST": -7.209434986114502,
        "WALES": 0.0,
        "WEST_MIDLANDS": -18.794017791748047,
        "YORKSHIRE": 0.0
      },
      "age_band_displacement_share": {
        "16-24": 0.14757610857486725,
        "25-34": 0.4033915400505066,
        "35-44": 0.1980709731578827,
        "45-54": 0.17474626004695892,
        "55-64": 0.07621508836746216,
        "65-+": 0.0
      }
    },
    {
      "scenario": "full_tariff_reallocation_lag3",
      "tariff_scenario": "full_tariff",
      "margin": "reallocation",
      "exchequer_cost": 420937728.0,
      "poverty_rate_change_bhc": 1.732991694558539e-05,
      "poverty_rate_change_ahc": 0.0001136430185747217,
      "absolute_poverty_rate_change_bhc": null,
      "gini_baseline": 0.30908967456288927,
      "gini_shocked": 0.30907207307290085,