{
  "scenario": "full_tariff_reallocation_lowpenalty",
  "n_draws": 5,
  "exchequer_cost_mean": 74914201.6,
  "exchequer_cost_sd": 64257334.27691339,
  "poverty_rate_change_bhc_mean": 0.0,
  "poverty_rate_change_bhc_sd": 0.0,
  "gini_change_mean": -2.3050824672221636e-05,
  "gini_change_sd": 3.6544199114713623e-05,
  "displaced_weighted_mean": 0.0,
  "exchequer_cost_mc_se": 28736753.499221124,
  "poverty_rate_change_bhc_mc_se": 0.0,
  "gini_change_mc_se": 1.6343062680757458e-05,
  "lcwra_weighted_mean": 0.0,
  "reallocated_weighted_mean": 12813.15478515625,
  "cushioning_rate_mean": 0.4099466776158609,
  "cushioning_rate_sd": 0.03394333391699266,
  "cushioning_rate_mc_se": 0.015179920404273958,
  "draws": [
    {
      "scenario": "full_tariff_reallocation_lowpenalty",
      "tariff_scenario": "full_tariff",
      "margin": "reallocation",
      "exchequer_cost": 113082368.0,
      "poverty_rate_change_bhc": 0.0,
      "poverty_rate_change_ahc": 0.0,
      "absolute_poverty_rate_change_bhc": null,
      "gini_baseline": 0.30908967456288927,
      "gini_shocked": 0.30905536473967077,
      "displaced_weighted": 0.0,
      "inactive_weighted": 0.0,
      "lcwra_weighted": 0.0,
      "reallocated_weighted": 22073.76171875,
      "gross_earnings_loss": 206689393.26543722,
      "net_disposable_loss": 124518400.0,
      "cushioning_rate": 0.3975578619068786,
      "decile_income_change": {
        "1": -0.5750157422756226,
        "2": 0.0,
        "3": 0.0,
        "4": 0.0,
        "5": 0.0,
        "6": -0.4788914238009319,
        "7": -2.109591389544702,
        "8": -0.7053427980958324,
        "9": -8.274571584732117,
        "10": -7.706019437563106
      },
      "region_income_change": {
        "EAST_MIDLANDS": -10.494072863279856,
        "EAST_OF_ENGLAND": -2.84605181806737,
        "LONDON": -1.2987634292335337,
        "NORTHERN_IRELAND": -0.967435975514046,
        "NORTH_EAST": -2.844762904183828,
        "NORTH_WEST": -1.4638781853232936,
        "SCOTLAND": -1.3243187095877127,
        "SOUTH_EAST": -1.32381210531077,
        "SOUTH_WEST": 0.0,
        "WALES": 0.0,
        "WEST_MIDLANDS": -2.5573080281848837,
        "YORKSHIRE": 0.0
      },
      "age_band_displacement_share": {
        "16-24": 0.0,
        "25-34": 0.3025694787502289,
        "35-44": 0.22296522557735443,
        "45-54": 0.19923968613147736,
        "55-64": 0.27522557973861694,
        "65-+": 0.0
      }
    },
    {
      "scenario": "full_tariff_reallocation_lowpenalty",
      "tariff_scenario": "full_tariff",
      "margin": "reallocation",
      "exchequer_cost": 167215104.0,
      "poverty_rate_change_bhc": 0.0,
      "poverty_rate_change_ahc": 0.0,
      "absolute_poverty_rate_change_bhc": null,
      "gini_baseline": 0.30908967456288927,
      "gini_shocked": 0.3090071660535174,
      "displaced_weighted": 0.0,
      "inactive_weighted": 0.0,
      "lcwra_weighted": 0.0,
      "reallocated_weighted": 10792.716796875,
      "gross_earnings_loss": 279696835.6632146,
      "net_disposable_loss": 153354240.0,
      "cushioning_rate": 0.45171263866333056,
      "decile_income_change": {
        "1": 0.0,
        "2": -0.020877960458791915,
        "3": 0.0,
        "4": 0.0,
        "5": 0.0,
        "6": -1.9571339725791366,
        "7": -0.5239052670087233,
        "8": 0.0,
        "9": -1.2324515127925872,
        "10": -20.697620525101865
      },
      "region_income_change": {
        "EAST_MIDLANDS": 0.0,
        "EAST_OF_ENGLAND": 0.0,
        "LONDON": 0.0,
        "NORTHERN_IRELAND": 0.0,
        "NORTH_EAST": 0.0,
        "NORTH_WEST": -0.0185502835615525,
        "SCOTLAND": -0.5858559474843507,
        "SOUTH_EAST": -1.7176224318976643,
        "SOUTH_WEST": 0.0,
        "WALES": -42.69428208004446,
        "WEST_MIDLANDS": -1.0240045762871042,
        "YORKSHIRE": 0.0
      },
      "age_band_displacement_share": {
        "16-24": 0.0,
        "25-34": 0.0,
        "35-44": 0.3727400600910187,
        "45-54": 0.0,
        "55-64": 0.36281031370162964,
        "65-+": 0.2644496560096741
      }
    },
    {
      "scenario": "full_tariff_reallocation_lowpenalty",
      "tariff_scenario": "full_tariff",
      "margin": "reallocation",
      "exchequer_cost": 23789568.0,
      "poverty_rate_change_bhc": 0.0,
      "poverty_rate_change_ahc": 0.0,
      "absolute_poverty_rate_change_bhc": null,
      "gini_baseline": 0.30908967456288927,
      "gini_shocked": 0.30908845579082134,
      "displaced_weighted": 0.0,
      "inactive_weighted": 0.0,
      "lcwra_weighted": 0.0,
      "reallocated_weighted": 9393.4560546875,
      "gross_earnings_loss": 44755978.34970554,
      "net_disposable_loss": 27656192.0,
      "cushioning_rate": 0.3820670886935944,
      "decile_income_change": {
        "1": 0.0,
        "2": 0.0,
        "3": 0.0,
        "4": 0.0,
        "5": -0.5925869803087718,
        "6": 0.0,
        "7": -2.6043239139209886,
        "8": -0.5574936030979789,
        "9": -0.235358494564295,
        "10": -0.4193193567222415
      },
      "region_income_change": {
        "EAST_MIDLANDS": 0.0,
        "EAST_OF_ENGLAND": -0.6163909713544248,
        "LONDON": -0.47617716515233505,
        "NORTHERN_IRELAND": -2.479007163784787,
        "NORTH_EAST": 0.0,
        "NORTH_WEST": 0.0,
        "SCOTLAND": 0.0,
        "SOUTH_EAST": 0.0,
        "SOUTH_WEST": 0.0,
        "WALES": 0.0,
        "WEST_MIDLANDS": -3.157037180788558,
        "YORKSHIRE": 0.0
      },
      "age_band_displacement_share": {
        "16-24": 0.0,
        "25-34": 0.0906253308057785,
        "35-44": 0.39522114396095276,
        "45-54": 0.2983532249927521,
        "55-64": 0.2158002108335495,
        "65-+": 0.0
      }
    },
    {
      "scenario": "full_tariff_reallocation_lowpenalty",
      "tariff_scenario": "full_tariff",
      "margin": "reallocation",
      "exchequer_cost": 15515648.0,
      "poverty_rate_change_bhc": 0.0,
      "poverty_rate_change_ahc": 0.0,
      "absolute_poverty_rate_change_bhc": null,
      "gini_baseline": 0.30908967456288927,
      "gini_shocked": 0.3090931203855748,
      "displaced_weighted": 0.0,
      "inactive_weighted": 0.0,
      "lcwra_weighted": 0.0,
      "reallocated_weighted": 5821.49560546875,
      "gross_earnings_loss": 29296412.80342655,
      "net_disposable_loss": 18219008.0,
      "cushioning_rate": 0.37811471587848877,
      "decile_income_change": {
        "1": 0.0,
        "2": 0.0,
        "3": 0.0,
        "4": 0.0,
        "5": -0.9574198841029458,
        "6": -1.3981055146302854,
        "7": 0.0,
        "8": 0.0,
        "9": 0.0,
        "10": -0.5382923023222215
      },
      "region_income_change": {
        "EAST_MIDLANDS": -1.9691793841844356,
        "EAST_OF_ENGLAND": 0.0,
        "LONDON": 0.0,
        "NORTHERN_IRELAND": 0.0,
        "NORTH_EAST": 0.0,
        "NORTH_WEST": -0.8504113011737208,
        "SCOTLAND": 0.0,
        "SOUTH_EAST": 0.0,
        "SOUTH_WEST": -0.5857786570004588,
        "WALES": 0.0,
        "WEST_MIDLANDS": 0.0,
        "YORKSHIRE": 0.0
      },
      "age_band_displacement_share": {
        "16-24": 0.0,
        "25-34": 0.7900312542915344,
        "35-44": 0.0,
        "45-54": 0.0,
        "55-64": 0.20996873080730438,
        "65-+": 0.0
      }
    },
    {
      "scenario": "full_tariff_reallocation_lowpenalty",
      "tariff_scenario": "full_tariff",
      "margin": "reallocation",
      "exchequer_cost": 54968320.0,
      "poverty_rate_change_bhc": 0.0,
      "poverty_rate_change_ahc": 0.0,
      "absolute_poverty_rate_change_bhc": null,
      "gini_baseline": 0.30908967456288927,
      "gini_shocked": 0.30908901172150094,
      "displaced_weighted": 0.0,
      "inactive_weighted": 0.0,
      "lcwra_weighted": 0.0,
      "reallocated_weighted": 15984.34375,
      "gross_earnings_loss": 93201523.85367644,
      "net_disposable_loss": 52166656.0,
      "cushioning_rate": 0.4402810829370122,
      "decile_income_change": {
        "1": 0.0,
        "2": 0.0,