{
  "scenario": "full_tariff_reallocation",
  "n_draws": 5,
  "exchequer_cost_mean": 149281177.6,
  "exchequer_cost_sd": 130519961.63209516,
  "poverty_rate_change_bhc_mean": 0.0,
  "poverty_rate_change_bhc_sd": 0.0,
  "gini_change_mean": -4.3360184366125765e-05,
  "gini_change_sd": 7.419318256425867e-05,
  "displaced_weighted_mean": 0.0,
  "exchequer_cost_mc_se": 58370301.32600583,
  "poverty_rate_change_bhc_mc_se": 0.0,
  "gini_change_mc_se": 3.318019993614691e-05,
  "lcwra_weighted_mean": 0.0,
  "reallocated_weighted_mean": 12813.15478515625,
  "cushioning_rate_mean": 0.3973833580117591,
  "cushioning_rate_sd": 0.03449474926827536,
  "cushioning_rate_mc_se": 0.015426520846134965,
  "draws": [
    {
      "scenario": "full_tariff_reallocation",
      "tariff_scenario": "full_tariff",
      "margin": "reallocation",
      "exchequer_cost": 225624064.0,
      "poverty_rate_change_bhc": 0.0,
      "poverty_rate_change_ahc": 0.0,
      "absolute_poverty_rate_change_bhc": null,
      "gini_baseline": 0.30908967456288927,
      "gini_shocked": 0.30902526679872633,
      "displaced_weighted": 0.0,
      "inactive_weighted": 0.0,
      "lcwra_weighted": 0.0,
      "reallocated_weighted": 22073.76171875,
      "gross_earnings_loss": 417807844.9579908,
      "net_disposable_loss": 254803968.0,
      "cushioning_rate": 0.3901407762565595,
      "decile_income_change": {
        "1": -1.1623529702946547,
        "2": 0.0,
        "3": 0.0,
        "4": 0.0,
        "5": 0.0,
        "6": -0.9715571954984067,
        "7": -4.264390560505692,
        "8": -1.4347621762933636,
        "9": -17.18705583265231,
        "10": -15.57717605373628
      },
      "region_income_change": {
        "EAST_MIDLANDS": -21.213032874840476,
        "EAST_OF_ENGLAND": -5.7530923762079205,
        "LONDON": -2.5717610089785174,
        "NORTHERN_IRELAND": -1.9555956730469242,
        "NORTH_EAST": -6.410185978231747,
        "NORTH_WEST": -3.1795827525879954,
        "SCOTLAND": -2.6909657907517297,
        "SOUTH_EAST": -2.6759903386974306,
        "SOUTH_WEST": 0.0,
        "WALES": 0.0,
        "WEST_MIDLANDS": -5.1694182436204725,
        "YORKSHIRE": 0.0
      },
      "age_band_displacement_share": {
        "16-24": 0.0,
        "25-34": 0.3025694787502289,
        "35-44": 0.22296522557735443,
        "45-54": 0.19923968613147736,
        "55-64": 0.27522557973861694,
        "65-+": 0.0
      }
    },
    {
      "scenario": "full_tariff_reallocation",
      "tariff_scenario": "full_tariff",
      "margin": "reallocation",
      "exchequer_cost": 338575360.0,
      "poverty_rate_change_bhc": 0.0,
      "poverty_rate_change_ahc": 0.0,
      "absolute_poverty_rate_change_bhc": null,
      "gini_baseline": 0.30908967456288927,
      "gini_shocked": 0.30892480105057873,
      "displaced_weighted": 0.0,
      "inactive_weighted": 0.0,
      "lcwra_weighted": 0.0,
      "reallocated_weighted": 10792.716796875,
      "gross_earnings_loss": 565387174.9477834,
      "net_disposable_loss": 309460992.0,
      "cushioning_rate": 0.45265650564397675,
      "decile_income_change": {
        "1": 0.0,
        "2": -0.04588840177324325,
        "3": 0.0,
        "4": 0.0,
        "5": 0.0,
        "6": -3.8652798570754436,
        "7": -1.0590365308985634,
        "8": 0.0,
        "9": -2.491311241368708,
        "10": -41.83876959035538
      },
      "region_income_change": {
        "EAST_MIDLANDS": 0.0,
        "EAST_OF_ENGLAND": 0.0,
        "LONDON": 0.0,
        "NORTHERN_IRELAND": 0.0,
        "NORTH_EAST": 0.0,
        "NORTH_WEST": -0.040772319056751744,
        "SCOTLAND": -1.1842653420389968,
        "SOUTH_EAST": -3.472050288768587,
        "SOUTH_WEST": 0.0,
        "WALES": -86.30345834228824,
        "WEST_MIDLANDS": -1.9597238390532123,
        "YORKSHIRE": 0.0
      },
      "age_band_displacement_share": {
        "16-24": 0.0,
        "25-34": 0.0,
        "35-44": 0.3727400600910187,
        "45-54": 0.0,
        "55-64": 0.36281031370162964,
        "65-+": 0.2644496560096741
      }
    },
    {
      "scenario": "full_tariff_reallocation",
      "tariff_scenario": "full_tariff",
      "margin": "reallocation",
      "exchequer_cost": 48087040.0,
      "poverty_rate_change_bhc": 0.0,
      "poverty_rate_change_ahc": 0.0,
      "absolute_poverty_rate_change_bhc": null,
      "gini_baseline": 0.30908967456288927,
      "gini_shocked": 0.3090894134051725,
      "displaced_weighted": 0.0,
      "inactive_weighted": 0.0,
      "lcwra_weighted": 0.0,
      "reallocated_weighted": 9393.4560546875,
      "gross_earnings_loss": 90471013.3783333,
      "net_disposable_loss": 55967744.0,
      "cushioning_rate": 0.3813737471254678,
      "decile_income_change": {
        "1": 0.0,
        "2": 0.0,
        "3": 0.0,
        "4": 0.0,
        "5": -1.1978698112075843,
        "6": 0.0,
        "7": -5.26445011569381,
        "8": -1.126933946890386,
        "9": -0.47576011468594315,
        "10": -0.8476262620704741
      },
      "region_income_change": {
        "EAST_MIDLANDS": 0.0,
        "EAST_OF_ENGLAND": -1.2459908173223646,
        "LONDON": -0.9625561645400649,
        "NORTHERN_IRELAND": -5.011142964933495,
        "NORTH_EAST": 0.0,
        "NORTH_WEST": 0.0,
        "SCOTLAND": 0.0,
        "SOUTH_EAST": 0.0,
        "SOUTH_WEST": 0.0,
        "WALES": 0.0,
        "WEST_MIDLANDS": -6.381719517611515,
        "YORKSHIRE": 0.0
      },
      "age_band_displacement_share": {
        "16-24": 0.0,
        "25-34": 0.0906253308057785,
        "35-44": 0.39522114396095276,
        "45-54": 0.2983532249927521,
        "55-64": 0.2158002108335495,
        "65-+": 0.0
      }
    },
    {
      "scenario": "full_tariff_reallocation",
      "tariff_scenario": "full_tariff",
      "margin": "reallocation",
      "exchequer_cost": 30179328.0,
      "poverty_rate_change_bhc": 0.0,
      "poverty_rate_change_ahc": 0.0,
      "absolute_poverty_rate_change_bhc": null,
      "gini_baseline": 0.30908967456288927,
      "gini_shocked": 0.3090978010068738,
      "displaced_weighted": 0.0,
      "inactive_weighted": 0.0,
      "lcwra_weighted": 0.0,
      "reallocated_weighted": 5821.49560546875,
      "gross_earnings_loss": 59220605.881212234,
      "net_disposable_loss": 37879808.0,
      "cushioning_rate": 0.36036101900103346,
      "decile_income_change": {
        "1": 0.0,
        "2": 0.0,
        "3": 0.0,
        "4": 0.0,
        "5": -1.9353552448509406,
        "6": -2.8261724634137604,
        "7": 0.0,
        "8": 0.0,
        "9": 0.0,
        "10": -1.2793808289158342
      },
      "region_income_change": {
        "EAST_MIDLANDS": -3.9805583290155244,
        "EAST_OF_ENGLAND": 0.0,
        "LONDON": 0.0,
        "NORTHERN_IRELAND": 0.0,
        "NORTH_EAST": 0.0,
        "NORTH_WEST": -1.7190451121131143,
        "SCOTLAND": 0.0,
        "SOUTH_EAST": 0.0,
        "SOUTH_WEST": -1.3922435459718692,
        "WALES": 0.0,
        "WEST_MIDLANDS": 0.0,
        "YORKSHIRE": 0.0
      },
      "age_band_displacement_share": {
        "16-24": 0.0,
        "25-34": 0.7900312542915344,
        "35-44": 0.0,
        "45-54": 0.0,
        "55-64": 0.20996873080730438,
        "65-+": 0.0
      }
    },
    {
      "scenario": "full_tariff_reallocation",
      "tariff_scenario": "full_tariff",
      "margin": "reallocation",
      "exchequer_cost": 103940096.0,
      "poverty_rate_change_bhc": 0.0,
      "poverty_rate_change_ahc": 0.0,
      "absolute_poverty_rate_change_bhc": null,
      "gini_baseline": 0.30908967456288927,
      "gini_shocked": 0.3090942896312644,
      "displaced_weighted": 0.0,
      "inactive_weighted": 0.0,
      "lcwra_weighted": 0.0,
      "reallocated_weighted": 15984.34375,
      "gross_earnings_loss": 188400223.218503,
      "net_disposable_loss": 112590848.0,
      "cushioning_rate": 0.4023847420317582,
      "decile_income_change": {
        "1": 0.0,
        "2": 0.0,
        "3": 0.0,
        "4": -0.9354812538009026,