{
  "scenario": "full_tariff_wage_cut",
  "n_draws": 1,
  "exchequer_cost_mean": 984825856.0,
  "exchequer_cost_sd": 0.0,
  "poverty_rate_change_bhc_mean": 0.0,
  "poverty_rate_change_bhc_sd": 0.0,
  "gini_change_mean": -0.00010610633883778586,
  "gini_change_sd": 0.0,
  "displaced_weighted_mean": 0.0,
  "lcwra_weighted_mean": 0.0,
  "reallocated_weighted_mean": 0.0,
  "cushioning_rate_mean": 0.41023104267949895,
  "cushioning_rate_sd": 0.0,
  "draws": [
    {
      "scenario": "full_tariff_wage_cut",
      "tariff_scenario": "full_tariff",
      "margin": "wage_cut",
      "exchequer_cost": 984825856.0,
      "poverty_rate_change_bhc": 0.0,
      "poverty_rate_change_ahc": 2.2467689095029275e-05,
      "absolute_poverty_rate_change_bhc": NaN,
      "gini_baseline": 0.30908967456288927,
      "gini_shocked": 0.3089835682240515,
      "displaced_weighted": 0.0,
      "inactive_weighted": 0.0,
      "lcwra_weighted": 0.0,
      "reallocated_weighted": 0.0,
      "gross_earnings_loss": 1771498650.499899,
      "net_disposable_loss": 1044774912.0,
      "cushioning_rate": 0.41023104267949895,
      "decile_income_change": {
        "1": -6.06687068939209,
        "2": -4.455807685852051,
        "3": -17.403966903686523,
        "4": -20.470117568969727,
        "5": -27.162227630615234,
        "6": -47.928985595703125,
        "7": -71.79774475097656,
        "8": -70.709228515625,
        "9": -67.48020935058594,
        "10": -115.802001953125
      },
      "region_income_change": {
        "EAST_MIDLANDS": -51.14308547973633,
        "EAST_OF_ENGLAND": -61.181209564208984,
        "LONDON": -52.44767379760742,
        "NORTHERN_IRELAND": -48.93927001953125,
        "NORTH_EAST": -18.114343643188477,
        "NORTH_WEST": -27.31346321105957,
        "SCOTLAND": -39.04764175415039,
        "SOUTH_EAST": -41.78709030151367,
        "SOUTH_WEST": -35.55103302001953,
        "WALES": -64.96312713623047,
        "WEST_MIDLANDS": -55.363258361816406,
        "YORKSHIRE": -46.711647033691406
      },
      "age_band_displacement_share": {
        "16-24": 0.0,
        "25-34": 0.0,
        "35-44": 0.0,
        "45-54": 0.0,
        "55-64": 0.0,
        "65-+": 0.0
      }
    }
  ]
}