{
  "scenario": "full_tariff_wage_cut",
  "n_draws": 10,
  "exchequer_cost_mean": 494639513.6,
  "exchequer_cost_sd": 55264.80766314531,
  "poverty_rate_change_bhc_mean": 0.0,
  "poverty_rate_change_bhc_sd": 0.0,
  "gini_change_mean": -5.4669823491471094e-05,
  "gini_change_sd": 9.826260396213407e-09,
  "displaced_weighted_mean": 0.0,
  "exchequer_cost_mc_se": 17476.266666666666,
  "poverty_rate_change_bhc_mc_se": 0.0,
  "gini_change_mc_se": 3.107336373394294e-09,
  "lcwra_weighted_mean": 0.0,
  "reallocated_weighted_mean": 0.0,
  "cushioning_rate_mean": 0.4132054137852922,
  "cushioning_rate_sd": 0.0001247865645227523,
  "cushioning_rate_mc_se": 3.946097652794596e-05,
  "draws": [
    {
      "scenario": "full_tariff_wage_cut",
      "tariff_scenario": "full_tariff",
      "margin": "wage_cut",
      "exchequer_cost": 494665728.0,
      "poverty_rate_change_bhc": 0.0,
      "poverty_rate_change_ahc": 0.0,
      "absolute_poverty_rate_change_bhc": null,
      "gini_baseline": 0.30908967456288927,
      "gini_shocked": 0.30903500007839324,
      "displaced_weighted": 0.0,
      "inactive_weighted": 0.0,
      "lcwra_weighted": 0.0,
      "reallocated_weighted": 0.0,
      "gross_earnings_loss": 885749325.2499483,
      "net_disposable_loss": 519700480.0,
      "cushioning_rate": 0.4132646052500841,
      "decile_income_change": {
        "1": -0.9181770553460966,
        "2": -0.7151151809814442,
        "3": -2.800640126871931,
        "4": -3.760417696542193,
        "5": -5.120373972751624,
        "6": -8.207083153625545,
        "7": -11.943754665656957,
        "8": -12.656270574660224,
        "9": -13.250102019450207,
        "10": -23.41301225066753
      },
      "region_income_change": {
        "EAST_MIDLANDS": -10.715457326149973,
        "EAST_OF_ENGLAND": -9.991567018417848,
        "LONDON": -10.090019685955825,
        "NORTHERN_IRELAND": -8.123612678797118,
        "NORTH_EAST": -4.036421307452405,
        "NORTH_WEST": -6.224523695846196,
        "SCOTLAND": -7.666403141307712,
        "SOUTH_EAST": -7.543259870622487,
        "SOUTH_WEST": -6.295003531482097,
        "WALES": -11.96865981709321,
        "WEST_MIDLANDS": -8.768906477021925,
        "YORKSHIRE": -8.037140697425505
      },
      "age_band_displacement_share": {
        "16-24": 0.0,
        "25-34": 0.0,
        "35-44": 0.0,
        "45-54": 0.0,
        "55-64": 0.0,
        "65-+": 0.0
      }
    },
    {
      "scenario": "full_tariff_wage_cut",
      "tariff_scenario": "full_tariff",
      "margin": "wage_cut",
      "exchequer_cost": 494665728.0,
      "poverty_rate_change_bhc": 0.0,
      "poverty_rate_change_ahc": 0.0,
      "absolute_poverty_rate_change_bhc": null,
      "gini_baseline": 0.30908967456288927,
      "gini_shocked": 0.30903500007839324,
      "displaced_weighted": 0.0,
      "inactive_weighted": 0.0,
      "lcwra_weighted": 0.0,
      "reallocated_weighted": 0.0,
      "gross_earnings_loss": 885749325.2499483,
      "net_disposable_loss": 519700480.0,
      "cushioning_rate": 0.4132646052500841,
      "decile_income_change": {
        "1": -0.9181770553460966,
        "2": -0.7151151809814442,
        "3": -2.800640126871931,
        "4": -3.760417696542193,
        "5": -5.120373972751624,
        "6": -8.207083153625545,
        "7": -11.943754665656957,
        "8": -12.656270574660224,
        "9": -13.250102019450207,
        "10": -23.41301225066753
      },
      "region_income_change": {
        "EAST_MIDLANDS": -10.715457326149973,
        "EAST_OF_ENGLAND": -9.991567018417848,
        "LONDON": -10.090019685955825,
        "NORTHERN_IRELAND": -8.123612678797118,
        "NORTH_EAST": -4.036421307452405,
        "NORTH_WEST": -6.224523695846196,
        "SCOTLAND": -7.666403141307712,
        "SOUTH_EAST": -7.543259870622487,
        "SOUTH_WEST": -6.295003531482097,
        "WALES": -11.96865981709321,
        "WEST_MIDLANDS": -8.768906477021925,
        "YORKSHIRE": -8.037140697425505
      },
      "age_band_displacement_share": {
        "16-24": 0.0,
        "25-34": 0.0,
        "35-44": 0.0,
        "45-54": 0.0,
        "55-64": 0.0,
        "65-+": 0.0
      }
    },
    {
      "scenario": "full_tariff_wage_cut",
      "tariff_scenario": "full_tariff",
      "margin": "wage_cut",
      "exchequer_cost": 494665728.0,
      "poverty_rate_change_bhc": 0.0,
      "poverty_rate_change_ahc": 0.0,
      "absolute_poverty_rate_change_bhc": null,
      "gini_baseline": 0.30908967456288927,
      "gini_shocked": 0.30903500007839324,
      "displaced_weighted": 0.0,
      "inactive_weighted": 0.0,
      "lcwra_weighted": 0.0,
      "reallocated_weighted": 0.0,
      "gross_earnings_loss": 885749325.2499483,
      "net_disposable_loss": 519700480.0,
      "cushioning_rate": 0.4132646052500841,
      "decile_income_change": {
        "1": -0.9181770553460966,
        "2": -0.7151151809814442,
        "3": -2.800640126871931,
        "4": -3.760417696542193,
        "5": -5.120373972751624,
        "6": -8.207083153625545,
        "7": -11.943754665656957,
        "8": -12.656270574660224,
        "9": -13.250102019450207,
        "10": -23.41301225066753
      },
      "region_income_change": {
        "EAST_MIDLANDS": -10.715457326149973,
        "EAST_OF_ENGLAND": -9.991567018417848,
        "LONDON": -10.090019685955825,
        "NORTHERN_IRELAND": -8.123612678797118,
        "NORTH_EAST": -4.036421307452405,
        "NORTH_WEST": -6.224523695846196,
        "SCOTLAND": -7.666403141307712,
        "SOUTH_EAST": -7.543259870622487,
        "SOUTH_WEST": -6.295003531482097,
        "WALES": -11.96865981709321,
        "WEST_MIDLANDS": -8.768906477021925,
        "YORKSHIRE": -8.037140697425505
      },
      "age_band_displacement_share": {
        "16-24": 0.0,
        "25-34": 0.0,
        "35-44": 0.0,
        "45-54": 0.0,
        "55-64": 0.0,
        "65-+": 0.0
      }
    },
    {
      "scenario": "full_tariff_wage_cut",
      "tariff_scenario": "full_tariff",
      "margin": "wage_cut",
      "exchequer_cost": 494665728.0,
      "poverty_rate_change_bhc": 0.0,
      "poverty_rate_change_ahc": 0.0,
      "absolute_poverty_rate_change_bhc": null,
      "gini_baseline": 0.30908967456288927,
      "gini_shocked": 0.30903500007839324,
      "displaced_weighted": 0.0,
      "inactive_weighted": 0.0,
      "lcwra_weighted": 0.0,
      "reallocated_weighted": 0.0,
      "gross_earnings_loss": 885749325.2499483,
      "net_disposable_loss": 519700480.0,
      "cushioning_rate": 0.4132646052500841,
      "decile_income_change": {
        "1": -0.9181770553460966,
        "2": -0.7151151809814442,
        "3": -2.800640126871931,
        "4": -3.760417696542193,
        "5": -5.120373972751624,
        "6": -8.207083153625545,
        "7": -11.943754665656957,
        "8": -12.656270574660224,
        "9": -13.250102019450207,
        "10": -23.41301225066753
      },
      "region_income_change": {
        "EAST_MIDLANDS": -10.715457326149973,
        "EAST_OF_ENGLAND": -9.991567018417848,
        "LONDON": -10.090019685955825,
        "NORTHERN_IRELAND": -8.123612678797118,
        "NORTH_EAST": -4.036421307452405,
        "NORTH_WEST": -6.224523695846196,
        "SCOTLAND": -7.666403141307712,
        "SOUTH_EAST": -7.543259870622487,
        "SOUTH_WEST": -6.295003531482097,
        "WALES": -11.96865981709321,
        "WEST_MIDLANDS": -8.768906477021925,
        "YORKSHIRE": -8.037140697425505
      },
      "age_band_displacement_share": {
        "16-24": 0.0,
        "25-34": 0.0,
        "35-44": 0.0,
        "45-54": 0.0,
        "55-64": 0.0,
        "65-+": 0.0
      }
    },
    {
      "scenario": "full_tariff_wage_cut",
      "tariff_scenario": "full_tariff",
      "margin": "wage_cut",
      "exchequer_cost": 494534656.0,
      "poverty_rate_change_bhc": 0.0,
      "poverty_rate_change_ahc": 0.0,
      "absolute_poverty_rate_change_bhc": null,
      "gini_baseline": 0.30908967456288927,