{
  "measured_displacement": {
    "gross_earnings_loss": 583432786.545256,
    "net_disposable_loss": 411697152.0,
    "cushioning_rate": 0.2943537602029068
  },
  "measured_wage_cut": {
    "gross_earnings_loss": 946647645.999962,
    "net_disposable_loss": 552992768.0,
    "cushioning_rate": 0.41584097278786003
  }
}