{
  "measured_displacement": {
    "gross_earnings_loss": 583432786.545256,
    "net_disposable_loss": 356909056.0,
    "cushioning_rate": 0.3882602002650478
  },
  "measured_wage_cut": {
    "gross_earnings_loss": 946647645.999962,
    "net_disposable_loss": 552992768.0,
    "cushioning_rate": 0.41584097278786003
  }
}