{
  "measured_displacement": {
    "gross_earnings_loss": 1361890842.0321476,
    "net_disposable_loss": 838991872.0,
    "cushioning_rate": 0.3839507204937975
  },
  "measured_wage_cut": {
    "gross_earnings_loss": 946647645.999962,
    "net_disposable_loss": 552992768.0,
    "cushioning_rate": 0.41584097278786003
  }
}