{
  "scenario": "measured_wage_cut",
  "n_draws": 1,
  "exchequer_cost_mean": 527859712.0,
  "exchequer_cost_sd": 0.0,
  "poverty_rate_change_bhc_mean": 0.0,
  "poverty_rate_change_bhc_sd": 0.0,
  "gini_change_mean": -6.966409578490484e-05,
  "gini_change_sd": 0.0,
  "displaced_weighted_mean": 0.0,
  "lcwra_weighted_mean": 0.0,
  "cushioning_rate_mean": 0.41584097278786003,
  "cushioning_rate_sd": 0.0,
  "draws": [
    {
      "scenario": "measured_wage_cut",
      "tariff_scenario": "measured",
      "margin": "wage_cut",
      "exchequer_cost": 527859712.0,
      "poverty_rate_change_bhc": 0.0,
      "poverty_rate_change_ahc": 0.0,
      "absolute_poverty_rate_change_bhc": NaN,
      "gini_baseline": 0.30908967456288927,
      "gini_shocked": 0.30902001046710437,
      "displaced_weighted": 0.0,
      "inactive_weighted": 0.0,
      "lcwra_weighted": 0.0,
      "gross_earnings_loss": 946647645.999962,
      "net_disposable_loss": 552992768.0,
      "cushioning_rate": 0.41584097278786003,
      "decile_income_change": {
        "1": -2.3753395080566406,
        "2": -2.2132930755615234,
        "3": -10.549281120300293,
        "4": -11.392413139343262,
        "5": -12.117541313171387,
        "6": -26.518047332763672,
        "7": -31.380197525024414,
        "8": -31.088979721069336,
        "9": -37.35358810424805,
        "10": -73.9472427368164
      },
      "region_income_change": {
        "EAST_MIDLANDS": -20.33477020263672,
        "EAST_OF_ENGLAND": -30.106630325317383,
        "LONDON": -29.94965362548828,
        "NORTHERN_IRELAND": -25.1663818359375,
        "NORTH_EAST": -8.289274215698242,
        "NORTH_WEST": -19.287986755371094,
        "SCOTLAND": -19.475826263427734,
        "SOUTH_EAST": -19.382341384887695,
        "SOUTH_WEST": -17.458112716674805,
        "WALES": -33.00489807128906,
        "WEST_MIDLANDS": -27.572175979614258,
        "YORKSHIRE": -35.089324951171875
      },
      "age_band_displacement_share": {
        "16-24": 0.0,
        "25-34": 0.0,
        "35-44": 0.0,
        "45-54": 0.0,
        "55-64": 0.0,
        "65-+": 0.0
      }
    }
  ]
}