{
  "scenario": "measured_displacement",
  "n_draws": 10,
  "exchequer_cost_mean": 417860812.8,
  "exchequer_cost_sd": 410939018.28450674,
  "poverty_rate_change_bhc_mean": 0.00013484962069665595,
  "poverty_rate_change_bhc_sd": 0.00011047633025069627,
  "gini_change_mean": 3.2402324099589654e-05,
  "gini_change_sd": 0.00014068546709285014,
  "displaced_weighted_mean": 14465.880517578125,
  "exchequer_cost_mc_se": 129950327.72126207,
  "poverty_rate_change_bhc_mc_se": 3.493568311291609e-05,
  "gini_change_mc_se": 4.448865096980737e-05,
  "lcwra_weighted_mean": 0.0,
  "reallocated_weighted_mean": 0.0,
  "cushioning_rate_mean": 0.34501394429845733,
  "cushioning_rate_sd": 0.07936040180294882,
  "cushioning_rate_mc_se": 0.02509596257234514,
  "draws": [
    {
      "scenario": "measured_displacement",
      "tariff_scenario": "measured",
      "margin": "displacement",
      "exchequer_cost": 666828800.0,
      "poverty_rate_change_bhc": 0.0,
      "poverty_rate_change_ahc": 3.185741148126198e-05,
      "absolute_poverty_rate_change_bhc": null,
      "gini_baseline": 0.30908967456288927,
      "gini_shocked": 0.30900474769455477,
      "displaced_weighted": 20822.109375,
      "inactive_weighted": 0.0,
      "lcwra_weighted": 0.0,
      "reallocated_weighted": 0.0,
      "gross_earnings_loss": 1361890842.0321476,
      "net_disposable_loss": 838991872.0,
      "cushioning_rate": 0.3839507204937975,
      "decile_income_change": {
        "1": -4.930530387710879,
        "2": 0.0,
        "3": -3.205765264041672,
        "4": 0.0,
        "5": 0.0,
        "6": -6.385327386985703,
        "7": -15.94798877878497,
        "8": -5.716598595560394,
        "9": -27.755403955598428,
        "10": -69.69926973727152
      },
      "region_income_change": {
        "EAST_MIDLANDS": -81.52528276401537,
        "EAST_OF_ENGLAND": -21.723815471581773,
        "LONDON": -9.089310242747063,
        "NORTHERN_IRELAND": -7.958751682955859,
        "NORTH_EAST": 0.0,
        "NORTH_WEST": 0.0,
        "SCOTLAND": -20.314197665793163,
        "SOUTH_EAST": -3.610732877819893,
        "SOUTH_WEST": 0.0,
        "WALES": 0.0,
        "WEST_MIDLANDS": -19.332615756547693,
        "YORKSHIRE": -4.350101408799658
      },
      "age_band_displacement_share": {
        "16-24": 0.0,
        "25-34": 0.3207574486732483,
        "35-44": 0.2236950397491455,
        "45-54": 0.22893905639648438,
        "55-64": 0.22660839557647705,
        "65-+": 0.0
      }
    },
    {
      "scenario": "measured_displacement",
      "tariff_scenario": "measured",
      "margin": "displacement",
      "exchequer_cost": 1498857472.0,
      "poverty_rate_change_bhc": 0.00018755286169802599,
      "poverty_rate_change_ahc": 0.00018755286169802599,
      "absolute_poverty_rate_change_bhc": null,
      "gini_baseline": 0.30908967456288927,
      "gini_shocked": 0.3087940595000236,
      "displaced_weighted": 17778.916015625,
      "inactive_weighted": 0.0,
      "lcwra_weighted": 0.0,
      "reallocated_weighted": 0.0,
      "gross_earnings_loss": 2489698389.3207564,
      "net_disposable_loss": 1314783232.0,
      "cushioning_rate": 0.471910638798822,
      "decile_income_change": {
        "1": 0.0,
        "2": -0.2835010380392299,
        "3": 0.0,
        "4": 0.0,
        "5": 0.0,
        "6": -12.72640982191082,
        "7": -4.185488914772236,
        "8": -30.42737491318026,
        "9": -13.836828579596293,
        "10": -147.946075129234
      },
      "region_income_change": {
        "EAST_MIDLANDS": -19.486314743487704,
        "EAST_OF_ENGLAND": 0.0,
        "LONDON": -23.747690042353813,
        "NORTHERN_IRELAND": -3.333505761258428,
        "NORTH_EAST": 0.0,
        "NORTH_WEST": -2.758808763562667,
        "SCOTLAND": -4.680414052428884,
        "SOUTH_EAST": -5.474903795045055,
        "SOUTH_WEST": 0.0,
        "WALES": -299.3571133685356,
        "WEST_MIDLANDS": -6.3675524031389115,
        "YORKSHIRE": 0.0
      },
      "age_band_displacement_share": {
        "16-24": 0.0,
        "25-34": 0.11361956596374512,
        "35-44": 0.48166054487228394,
        "45-54": 0.0,
        "55-64": 0.14392948150634766,
        "65-+": 0.2607904374599457
      }
    },
    {
      "scenario": "measured_displacement",
      "tariff_scenario": "measured",
      "margin": "displacement",
      "exchequer_cost": 77463552.0,
      "poverty_rate_change_bhc": 0.0,
      "poverty_rate_change_ahc": 0.0,
      "absolute_poverty_rate_change_bhc": null,
      "gini_baseline": 0.30908967456288927,
      "gini_shocked": 0.3091353484817868,
      "displaced_weighted": 6590.88720703125,
      "inactive_weighted": 0.0,
      "lcwra_weighted": 0.0,
      "reallocated_weighted": 0.0,
      "gross_earnings_loss": 237687333.7000904,
      "net_disposable_loss": 189661184.0,
      "cushioning_rate": 0.20205599075249392,
      "decile_income_change": {
        "1": 0.0,
        "2": 0.0,
        "3": 0.0,
        "4": 0.0,
        "5": 0.0,
        "6": 0.0,
        "7": -20.805713003683014,
        "8": -4.8674586548406245,
        "9": -1.851588537436245,
        "10": -2.692857709393093
      },
      "region_income_change": {
        "EAST_MIDLANDS": 0.0,
        "EAST_OF_ENGLAND": -5.38168967610095,
        "LONDON": 0.0,
        "NORTHERN_IRELAND": -17.2079084428679,
        "NORTH_EAST": 0.0,
        "NORTH_WEST": 0.0,
        "SCOTLAND": 0.0,
        "SOUTH_EAST": 0.0,
        "SOUTH_WEST": 0.0,
        "WALES": 0.0,
        "WEST_MIDLANDS": -25.221290321967235,
        "YORKSHIRE": 0.0
      },
      "age_band_displacement_share": {
        "16-24": 0.0,
        "25-34": 0.12916091084480286,
        "35-44": 0.5632765889167786,
        "45-54": 0.0,
        "55-64": 0.30756253004074097,
        "65-+": 0.0
      }
    },
    {
      "scenario": "measured_displacement",
      "tariff_scenario": "measured",
      "margin": "displacement",
      "exchequer_cost": 203456512.0,
      "poverty_rate_change_bhc": 3.350021162965011e-05,
      "poverty_rate_change_ahc": 6.662998772200002e-05,
      "absolute_poverty_rate_change_bhc": null,
      "gini_baseline": 0.30908967456288927,
      "gini_shocked": 0.3090829319511528,
      "displaced_weighted": 11461.005859375,
      "inactive_weighted": 0.0,
      "lcwra_weighted": 0.0,
      "reallocated_weighted": 0.0,
      "gross_earnings_loss": 416796569.13101256,
      "net_disposable_loss": 259129344.0,
      "cushioning_rate": 0.3782834044429303,
      "decile_income_change": {
        "1": 0.0,
        "2": 0.0,
        "3": 0.0,
        "4": 0.0,
        "5": -6.0210916641662555,
        "6": -5.594952801042906,
        "7": 0.0,
        "8": 0.0,
        "9": 0.0,
        "10": -29.655708389283333
      },
      "region_income_change": {
        "EAST_MIDLANDS": 0.0,
        "EAST_OF_ENGLAND": 0.0,
        "LONDON": -10.271085732562218,
        "NORTHERN_IRELAND": 0.0,
        "NORTH_EAST": 0.0,
        "NORTH_WEST": -5.348128320321475,
        "SCOTLAND": -6.256760671465886,
        "SOUTH_EAST": 0.0,
        "SOUTH_WEST": -9.753310684671495,
        "WALES": 0.0,
        "WEST_MIDLANDS": -9.594048755573885,
        "YORKSHIRE": 0.0
      },
      "age_band_displacement_share": {
        "16-24": 0.20651023089885712,
        "25-34": 0.5281404256820679,
        "35-44": 0.0,
        "45-54": 0.1586979627609253,
        "55-64": 0.10665137320756912,
        "65-+": 0.0
      }
    },
    {
      "scenario": "measured_displacement",
      "tariff_scenario": "measured",
      "margin": "displacement",
      "exchequer_cost": 263995392.0,
      "poverty_rate_change_bhc": 7.933751500430186e-05,
      "poverty_rate_change_ahc": 7.933751500430186e-05,
      "absolute_poverty_rate_change_bhc": null,
      "gini_baseline": 0.30908967456288927,
      "gini_shocked": 0.30910278736659114,
      "displaced_weighted": 15019.8212890625,
      "inactive_weighted": 0.0,
      "lcwra_weighted": 0.0,
      "reallocated_weighted": 0.0,