{
  "scenario": "measured_wage_cut",
  "n_draws": 10,
  "exchequer_cost_mean": 527859712.0,
  "exchequer_cost_sd": 0.0,
  "poverty_rate_change_bhc_mean": 0.0,
  "poverty_rate_change_bhc_sd": 0.0,
  "gini_change_mean": -6.966409578490484e-05,
  "gini_change_sd": 0.0,
  "displaced_weighted_mean": 0.0,
  "exchequer_cost_mc_se": 0.0,
  "poverty_rate_change_bhc_mc_se": 0.0,
  "gini_change_mc_se": 0.0,
  "lcwra_weighted_mean": 0.0,
  "reallocated_weighted_mean": 0.0,
  "cushioning_rate_mean": 0.4158409727878601,
  "cushioning_rate_sd": 5.851389114294502e-17,
  "cushioning_rate_mc_se": 1.850371707708594e-17,
  "draws": [
    {
      "scenario": "measured_wage_cut",
      "tariff_scenario": "measured",
      "margin": "wage_cut",
      "exchequer_cost": 527859712.0,
      "poverty_rate_change_bhc": 0.0,
      "poverty_rate_change_ahc": 0.0,
      "absolute_poverty_rate_change_bhc": null,
      "gini_baseline": 0.30908967456288927,
      "gini_shocked": 0.30902001046710437,
      "displaced_weighted": 0.0,
      "inactive_weighted": 0.0,
      "lcwra_weighted": 0.0,
      "reallocated_weighted": 0.0,
      "gross_earnings_loss": 946647645.999962,
      "net_disposable_loss": 552992768.0,
      "cushioning_rate": 0.41584097278786003,
      "decile_income_change": {
        "1": -0.7726761179262268,
        "2": -0.676632672568657,
        "3": -3.4615935695731324,
        "4": -4.074372058052122,
        "5": -4.9586726242753,
        "6": -8.95362269729157,
        "7": -10.654847193307234,
        "8": -10.428167282949707,
        "9": -14.04013921111868,
        "10": -30.068199018269016
      },
      "region_income_change": {
        "EAST_MIDLANDS": -8.795527139292274,
        "EAST_OF_ENGLAND": -10.244813923099471,
        "LONDON": -10.294898339959582,
        "NORTHERN_IRELAND": -8.802159259974797,
        "NORTH_EAST": -4.180664705567431,
        "NORTH_WEST": -8.784487576623144,
        "SCOTLAND": -7.617620503728184,
        "SOUTH_EAST": -7.85342632087822,
        "SOUTH_WEST": -6.17667951280582,
        "WALES": -12.824099222331235,
        "WEST_MIDLANDS": -8.702874853172187,
        "YORKSHIRE": -10.930817527560444
      },
      "age_band_displacement_share": {
        "16-24": 0.0,
        "25-34": 0.0,
        "35-44": 0.0,
        "45-54": 0.0,
        "55-64": 0.0,
        "65-+": 0.0
      }
    },
    {
      "scenario": "measured_wage_cut",
      "tariff_scenario": "measured",
      "margin": "wage_cut",
      "exchequer_cost": 527859712.0,
      "poverty_rate_change_bhc": 0.0,
      "poverty_rate_change_ahc": 0.0,
      "absolute_poverty_rate_change_bhc": null,
      "gini_baseline": 0.30908967456288927,
      "gini_shocked": 0.30902001046710437,
      "displaced_weighted": 0.0,
      "inactive_weighted": 0.0,
      "lcwra_weighted": 0.0,
      "reallocated_weighted": 0.0,
      "gross_earnings_loss": 946647645.999962,
      "net_disposable_loss": 552992768.0,
      "cushioning_rate": 0.41584097278786003,
      "decile_income_change": {
        "1": -0.7726761179262268,
        "2": -0.676632672568657,
        "3": -3.4615935695731324,
        "4": -4.074372058052122,
        "5": -4.9586726242753,
        "6": -8.95362269729157,
        "7": -10.654847193307234,
        "8": -10.428167282949707,
        "9": -14.04013921111868,
        "10": -30.068199018269016
      },
      "region_income_change": {
        "EAST_MIDLANDS": -8.795527139292274,
        "EAST_OF_ENGLAND": -10.244813923099471,
        "LONDON": -10.294898339959582,
        "NORTHERN_IRELAND": -8.802159259974797,
        "NORTH_EAST": -4.180664705567431,
        "NORTH_WEST": -8.784487576623144,
        "SCOTLAND": -7.617620503728184,
        "SOUTH_EAST": -7.85342632087822,
        "SOUTH_WEST": -6.17667951280582,
        "WALES": -12.824099222331235,
        "WEST_MIDLANDS": -8.702874853172187,
        "YORKSHIRE": -10.930817527560444
      },
      "age_band_displacement_share": {
        "16-24": 0.0,
        "25-34": 0.0,
        "35-44": 0.0,
        "45-54": 0.0,
        "55-64": 0.0,
        "65-+": 0.0
      }
    },
    {
      "scenario": "measured_wage_cut",
      "tariff_scenario": "measured",
      "margin": "wage_cut",
      "exchequer_cost": 527859712.0,
      "poverty_rate_change_bhc": 0.0,
      "poverty_rate_change_ahc": 0.0,
      "absolute_poverty_rate_change_bhc": null,
      "gini_baseline": 0.30908967456288927,
      "gini_shocked": 0.30902001046710437,
      "displaced_weighted": 0.0,
      "inactive_weighted": 0.0,
      "lcwra_weighted": 0.0,
      "reallocated_weighted": 0.0,
      "gross_earnings_loss": 946647645.999962,
      "net_disposable_loss": 552992768.0,
      "cushioning_rate": 0.41584097278786003,
      "decile_income_change": {
        "1": -0.7726761179262268,
        "2": -0.676632672568657,
        "3": -3.4615935695731324,
        "4": -4.074372058052122,
        "5": -4.9586726242753,
        "6": -8.95362269729157,
        "7": -10.654847193307234,
        "8": -10.428167282949707,
        "9": -14.04013921111868,
        "10": -30.068199018269016
      },
      "region_income_change": {
        "EAST_MIDLANDS": -8.795527139292274,
        "EAST_OF_ENGLAND": -10.244813923099471,
        "LONDON": -10.294898339959582,
        "NORTHERN_IRELAND": -8.802159259974797,
        "NORTH_EAST": -4.180664705567431,
        "NORTH_WEST": -8.784487576623144,
        "SCOTLAND": -7.617620503728184,
        "SOUTH_EAST": -7.85342632087822,
        "SOUTH_WEST": -6.17667951280582,
        "WALES": -12.824099222331235,
        "WEST_MIDLANDS": -8.702874853172187,
        "YORKSHIRE": -10.930817527560444
      },
      "age_band_displacement_share": {
        "16-24": 0.0,
        "25-34": 0.0,
        "35-44": 0.0,
        "45-54": 0.0,
        "55-64": 0.0,
        "65-+": 0.0
      }
    },
    {
      "scenario": "measured_wage_cut",
      "tariff_scenario": "measured",
      "margin": "wage_cut",
      "exchequer_cost": 527859712.0,
      "poverty_rate_change_bhc": 0.0,
      "poverty_rate_change_ahc": 0.0,
      "absolute_poverty_rate_change_bhc": null,
      "gini_baseline": 0.30908967456288927,
      "gini_shocked": 0.30902001046710437,
      "displaced_weighted": 0.0,
      "inactive_weighted": 0.0,
      "lcwra_weighted": 0.0,
      "reallocated_weighted": 0.0,
      "gross_earnings_loss": 946647645.999962,
      "net_disposable_loss": 552992768.0,
      "cushioning_rate": 0.41584097278786003,
      "decile_income_change": {
        "1": -0.7726761179262268,
        "2": -0.676632672568657,
        "3": -3.4615935695731324,
        "4": -4.074372058052122,
        "5": -4.9586726242753,
        "6": -8.95362269729157,
        "7": -10.654847193307234,
        "8": -10.428167282949707,
        "9": -14.04013921111868,
        "10": -30.068199018269016
      },
      "region_income_change": {
        "EAST_MIDLANDS": -8.795527139292274,
        "EAST_OF_ENGLAND": -10.244813923099471,
        "LONDON": -10.294898339959582,
        "NORTHERN_IRELAND": -8.802159259974797,
        "NORTH_EAST": -4.180664705567431,
        "NORTH_WEST": -8.784487576623144,
        "SCOTLAND": -7.617620503728184,
        "SOUTH_EAST": -7.85342632087822,
        "SOUTH_WEST": -6.17667951280582,
        "WALES": -12.824099222331235,
        "WEST_MIDLANDS": -8.702874853172187,
        "YORKSHIRE": -10.930817527560444
      },
      "age_band_displacement_share": {
        "16-24": 0.0,
        "25-34": 0.0,
        "35-44": 0.0,
        "45-54": 0.0,
        "55-64": 0.0,
        "65-+": 0.0
      }
    },
    {
      "scenario": "measured_wage_cut",
      "tariff_scenario": "measured",
      "margin": "wage_cut",
      "exchequer_cost": 527859712.0,
      "poverty_rate_change_bhc": 0.0,
      "poverty_rate_change_ahc": 0.0,
      "absolute_poverty_rate_change_bhc": null,
      "gini_baseline": 0.30908967456288927,
      "gini_shocked": 0.30902001046710437,
      "displaced_weighted": 0.0,
      "inactive_weighted": 0.0,
      "lcwra_weighted": 0.0,