{
  "seed0": {
    "displaced_weighted": 53015.241760253906,
    "share_positive_uc": 0.33934054454861023,
    "share_zero_uc": 0.6606594554513898,
    "share_zero_uc_capital_over_16k": 0.0,
    "share_zero_uc_income_tapered": 0.2798787132497519,
    "share_zero_uc_non_takeup": 0.3807807422016379,
    "share_zero_uc_other": 0.0,
    "mean_uc_award_displaced": 3423.2132557311756,
    "mean_uc_award_if_positive": 10087.840403169988,
    "mean_jsa_contrib_displaced": 0.0,
    "mean_jsa_income_displaced": 0.0
  },
  "seeds_0_4_summary": {
    "share_positive_uc": {
      "mean": 0.4706522451824231,
      "sd": 0.1597483454104995
    },
    "share_zero_uc": {
      "mean": 0.5293477548175768,
      "sd": 0.15974834541049956
    },
    "share_zero_uc_capital_over_16k": {
      "mean": 0.0,
      "sd": 0.0
    },
    "share_zero_uc_income_tapered": {
      "mean": 0.24704900075848668,
      "sd": 0.09113370613755795
    },
    "share_zero_uc_non_takeup": {
      "mean": 0.2527835312859972,
      "sd": 0.09757923312225171
    },
    "share_zero_uc_other": {
      "mean": 0.029515222773092997,
      "sd": 0.0659980444916858
    }
  },
  "per_seed": {
    "0": {
      "displaced_weighted": 53015.241760253906,
      "share_positive_uc": 0.33934054454861023,
      "share_zero_uc": 0.6606594554513898,
      "share_zero_uc_capital_over_16k": 0.0,
      "share_zero_uc_income_tapered": 0.2798787132497519,
      "share_zero_uc_non_takeup": 0.3807807422016379,
      "share_zero_uc_other": 0.0,
      "mean_uc_award_displaced": 3423.2132557311756,
      "mean_uc_award_if_positive": 10087.840403169988,
      "mean_jsa_contrib_displaced": 0.0,
      "mean_jsa_income_displaced": 0.0
    },
    "1": {
      "displaced_weighted": 23825.870635986328,
      "share_positive_uc": 0.7425952590348106,
      "share_zero_uc": 0.25740474096518934,
      "share_zero_uc_capital_over_16k": 0.0,
      "share_zero_uc_income_tapered": 0.10286005427134871,
      "share_zero_uc_non_takeup": 0.15454468669384064,
      "share_zero_uc_other": 0.0,
      "mean_uc_award_displaced": 5742.259190734347,
      "mean_uc_award_if_positive": 7732.690346283462,
      "mean_jsa_contrib_displaced": 0.0,
      "mean_jsa_income_displaced": 0.0
    },
    "2": {
      "displaced_weighted": 25376.786895751953,
      "share_positive_uc": 0.4707171325379783,
      "share_zero_uc": 0.5292828674620217,
      "share_zero_uc_capital_over_16k": 0.0,
      "share_zero_uc_income_tapered": 0.22964143536050471,
      "share_zero_uc_non_takeup": 0.299641432101517,
      "share_zero_uc_other": 0.0,
      "mean_uc_award_displaced": 8009.752969234561,
      "mean_uc_award_if_positive": 17016.064246585116,
      "mean_jsa_contrib_displaced": 0.0,
      "mean_jsa_income_displaced": 0.0
    },
    "3": {
      "displaced_weighted": 16037.927001953125,
      "share_positive_uc": 0.42249260248864734,
      "share_zero_uc": 0.5775073975113527,
      "share_zero_uc_capital_over_16k": 0.0,
      "share_zero_uc_income_tapered": 0.27428607075796235,
      "share_zero_uc_non_takeup": 0.15564521288792532,
      "share_zero_uc_other": 0.147576113865465,
      "mean_uc_award_displaced": 4021.145507650194,
      "mean_uc_award_if_positive": 9517.670804089983,
      "mean_jsa_contrib_displaced": 0.0,
      "mean_jsa_income_displaced": 0.0
    },
    "4": {
      "displaced_weighted": 42752.30325317383,
      "share_positive_uc": 0.37811568730206924,
      "share_zero_uc": 0.6218843126979308,
      "share_zero_uc_capital_over_16k": 0.0,
      "share_zero_uc_income_tapered": 0.3485787301528657,
      "share_zero_uc_non_takeup": 0.27330558254506504,
      "share_zero_uc_other": 0.0,
      "mean_uc_award_displaced": 3116.537995870793,
      "mean_uc_award_if_positive": 8242.286952196859,
      "mean_jsa_contrib_displaced": 0.0,
      "mean_jsa_income_displaced": 0.0
    }
  }
}