{
  "baseline_rules": 0.3972906789184177,
  "capital_limit_off": {
    "cushioning_rate": 0.3972906789184177,
    "components_share_of_gross_loss": {
      "income_tax": 0.1975458556371481,
      "employee_national_insurance": 0.04516744917860633,
      "universal_credit": 0.11138996800558236,
      "other_benefits": 0.0,
      "other_residual": 0.043187406097080924
    },
    "zero_uc_decomposition": {
      "displaced_weighted": 35003.789123535156,
      "share_positive_uc": 0.4861937510563279,
      "share_zero_uc": 0.5138062489436721,
      "share_zero_uc_capital_over_16k": 0.0,
      "share_zero_uc_income_tapered": 0.2636473903221983,
      "share_zero_uc_non_takeup": 0.25015885862147375,
      "share_zero_uc_other": 0.0,
      "mean_uc_award_displaced": 5891.711083700997,
      "mean_uc_award_if_positive": 12118.031280534526,
      "mean_jsa_contrib_displaced": 0.0,
      "mean_jsa_income_displaced": 0.0
    }
  },
  "capital_rules_off": {
    "cushioning_rate": 0.3972906789184177,
    "components_share_of_gross_loss": {
      "income_tax": 0.1975458556371481,
      "employee_national_insurance": 0.04516744917860633,
      "universal_credit": 0.11138996800558236,
      "other_benefits": 0.0,
      "other_residual": 0.043187406097080924
    },
    "zero_uc_decomposition": {
      "displaced_weighted": 35003.789123535156,
      "share_positive_uc": 0.4861937510563279,
      "share_zero_uc": 0.5138062489436721,
      "share_zero_uc_capital_over_16k": 0.0,
      "share_zero_uc_income_tapered": 0.2636473903221983,
      "share_zero_uc_non_takeup": 0.25015885862147375,
      "share_zero_uc_other": 0.0,
      "mean_uc_award_displaced": 5891.711083700997,
      "mean_uc_award_if_positive": 12118.031280534526,
      "mean_jsa_contrib_displaced": 0.0,
      "mean_jsa_income_displaced": 0.0
    }
  }
}