{
  "n_draws": 5,
  "full_tariff_displacement": {
    "national_gap_baseline_bn": {
      "mean": 36.29696370946112,
      "sd": 0.0
    },
    "national_gap_shocked_bn": {
      "mean": 36.41920870994992,
      "sd": 0.12282188086732126
    },
    "affected_hh_gap_baseline_bn": {
      "mean": 0.002919681722545862,
      "sd": 0.005163887259228854
    },
    "affected_hh_gap_shocked_bn": {
      "mean": 0.12516468221134894,
      "sd": 0.12773529636562095
    },
    "affected_people_weighted": {
      "mean": 93678.55996704102,
      "sd": 39549.573593704736
    },
    "affected_pov_rate_baseline": {
      "mean": 0.019591050813012656,
      "sd": 0.026830563143870133
    },
    "affected_pov_rate_shocked": {
      "mean": 0.25196662804433045,
      "sd": 0.13805630446815
    },
    "affected_pov_rate_change_pp": {
      "mean": 23.237557723131783,
      "sd": 11.666178012404536
    },
    "national_gap_change_bn": {
      "mean": 0.12224500048880316,
      "sd": 0.12282188086732126
    },
    "affected_hh_gap_change_bn": {
      "mean": 0.12224500048880307,
      "sd": 0.12282188086732561
    }
  },
  "full_tariff_displacement_per_draw": [
    {
      "national_gap_baseline_bn": 36.29696370946112,
      "national_gap_shocked_bn": 36.61911416218899,
      "affected_hh_gap_baseline_bn": 0.011921371887534856,
      "affected_hh_gap_shocked_bn": 0.33407182461541535,
      "affected_people_weighted": 137916.26373291016,
      "affected_pov_rate_baseline": 0.04966571670091804,
      "affected_pov_rate_shocked": 0.30558894864478026,
      "affected_pov_rate_change_pp": 25.592323194386225,
      "national_gap_change_bn": 0.32215045272787535,
      "affected_hh_gap_change_bn": 0.3221504527278805
    },
    {
      "national_gap_baseline_bn": 36.29696370946112,
      "national_gap_shocked_bn": 36.428810496010286,
      "affected_hh_gap_baseline_bn": 0.0026770367251944542,
      "affected_hh_gap_shocked_bn": 0.13452382327436352,
      "affected_people_weighted": 60674.78454589844,
      "affected_pov_rate_baseline": 0.04828953736414524,
      "affected_pov_rate_shocked": 0.452335327041511,
      "affected_pov_rate_change_pp": 40.404578967736576,
      "national_gap_change_bn": 0.13184678654916837,
      "affected_hh_gap_change_bn": 0.13184678654916906
    },
    {
      "national_gap_baseline_bn": 36.29696370946112,
      "national_gap_shocked_bn": 36.31478275420451,
      "affected_hh_gap_baseline_bn": 0.0,
      "affected_hh_gap_shocked_bn": 0.017819044743386327,
      "affected_people_weighted": 94854.58737182617,
      "affected_pov_rate_baseline": 0.0,
      "affected_pov_rate_shocked": 0.10402899258912324,
      "affected_pov_rate_change_pp": 10.402899258912324,
      "national_gap_change_bn": 0.017819044743390577,
      "affected_hh_gap_change_bn": 0.017819044743386327
    },
    {
      "national_gap_baseline_bn": 36.29696370946112,
      "national_gap_shocked_bn": 36.32273257423079,
      "affected_hh_gap_baseline_bn": 0.0,
      "affected_hh_gap_shocked_bn": 0.025768864769666673,
      "affected_people_weighted": 47900.4541015625,
      "affected_pov_rate_baseline": 0.0,
      "affected_pov_rate_shocked": 0.25235341686091545,
      "affected_pov_rate_change_pp": 25.235341686091544,
      "national_gap_change_bn": 0.025768864769673883,
      "affected_hh_gap_change_bn": 0.025768864769666673
    },
    {
      "national_gap_baseline_bn": 36.29696370946112,
      "national_gap_shocked_bn": 36.410603563115025,
      "affected_hh_gap_baseline_bn": 0.0,
      "affected_hh_gap_shocked_bn": 0.11363985365391278,
      "affected_people_weighted": 127046.71008300781,
      "affected_pov_rate_baseline": 0.0,
      "affected_pov_rate_shocked": 0.1455264550853224,
      "affected_pov_rate_change_pp": 14.552645508532239,
      "national_gap_change_bn": 0.11363985365390761,
      "affected_hh_gap_change_bn": 0.11363985365391278
    }
  ],
  "epd_displacement": {
    "national_gap_baseline_bn": {
      "mean": 36.29696370946112,
      "sd": 0.0
    },
    "national_gap_shocked_bn": {
      "mean": 36.39302212240924,
      "sd": 0.11041862401888053
    },
    "affected_hh_gap_baseline_bn": {
      "mean": 0.002919681722545862,
      "sd": 0.005163887259228854
    },
    "affected_hh_gap_shocked_bn": {
      "mean": 0.09897809467067091,
      "sd": 0.1151666879459447
    },
    "affected_people_weighted": {
      "mean": 72190.99320068359,
      "sd": 40548.52178549802
    },
    "affected_pov_rate_baseline": {
      "mean": 0.02743413749443263,
      "sd": 0.03837221299880078
    },
    "affected_pov_rate_shocked": {
      "mean": 0.28598142002928884,
      "sd": 0.19938478752146968
    },
    "affected_pov_rate_change_pp": {
      "mean": 25.85472825348562,
      "sd": 17.29873691024089
    },
    "national_gap_change_bn": {
      "mean": 0.09605841294812194,
      "sd": 0.11041862401888052
    },
    "affected_hh_gap_change_bn": {
      "mean": 0.09605841294812506,
      "sd": 0.11041862401888408
    }
  },
  "epd_displacement_per_draw": [
    {
      "national_gap_baseline_bn": 36.29696370946112,
      "national_gap_shocked_bn": 36.572196424839795,
      "affected_hh_gap_baseline_bn": 0.011921371887534856,
      "affected_hh_gap_shocked_bn": 0.28715408726622177,
      "affected_people_weighted": 119087.90142822266,
      "affected_pov_rate_baseline": 0.05751810218216255,
      "affected_pov_rate_shocked": 0.3123890988158332,
      "affected_pov_rate_change_pp": 25.48709966336706,
      "national_gap_change_bn": 0.275232715378678,
      "affected_hh_gap_change_bn": 0.27523271537868693
    },
    {
      "national_gap_baseline_bn": 36.29696370946112,
      "national_gap_shocked_bn": 36.37541011494485,
      "affected_hh_gap_baseline_bn": 0.0026770367251944542,
      "affected_hh_gap_shocked_bn": 0.0811234422089262,
      "affected_people_weighted": 36784.20812988281,
      "affected_pov_rate_baseline": 0.07965258529000062,
      "affected_pov_rate_shocked": 0.5506967593903651,
      "affected_pov_rate_change_pp": 47.10441741003645,
      "national_gap_change_bn": 0.0784464054837315,
      "affected_hh_gap_change_bn": 0.07844640548373175
    },
    {
      "national_gap_baseline_bn": 36.29696370946112,
      "national_gap_shocked_bn": 36.30319472576134,
      "affected_hh_gap_baseline_bn": 0.0,
      "affected_hh_gap_shocked_bn": 0.006231016300221563,
      "affected_people_weighted": 72759.59545898438,
      "affected_pov_rate_baseline": 0.0,
      "affected_pov_rate_shocked": 0.022732957227844696,
      "affected_pov_rate_change_pp": 2.2732957227844697,
      "national_gap_change_bn": 0.006231016300219494,
      "affected_hh_gap_change_bn": 0.006231016300221563
    },
    {
      "national_gap_baseline_bn": 36.29696370946112,
      "national_gap_shocked_bn": 36.30370578338519,
      "affected_hh_gap_baseline_bn": 0.0,
      "affected_hh_gap_shocked_bn": 0.006742073924072265,
      "affected_people_weighted": 27105.64306640625,
      "affected_pov_rate_baseline": 0.0,
      "affected_pov_rate_shocked": 0.36837001894911436,
      "affected_pov_rate_change_pp": 36.83700189491144,
      "national_gap_change_bn": 0.006742073924073111,
      "affected_hh_gap_change_bn": 0.006742073924072265
    },
    {
      "national_gap_baseline_bn": 36.29696370946112,
      "national_gap_shocked_bn": 36.410603563115025,
      "affected_hh_gap_baseline_bn": 0.0,
      "affected_hh_gap_shocked_bn": 0.11363985365391278,
      "affected_people_weighted": 105217.61791992188,
      "affected_pov_rate_baseline": 0.0,
      "affected_pov_rate_shocked": 0.17571826576328692,
      "affected_pov_rate_change_pp": 17.571826576328693,
      "national_gap_change_bn": 0.11363985365390761,
      "affected_hh_gap_change_bn": 0.11363985365391278
    }
  ],
  "full_tariff_wage_cut": {
    "national_gap_baseline_bn": 36.29696370946112,
    "national_gap_shocked_bn": 36.31104699290941,
    "affected_hh_gap_baseline_bn": 0.2771739564747201,
    "affected_hh_gap_shocked_bn": 0.2912572399230107,