{
  "n_draws": 5,
  "full_tariff_displacement": {
    "national_gap_baseline_bn": {
      "mean": 36.29696370946112,
      "sd": 0.0
    },
    "national_gap_shocked_bn": {
      "mean": 36.33476259103895,
      "sd": 0.026591810177605767
    },
    "affected_hh_gap_baseline_bn": {
      "mean": 0.002919681722545862,
      "sd": 0.005163887259228854
    },
    "affected_hh_gap_shocked_bn": {
      "mean": 0.04071856330037737,
      "sd": 0.0281855599001587
    },
    "affected_people_weighted": {
      "mean": 39661.18787841797,
      "sd": 19396.957439335565
    },
    "affected_pov_rate_baseline": {
      "mean": 0.04981146348182878,
      "sd": 0.06832980937631324
    },
    "affected_pov_rate_shocked": {
      "mean": 0.3134550413355571,
      "sd": 0.30165284793556885
    },
    "affected_pov_rate_change_pp": {
      "mean": 26.36435778537284,
      "sd": 31.20555139244582
    },
    "national_gap_change_bn": {
      "mean": 0.03779888157783233,
      "sd": 0.026591810177605767
    },
    "affected_hh_gap_change_bn": {
      "mean": 0.037798881577831504,
      "sd": 0.02659181017760683
    }
  },
  "full_tariff_displacement_per_draw": [
    {
      "national_gap_baseline_bn": 36.29696370946112,
      "national_gap_shocked_bn": 36.34314876086679,
      "affected_hh_gap_baseline_bn": 0.011921371887534856,
      "affected_hh_gap_shocked_bn": 0.05810642329321003,
      "affected_people_weighted": 52562.30108642578,
      "affected_pov_rate_baseline": 0.13031602386937263,
      "affected_pov_rate_shocked": 0.15874511527191712,
      "affected_pov_rate_change_pp": 2.8429091402544486,
      "national_gap_change_bn": 0.046185051405672084,
      "affected_hh_gap_change_bn": 0.04618505140567517
    },
    {
      "national_gap_baseline_bn": 36.29696370946112,
      "national_gap_shocked_bn": 36.34271792614694,
      "affected_hh_gap_baseline_bn": 0.0026770367251944542,
      "affected_hh_gap_shocked_bn": 0.04843125341101623,
      "affected_people_weighted": 24675.133544921875,
      "affected_pov_rate_baseline": 0.11874129353977127,
      "affected_pov_rate_shocked": 0.4543554931645101,
      "affected_pov_rate_change_pp": 33.561419962473884,
      "national_gap_change_bn": 0.0457542166858218,
      "affected_hh_gap_change_bn": 0.045754216685821775
    },
    {
      "national_gap_baseline_bn": 36.29696370946112,
      "national_gap_shocked_bn": 36.29696370946112,
      "affected_hh_gap_baseline_bn": 0.0,
      "affected_hh_gap_shocked_bn": 0.0,
      "affected_people_weighted": 42540.99816894531,
      "affected_pov_rate_baseline": 0.0,
      "affected_pov_rate_shocked": 0.0,
      "affected_pov_rate_change_pp": 0.0,
      "national_gap_change_bn": 0.0,
      "affected_hh_gap_change_bn": 0.0
    },
    {
      "national_gap_baseline_bn": 36.29696370946112,
      "national_gap_shocked_bn": 36.32273257423079,
      "affected_hh_gap_baseline_bn": 0.0,
      "affected_hh_gap_shocked_bn": 0.025768864769666673,
      "affected_people_weighted": 15754.83935546875,
      "affected_pov_rate_baseline": 0.0,
      "affected_pov_rate_shocked": 0.7672463672263895,
      "affected_pov_rate_change_pp": 76.72463672263895,
      "national_gap_change_bn": 0.025768864769673883,
      "affected_hh_gap_change_bn": 0.025768864769666673
    },
    {
      "national_gap_baseline_bn": 36.29696370946112,
      "national_gap_shocked_bn": 36.36824998448911,
      "affected_hh_gap_baseline_bn": 0.0,
      "affected_hh_gap_shocked_bn": 0.07128627502799392,
      "affected_people_weighted": 62772.667236328125,
      "affected_pov_rate_baseline": 0.0,
      "affected_pov_rate_shocked": 0.18692823101496908,
      "affected_pov_rate_change_pp": 18.69282310149691,
      "national_gap_change_bn": 0.0712862750279939,
      "affected_hh_gap_change_bn": 0.07128627502799392
    }
  ],
  "epd_displacement": {
    "national_gap_baseline_bn": {
      "mean": 36.29696370946112,
      "sd": 0.0
    },
    "national_gap_shocked_bn": {
      "mean": 36.32164854762793,
      "sd": 0.020300506029418585
    },
    "affected_hh_gap_baseline_bn": {
      "mean": 0.002919681722545862,
      "sd": 0.005163887259228854
    },
    "affected_hh_gap_shocked_bn": {
      "mean": 0.027604519889352846,
      "sd": 0.022456326109684947
    },
    "affected_people_weighted": {
      "mean": 33700.77708740234,
      "sd": 15722.824744829255
    },
    "affected_pov_rate_baseline": {
      "mean": 0.05057409771079034,
      "sd": 0.06946480934679684
    },
    "affected_pov_rate_shocked": {
      "mean": 0.3048160548952755,
      "sd": 0.2900430438430328
    },
    "affected_pov_rate_change_pp": {
      "mean": 25.424195718448523,
      "sd": 30.252127100312002
    },
    "national_gap_change_bn": {
      "mean": 0.02468483816680589,
      "sd": 0.020300506029418585
    },
    "affected_hh_gap_change_bn": {
      "mean": 0.024684838166806982,
      "sd": 0.020300506029419692
    }
  },
  "epd_displacement_per_draw": [
    {
      "national_gap_baseline_bn": 36.29696370946112,
      "national_gap_shocked_bn": 36.32790765203029,
      "affected_hh_gap_baseline_bn": 0.011921371887534856,
      "affected_hh_gap_shocked_bn": 0.04286531445671082,
      "affected_people_weighted": 51068.00262451172,
      "affected_pov_rate_baseline": 0.13412919501418047,
      "affected_pov_rate_shocked": 0.13412919501418047,
      "affected_pov_rate_change_pp": 0.0,
      "national_gap_change_bn": 0.030943942569173544,
      "affected_hh_gap_change_bn": 0.03094394256917596
    },
    {
      "national_gap_baseline_bn": 36.29696370946112,
      "national_gap_shocked_bn": 36.34271792614694,
      "affected_hh_gap_baseline_bn": 0.0026770367251944542,
      "affected_hh_gap_shocked_bn": 0.04843125341101623,
      "affected_people_weighted": 24675.133544921875,
      "affected_pov_rate_baseline": 0.11874129353977127,
      "affected_pov_rate_shocked": 0.4543554931645101,
      "affected_pov_rate_change_pp": 33.561419962473884,
      "national_gap_change_bn": 0.0457542166858218,
      "affected_hh_gap_change_bn": 0.045754216685821775
    },
    {
      "national_gap_baseline_bn": 36.29696370946112,
      "national_gap_shocked_bn": 36.29696370946112,
      "affected_hh_gap_baseline_bn": 0.0,
      "affected_hh_gap_shocked_bn": 0.0,
      "affected_people_weighted": 31330.726684570312,
      "affected_pov_rate_baseline": 0.0,
      "affected_pov_rate_shocked": 0.0,
      "affected_pov_rate_change_pp": 0.0,
      "national_gap_change_bn": 0.0,
      "affected_hh_gap_change_bn": 0.0
    },
    {
      "national_gap_baseline_bn": 36.29696370946112,
      "national_gap_shocked_bn": 36.30370578338519,
      "affected_hh_gap_baseline_bn": 0.0,
      "affected_hh_gap_shocked_bn": 0.006742073924072265,
      "affected_people_weighted": 13651.90234375,
      "affected_pov_rate_baseline": 0.0,
      "affected_pov_rate_shocked": 0.7313930321638439,
      "affected_pov_rate_change_pp": 73.13930321638439,
      "national_gap_change_bn": 0.006742073924073111,
      "affected_hh_gap_change_bn": 0.006742073924072265
    },
    {
      "national_gap_baseline_bn": 36.29696370946112,
      "national_gap_shocked_bn": 36.33694766711608,
      "affected_hh_gap_baseline_bn": 0.0,
      "affected_hh_gap_shocked_bn": 0.03998395765496492,
      "affected_people_weighted": 47778.12023925781,
      "affected_pov_rate_baseline": 0.0,
      "affected_pov_rate_shocked": 0.2042025541338432,
      "affected_pov_rate_change_pp": 20.420255413384318,
      "national_gap_change_bn": 0.03998395765496099,
      "affected_hh_gap_change_bn": 0.03998395765496492
    }
  ],
  "full_tariff_wage_cut": {
    "national_gap_baseline_bn": 36.29696370946112,
    "national_gap_shocked_bn": 36.30400533758897,
    "affected_hh_gap_baseline_bn": 0.2771739564747201,
    "affected_hh_gap_shocked_bn": 0.28421558460257185,
    "affected_people_weighted": 4626450.0816345215,
    "affected_pov_rate_baseline": 0.04295639680133933,
    "affected_pov_rate_shocked": 0.04295639680133933,