{
  "calibration": {
    "reallocation_penalty": 0.283,
    "reallocation_penalty_lower_bound": 0.14,
    "source": "FRS 2024-25 weighted mean annual employee earnings, exposed goods divisions vs the four services destinations (analysis/reallocation_calibration.py); lower bound is the hours/age-controlled log gap."
  },
  "n_draws": 5,
  "seeds": [
    0,
    1,
    2,
    3,
    4
  ],
  "full_tariff": {
    "reallocation": {
      "n_draws": 5,
      "exchequer_cost_mean": 338785075.2,
      "exchequer_cost_sd": 208772266.21088123,
      "poverty_bhc_mean": 3.465983389117078e-06,
      "poverty_bhc_sd": 7.750174466950891e-06,
      "poverty_ahc_mean": 1.019179483935373e-05,
      "gini_change_mean": -6.359626856085043e-05,
      "gini_change_sd": 6.932311914964627e-05,
      "cushioning_rate_mean": 0.4231299493955632,
      "cushioning_rate_sd": 0.03643417257896864,
      "gross_earnings_loss_mean": 597097268.2719048,
      "net_disposable_loss_mean": 346737868.8,
      "affected_weighted_mean": 32201.625390625
    },
    "reallocation_lag3": {
      "n_draws": 5,
      "exchequer_cost_mean": 548582195.2,
      "exchequer_cost_sd": 338982804.17866445,
      "poverty_bhc_mean": 3.9794383830532576e-05,
      "poverty_bhc_sd": 4.40133640607155e-05,
      "poverty_ahc_mean": 5.2356961830429814e-05,
      "gini_change_mean": -7.909060018167491e-05,
      "gini_change_sd": 0.00010776188507680792,
      "cushioning_rate_mean": 0.4188256630176948,
      "cushioning_rate_sd": 0.04140076670613057,
      "gross_earnings_loss_mean": 975294036.2497813,
      "net_disposable_loss_mean": 571159347.2,
      "affected_weighted_mean": 32201.625390625
    },
    "reallocation_lowpenalty": {
      "n_draws": 5,
      "exchequer_cost_mean": 171386470.4,
      "exchequer_cost_sd": 107900979.91717234,
      "poverty_bhc_mean": 0.0,
      "poverty_bhc_sd": 0.0,
      "poverty_ahc_mean": 1.019179483935373e-05,
      "gini_change_mean": -3.616669716119958e-05,
      "gini_change_sd": 3.557625561915202e-05,
      "cushioning_rate_mean": 0.4327640460659213,
      "cushioning_rate_sd": 0.034874462468459384,
      "gross_earnings_loss_mean": 295383807.62567747,
      "net_disposable_loss_mean": 167772160.0,
      "affected_weighted_mean": 32201.625390625
    },
    "displacement": {
      "n_draws": 5,
      "exchequer_cost_mean": 1031297433.6,
      "exchequer_cost_sd": 659394388.0511774,
      "poverty_bhc_mean": 0.00031941805956469673,
      "poverty_bhc_sd": 0.0001636036299795003,
      "poverty_ahc_mean": 0.00037091496948183923,
      "gini_change_mean": 5.747372053206412e-05,
      "gini_change_sd": 0.00020565818344787113,
      "cushioning_rate_mean": 0.3823184979310622,
      "cushioning_rate_sd": 0.05365197919059125,
      "gross_earnings_loss_mean": 2109884340.1834102,
      "net_disposable_loss_mean": 1302881894.4,
      "affected_weighted_mean": 32201.625390625
    },
    "inactivity": {
      "n_draws": 5,
      "exchequer_cost_mean": 1049709772.8,
      "exchequer_cost_sd": 664884516.9033846,
      "poverty_bhc_mean": 0.00031941805956469673,
      "poverty_bhc_sd": 0.0001636036299795003,
      "poverty_ahc_mean": 0.00034287142806814773,
      "gini_change_mean": 4.622204625248649e-05,
      "gini_change_sd": 0.00020901853996525537,
      "cushioning_rate_mean": 0.39242616940908326,
      "cushioning_rate_sd": 0.05556278588392738,
      "gross_earnings_loss_mean": 2109884340.1834102,
      "net_disposable_loss_mean": 1284505600.0,
      "affected_weighted_mean": 32201.625390625
    },
    "wage_cut": {
      "n_draws": 5,
      "exchequer_cost_mean": 984743936.0,
      "exchequer_cost_sd": 183178.68871678278,
      "poverty_bhc_mean": 0.0,
      "poverty_bhc_sd": 0.0,
      "poverty_ahc_mean": 2.2467689095029275e-05,
      "gini_change_mean": -0.00010609187163130862,
      "gini_change_sd": 3.234965712763883e-08,
      "cushioning_rate_mean": 0.41017185121470706,
      "cushioning_rate_sd": 0.0001323561389625162,
      "gross_earnings_loss_mean": 1771498650.499899,
      "net_disposable_loss_mean": 1044879769.6,
      "affected_weighted_mean": 0.0
    },
    "paired_vs_displacement": {
      "reallocation": {
        "exchequer_cost": {
          "mean_difference": -692512358.4,
          "sd_of_paired_difference": 454035670.69736415,
          "se_of_paired_difference": 203050924.7778031,
          "paired": true,
          "n_pairs": 5
        },
        "poverty_rate_change_bhc": {
          "mean_difference": -0.0003159520761755796,
          "sd_of_paired_difference": 0.00016444416639103086,
          "se_of_paired_difference": 7.354166691072625e-05,
          "paired": true,
          "n_pairs": 5
        },
        "cushioning_rate": {
          "mean_difference": 0.04081145146450098,
          "sd_of_paired_difference": 0.02605190234504114,
          "se_of_paired_difference": 0.011650764917339634,
          "paired": true,
          "n_pairs": 5
        }
      },
      "reallocation_lag3": {
        "exchequer_cost": {
          "mean_difference": -482715238.4,
          "sd_of_paired_difference": 328100268.16281664,
          "se_of_paired_difference": 146730900.6095936,
          "paired": true,
          "n_pairs": 5
        },
        "poverty_rate_change_bhc": {
          "mean_difference": -0.00027962367573416416,
          "sd_of_paired_difference": 0.00015128935965460193,
          "se_of_paired_difference": 6.76586584920208e-05,
          "paired": true,
          "n_pairs": 5
        },
        "cushioning_rate": {
          "mean_difference": 0.03650716508663254,
          "sd_of_paired_difference": 0.026049932473820987,
          "se_of_paired_difference": 0.011649883964148598,
          "paired": true,
          "n_pairs": 5
        }
      },
      "reallocation_lowpenalty": {
        "exchequer_cost": {
          "mean_difference": -859910963.2,
          "sd_of_paired_difference": 553344964.440117,
          "se_of_paired_difference": 247463391.09906107,
          "paired": true,
          "n_pairs": 5
        },
        "poverty_rate_change_bhc": {
          "mean_difference": -0.00031941805956469673,
          "sd_of_paired_difference": 0.0001636036299795003,
          "se_of_paired_difference": 7.316576759997704e-05,
          "paired": true,
          "n_pairs": 5
        },
        "cushioning_rate": {
          "mean_difference": 0.05044554813485904,
          "sd_of_paired_difference": 0.028381783628057586,
          "se_of_paired_difference": 0.012692719503005474,
          "paired": true,
          "n_pairs": 5
        }
      },
      "inactivity": {
        "exchequer_cost": {
          "mean_difference": 18412339.2,
          "sd_of_paired_difference": 9553469.517182289,
          "se_of_paired_difference": 4272441.452278338,
          "paired": true,
          "n_pairs": 5
        },
        "poverty_rate_change_bhc": {
          "mean_difference": 0.0,
          "sd_of_paired_difference": 0.0,
          "se_of_paired_difference": 0.0,
          "paired": true,
          "n_pairs": 5
        },
        "cushioning_rate": {
          "mean_difference": 0.010107671478021052,
          "sd_of_paired_difference": 0.005103996562107623,
          "se_of_paired_difference": 0.0022825766539595746,
          "paired": true,
          "n_pairs": 5
        }
      },
      "wage_cut": {
        "exchequer_cost": {
          "mean_difference": -46553497.6,
          "sd_of_paired_difference": 659343282.042471,
          "se_of_paired_difference": 294867279.83095634,
          "paired": true,
          "n_pairs": 5
        },
        "poverty_rate_change_bhc": {
          "mean_difference": -0.00031941805956469673,
          "sd_of_paired_difference": 0.0001636036299795003,
          "se_of_paired_difference": 7.316576759997704e-05,
          "paired": true,
          "n_pairs": 5
        },
        "cushioning_rate": {
          "mean_difference": 0.027853353283644845,
          "sd_of_paired_difference": 0.05353439732663777,