{
  "calibration": {
    "reallocation_penalty": 0.283,
    "reallocation_penalty_lower_bound": 0.14,
    "source": "FRS 2024-25 weighted mean annual employee earnings, exposed goods divisions vs the four services destinations (analysis/reallocation_calibration.py); lower bound is the hours/age-controlled log gap."
  },
  "n_draws": 20,
  "seeds": [
    0,
    1,
    2,
    3,
    4,
    5,
    6,
    7,
    8,
    9,
    10,
    11,
    12,
    13,
    14,
    15,
    16,
    17,
    18,
    19
  ],
  "full_tariff": {
    "reallocation": {
      "n_draws": 20,
      "exchequer_cost_mean": 303410380.8,
      "exchequer_cost_sd": 77825548.54036532,
      "poverty_bhc_mean": -1.804904393599843e-05,
      "poverty_bhc_sd": 7.429620586234415e-05,
      "poverty_ahc_mean": 1.4726402224531088e-05,
      "gini_change_mean": -3.3405187826607284e-05,
      "gini_change_sd": 5.19306809039709e-05,
      "cushioning_rate_mean": 0.44823478521104476,
      "cushioning_rate_sd": 0.06451321072016399,
      "gross_earnings_loss_mean": 515880111.1504053,
      "net_disposable_loss_mean": 285238886.4,
      "affected_weighted_mean": 33565.60322265625
    },
    "reallocation_lag3": {
      "n_draws": 20,
      "exchequer_cost_mean": 475132723.2,
      "exchequer_cost_sd": 124458033.76866955,
      "poverty_bhc_mean": 2.8291570790839328e-05,
      "poverty_bhc_sd": 7.119425006303324e-05,
      "poverty_ahc_mean": 6.45821236816918e-05,
      "gini_change_mean": -2.025982184301056e-05,
      "gini_change_sd": 8.53406424456427e-05,
      "cushioning_rate_mean": 0.42217666698532763,
      "cushioning_rate_sd": 0.04529697431830348,
      "gross_earnings_loss_mean": 842634563.1776499,
      "net_disposable_loss_mean": 486395084.8,
      "affected_weighted_mean": 33565.60322265625
    },
    "reallocation_lowpenalty": {
      "n_draws": 20,
      "exchequer_cost_mean": 164175872.0,
      "exchequer_cost_sd": 47817539.605802156,
      "poverty_bhc_mean": -2.8726430791817247e-05,
      "poverty_bhc_sd": 7.671788873253264e-05,
      "poverty_ahc_mean": -1.303770201453308e-05,
      "gini_change_mean": -2.9196109904022772e-05,
      "gini_change_sd": 2.850912884515933e-05,
      "cushioning_rate_mean": 0.5069885945000425,
      "cushioning_rate_sd": 0.12839515912742802,
      "gross_earnings_loss_mean": 255205708.69631377,
      "net_disposable_loss_mean": 126962892.8,
      "affected_weighted_mean": 33565.60322265625
    },
    "displacement": {
      "n_draws": 20,
      "exchequer_cost_mean": 869205606.4,
      "exchequer_cost_sd": 257687636.26328334,
      "poverty_bhc_mean": 0.0004991515192061813,
      "poverty_bhc_sd": 0.00019023077181454714,
      "poverty_ahc_mean": 0.000558739212488997,
      "gini_change_mean": 0.00019596415852057847,
      "gini_change_sd": 0.00017733251984612745,
      "cushioning_rate_mean": 0.3891547124009309,
      "cushioning_rate_sd": 0.03736100484523967,
      "gross_earnings_loss_mean": 1822897919.2593834,
      "net_disposable_loss_mean": 1109891481.6,
      "affected_weighted_mean": 33565.60322265625
    },
    "inactivity": {
      "n_draws": 20,
      "exchequer_cost_mean": 888123392.0,
      "exchequer_cost_sd": 261754050.3123826,
      "poverty_bhc_mean": 0.0004823539018357928,
      "poverty_bhc_sd": 0.00018023555239219194,
      "poverty_ahc_mean": 0.0005262351499225159,
      "gini_change_mean": 0.00018384859428656198,
      "gini_change_sd": 0.00017543243570484007,
      "cushioning_rate_mean": 0.3995041430919117,
      "cushioning_rate_sd": 0.03985829913250086,
      "gross_earnings_loss_mean": 1822897919.2593834,
      "net_disposable_loss_mean": 1090958131.2,
      "affected_weighted_mean": 33565.60322265625
    },
    "wage_cut": {
      "n_draws": 1,
      "exchequer_cost_mean": 984825856.0,
      "exchequer_cost_sd": 0.0,
      "poverty_bhc_mean": 0.0,
      "poverty_bhc_sd": 0.0,
      "poverty_ahc_mean": 2.2467689095029275e-05,
      "gini_change_mean": -0.00010610633883778586,
      "gini_change_sd": 0.0,
      "cushioning_rate_mean": 0.41023104267949895,
      "cushioning_rate_sd": 0.0,
      "gross_earnings_loss_mean": 1771498650.499899,
      "net_disposable_loss_mean": 1044774912.0,
      "affected_weighted_mean": 0.0
    },
    "paired_vs_displacement": {
      "reallocation": {
        "exchequer_cost": {
          "mean_difference": -565795225.6,
          "sd_of_paired_difference": 188043300.5562392,
          "se_of_paired_difference": 42047760.27571748,
          "paired": true,
          "n_pairs": 20
        },
        "poverty_rate_change_bhc": {
          "mean_difference": -0.0005172005631421797,
          "sd_of_paired_difference": 0.00021046622993916916,
          "se_of_paired_difference": 4.706167971120837e-05,
          "paired": true,
          "n_pairs": 20
        },
        "cushioning_rate": {
          "mean_difference": 0.05908007281011387,
          "sd_of_paired_difference": 0.0545723907818873,
          "se_of_paired_difference": 0.01220275754829829,
          "paired": true,
          "n_pairs": 20
        }
      },
      "reallocation_lag3": {
        "exchequer_cost": {
          "mean_difference": -394072883.2,
          "sd_of_paired_difference": 140402420.5077672,
          "se_of_paired_difference": 31394935.6460878,
          "paired": true,
          "n_pairs": 20
        },
        "poverty_rate_change_bhc": {
          "mean_difference": -0.00047085994841534193,
          "sd_of_paired_difference": 0.00018995724211691951,
          "se_of_paired_difference": 4.247573061918181e-05,
          "paired": true,
          "n_pairs": 20
        },
        "cushioning_rate": {
          "mean_difference": 0.03302195458439675,
          "sd_of_paired_difference": 0.03219295414686174,
          "se_of_paired_difference": 0.00719856338689166,
          "paired": true,
          "n_pairs": 20
        }
      },
      "reallocation_lowpenalty": {
        "exchequer_cost": {
          "mean_difference": -705029734.4,
          "sd_of_paired_difference": 224810066.48622316,
          "se_of_paired_difference": 50269059.06894422,
          "paired": true,
          "n_pairs": 20
        },
        "poverty_rate_change_bhc": {
          "mean_difference": -0.0005278779499979985,
          "sd_of_paired_difference": 0.00020338583759085702,
          "se_of_paired_difference": 4.547845585138883e-05,
          "paired": true,
          "n_pairs": 20
        },
        "cushioning_rate": {
          "mean_difference": 0.11783388209911169,
          "sd_of_paired_difference": 0.11862733955623204,
          "se_of_paired_difference": 0.026525879523768458,
          "paired": true,
          "n_pairs": 20
        }
      },
      "inactivity": {
        "exchequer_cost": {
          "mean_difference": 18917785.6,
          "sd_of_paired_difference": 13547711.626005216,
          "se_of_paired_difference": 3029360.413531187,
          "paired": true,
          "n_pairs": 20
        },
        "poverty_rate_change_bhc": {
          "mean_difference": -1.6797617370388483e-05,
          "sd_of_paired_difference": 3.403628250156538e-05,
          "se_of_paired_difference": 7.610744137488677e-06,
          "paired": true,
          "n_pairs": 20
        },
        "cushioning_rate": {
          "mean_difference": 0.010349430690980826,
          "sd_of_paired_difference": 0.007227975295069104,
          "se_of_paired_difference": 0.0016162244099463617,
          "paired": true,
          "n_pairs": 20
        }
      },
      "wage_cut": {
        "exchequer_cost": {
          "mean_difference": 152813568.0,
          "paired": false
        },
        "poverty_rate_change_bhc": {
          "mean_difference": -0.0005237145808100196,
          "paired": false
        },
        "cushioning_rate": {
          "mean_difference": 0.012940363761081208,
          "paired": false
        }
      }
    }
  },
  "epd": {
    "reallocation": {
      "n_draws": 20,
      "exchequer_cost_mean": 216304025.6,