{
  "calibration": {
    "reallocation_penalty": 0.283,
    "reallocation_penalty_lower_bound": 0.14,
    "source": "FRS 2024-25 weighted mean annual employee earnings, exposed goods divisions vs the four services destinations (analysis/reallocation_calibration.py); lower bound is the hours/age-controlled log gap."
  },
  "n_draws": 5,
  "seeds": [
    0,
    1,
    2,
    3,
    4
  ],
  "full_tariff": {
    "reallocation": {
      "n_draws": 5,
      "exchequer_cost_mean": 149281177.6,
      "exchequer_cost_sd": 130519961.63209516,
      "poverty_bhc_mean": 0.0,
      "poverty_bhc_sd": 0.0,
      "poverty_ahc_mean": 0.0,
      "gini_change_mean": -4.3360184366125765e-05,
      "gini_change_sd": 7.419318256425867e-05,
      "cushioning_rate_mean": 0.3973833580117591,
      "cushioning_rate_sd": 0.03449474926827536,
      "gross_earnings_loss_mean": 264257372.47676453,
      "net_disposable_loss_mean": 154140672.0,
      "affected_weighted_mean": 12813.15478515625
    },
    "reallocation_lag3": {
      "n_draws": 5,
      "exchequer_cost_mean": 244541030.4,
      "exchequer_cost_sd": 215939578.74242082,
      "poverty_bhc_mean": 6.700042325930022e-06,
      "poverty_bhc_sd": 1.4981750092905333e-05,
      "poverty_ahc_mean": 6.300616232102207e-06,
      "gini_change_mean": -6.192306568517659e-05,
      "gini_change_sd": 0.0001217767126253923,
      "cushioning_rate_mean": 0.3938764283050775,
      "cushioning_rate_sd": 0.03856012989992571,
      "gross_earnings_loss_mean": 431635937.9059521,
      "net_disposable_loss_mean": 251107737.6,
      "affected_weighted_mean": 12813.15478515625
    },
    "reallocation_lowpenalty": {
      "n_draws": 5,
      "exchequer_cost_mean": 74914201.6,
      "exchequer_cost_sd": 64257334.27691339,
      "poverty_bhc_mean": 0.0,
      "poverty_bhc_sd": 0.0,
      "poverty_ahc_mean": 0.0,
      "gini_change_mean": -2.3050824672221636e-05,
      "gini_change_sd": 3.6544199114713623e-05,
      "cushioning_rate_mean": 0.4099466776158609,
      "cushioning_rate_sd": 0.03394333391699266,
      "gross_earnings_loss_mean": 130728028.78709206,
      "net_disposable_loss_mean": 75182899.2,
      "affected_weighted_mean": 12813.15478515625
    },
    "displacement": {
      "n_draws": 5,
      "exchequer_cost_mean": 475804467.2,
      "exchequer_cost_sd": 468933477.766156,
      "poverty_bhc_mean": 0.00010704283559191952,
      "poverty_bhc_sd": 9.041630516965858e-05,
      "poverty_ahc_mean": 0.00011341431788817192,
      "gini_change_mean": -3.76067048946549e-05,
      "gini_change_sd": 0.00020785980418977352,
      "cushioning_rate_mean": 0.3571658914955642,
      "cushioning_rate_sd": 0.059311409561381936,
      "gross_earnings_loss_mean": 933771634.1935145,
      "net_disposable_loss_mean": 567200972.8,
      "affected_weighted_mean": 12813.15478515625
    },
    "inactivity": {
      "n_draws": 5,
      "exchequer_cost_mean": 483924377.6,
      "exchequer_cost_sd": 473386361.4848743,
      "poverty_bhc_mean": 0.00010704283559191952,
      "poverty_bhc_sd": 9.041630516965858e-05,
      "poverty_ahc_mean": 0.00010407935557171232,
      "gini_change_mean": -4.1506724090445425e-05,
      "gini_change_sd": 0.000210328177487275,
      "cushioning_rate_mean": 0.3672863294367126,
      "cushioning_rate_sd": 0.05695959096579336,
      "gross_earnings_loss_mean": 933771634.1935145,
      "net_disposable_loss_mean": 559100723.2,
      "affected_weighted_mean": 12813.15478515625
    },
    "wage_cut": {
      "n_draws": 5,
      "exchequer_cost_mean": 494639513.6,
      "exchequer_cost_sd": 58617.180389370485,
      "poverty_bhc_mean": 0.0,
      "poverty_bhc_sd": 0.0,
      "poverty_ahc_mean": 0.0,
      "gini_change_mean": -5.4669823491471094e-05,
      "gini_change_sd": 1.0422323039800967e-08,
      "cushioning_rate_mean": 0.4132054137852922,
      "cushioning_rate_sd": 0.0001323561389625162,
      "gross_earnings_loss_mean": 885749325.2499483,
      "net_disposable_loss_mean": 519752908.8,
      "affected_weighted_mean": 0.0
    },
    "paired_vs_displacement": {
      "reallocation": {
        "exchequer_cost": {
          "mean_difference": -326523289.6,
          "sd_of_paired_difference": 339507686.5668949,
          "se_of_paired_difference": 151832453.20945382,
          "paired": true,
          "n_pairs": 5
        },
        "poverty_rate_change_bhc": {
          "mean_difference": -0.00010704283559191952,
          "sd_of_paired_difference": 9.041630516965858e-05,
          "se_of_paired_difference": 4.043540092674445e-05,
          "paired": true,
          "n_pairs": 5
        },
        "cushioning_rate": {
          "mean_difference": 0.040217466516194914,
          "sd_of_paired_difference": 0.03399023029083598,
          "se_of_paired_difference": 0.015200893100236337,
          "paired": true,
          "n_pairs": 5
        }
      },
      "reallocation_lag3": {
        "exchequer_cost": {
          "mean_difference": -231263436.8,
          "sd_of_paired_difference": 255897836.8827651,
          "se_of_paired_difference": 114440991.71300313,
          "paired": true,
          "n_pairs": 5
        },
        "poverty_rate_change_bhc": {
          "mean_difference": -0.0001003427932659895,
          "sd_of_paired_difference": 8.346921350509264e-05,
          "se_of_paired_difference": 3.7328567085166124e-05,
          "paired": true,
          "n_pairs": 5
        },
        "cushioning_rate": {
          "mean_difference": 0.036710536809513306,
          "sd_of_paired_difference": 0.028793261505505232,
          "se_of_paired_difference": 0.012876738004047527,
          "paired": true,
          "n_pairs": 5
        }
      },
      "reallocation_lowpenalty": {
        "exchequer_cost": {
          "mean_difference": -400890265.6,
          "sd_of_paired_difference": 405306115.84347564,
          "se_of_paired_difference": 181258405.3444832,
          "paired": true,
          "n_pairs": 5
        },
        "poverty_rate_change_bhc": {
          "mean_difference": -0.00010704283559191952,
          "sd_of_paired_difference": 9.041630516965858e-05,
          "se_of_paired_difference": 4.043540092674445e-05,
          "paired": true,
          "n_pairs": 5
        },
        "cushioning_rate": {
          "mean_difference": 0.052780786120296665,
          "sd_of_paired_difference": 0.04541762950081141,
          "se_of_paired_difference": 0.020311381388142827,
          "paired": true,
          "n_pairs": 5
        }
      },
      "inactivity": {
        "exchequer_cost": {
          "mean_difference": 8119910.4,
          "sd_of_paired_difference": 5758837.328629174,
          "se_of_paired_difference": 2575430.347635626,
          "paired": true,
          "n_pairs": 5
        },
        "poverty_rate_change_bhc": {
          "mean_difference": 0.0,
          "sd_of_paired_difference": 0.0,
          "se_of_paired_difference": 0.0,
          "paired": true,
          "n_pairs": 5
        },
        "cushioning_rate": {
          "mean_difference": 0.010120437941148409,
          "sd_of_paired_difference": 0.010122233580727837,
          "se_of_paired_difference": 0.004526800474127709,
          "paired": true,
          "n_pairs": 5
        }
      },
      "wage_cut": {
        "exchequer_cost": {
          "mean_difference": 18835046.4,
          "sd_of_paired_difference": 468918643.82485914,
          "se_of_paired_difference": 209706792.70187938,
          "paired": true,
          "n_pairs": 5
        },
        "poverty_rate_change_bhc": {
          "mean_difference": -0.00010704283559191952,
          "sd_of_paired_difference": 9.041630516965858e-05,
          "se_of_paired_difference": 4.043540092674445e-05,
          "paired": true,
          "n_pairs": 5
        },
        "cushioning_rate": {
          "mean_difference": 0.05603952228972797,
          "sd_of_paired_difference": 0.059268561473525334,
          "se_of_paired_difference": 0.02650570647668555,
          "paired": true,