{
  "scenario": "full_tariff_displacement",
  "n_draws": 10,
  "modelled_baseline_uc_takeup_person_weighted": 0.5477457313882192,
  "central_post_shock_uc_takeup": 0.8,
  "notes": {
    "duration_6m": "displaced keep 50% of baseline annual earnings (6-month spell), in-model hybrid: transition (hours/status) unchanged."
  },
  "duration_12m_central": {
    "gross_earnings_loss_bn": {
      "mean": 1.6813460571251473,
      "sd": 0.32081999009336337
    },
    "exchequer_cost_bn": {
      "mean": 0.7991263232,
      "sd": 0.17189715707766343
    },
    "cushioning_rate": {
      "mean": 0.38804443561739066,
      "sd": 0.027599875591885335
    },
    "uc_change_bn": {
      "mean": 0.16790149671049043,
      "sd": 0.04765195788807734
    },
    "poverty_change_bhc_pp": {
      "mean": 0.04740134766267057,
      "sd": 0.014319854832938789
    },
    "displaced_weighted": {
      "mean": 32868.39832458496,
      "sd": 2458.0437363216265
    }
  },
  "duration_6m": {
    "gross_earnings_loss_bn": {
      "mean": 0.8406730285625736,
      "sd": 0.16040999504668169
    },
    "exchequer_cost_bn": {
      "mean": 0.45898301440000006,
      "sd": 0.10484123191715251
    },
    "cushioning_rate": {
      "mean": 0.47697386517076656,
      "sd": 0.050260278632236595
    },
    "uc_change_bn": {
      "mean": 0.05885959627145463,
      "sd": 0.03098169069725655
    },
    "poverty_change_bhc_pp": {
      "mean": 0.00627098148634736,
      "sd": 0.010459012685237419
    },
    "displaced_weighted": {
      "mean": 32868.39832458496,
      "sd": 2458.0437363216265
    }
  }
}