{
  "n_draws_displacement": 5,
  "cells": [
    {
      "elasticity": 1.0,
      "passthrough": 0.5,
      "eps_x_pi": 0.5,
      "displacement": {
        "gross_earnings_loss": {
          "mean": 697932352.0615474,
          "sd": 797452113.9410242
        },
        "exchequer_cost": {
          "mean": 372736000.0,
          "sd": 485580814.30404025
        },
        "cushioning_rate": {
          "mean": 0.28530654038789705,
          "sd": 0.13626753502799074
        },
        "displaced_weighted": {
          "mean": 7101.253918457031,
          "sd": 5570.226426751673
        },
        "poverty_change_bhc_pp": {
          "mean": 0.005846430885237952,
          "sd": 0.006992337940973518
        }
      },
      "wage_cut": {
        "gross_earnings_loss": 442874662.6249752,
        "exchequer_cost": 245710848.0,
        "cushioning_rate": 0.4098610960245501,
        "displaced_weighted": 0.0,
        "poverty_change_bhc_pp": 0.0
      }
    },
    {
      "elasticity": 1.0,
      "passthrough": 0.75,
      "eps_x_pi": 0.75,
      "displacement": {
        "gross_earnings_loss": {
          "mean": 742309384.3792659,
          "sd": 812070545.2873619
        },
        "exchequer_cost": {
          "mean": 398091878.4,
          "sd": 490894432.3827311
        },
        "cushioning_rate": {
          "mean": 0.3260342250536485,
          "sd": 0.11543619319354526
        },
        "displaced_weighted": {
          "mean": 8137.759167480469,
          "sd": 5506.374546994886
        },
        "poverty_change_bhc_pp": {
          "mean": 0.005846430885237952,
          "sd": 0.006992337940973518
        }
      },
      "wage_cut": {
        "gross_earnings_loss": 664311993.9374623,
        "exchequer_cost": 371982336.0,
        "cushioning_rate": 0.4147937180905431,
        "displaced_weighted": 0.0,
        "poverty_change_bhc_pp": 0.0
      }
    },
    {
      "elasticity": 1.0,
      "passthrough": 1.0,
      "eps_x_pi": 1.0,
      "displacement": {
        "gross_earnings_loss": {
          "mean": 933771634.1935145,
          "sd": 774676027.2939401
        },
        "exchequer_cost": {
          "mean": 475804467.2,
          "sd": 468933477.766156
        },
        "cushioning_rate": {
          "mean": 0.3571658914955642,
          "sd": 0.059311409561381936
        },
        "displaced_weighted": {
          "mean": 12813.154162597657,
          "sd": 6333.937544595136
        },
        "poverty_change_bhc_pp": {
          "mean": 0.010704283559191952,
          "sd": 0.00904163051696586
        }
      },
      "wage_cut": {
        "gross_earnings_loss": 885749325.2499483,
        "exchequer_cost": 494665728.0,
        "cushioning_rate": 0.4132646052500841,
        "displaced_weighted": 0.0,
        "poverty_change_bhc_pp": 0.0
      }
    },
    {
      "elasticity": 1.5,
      "passthrough": 0.5,
      "eps_x_pi": 0.75,
      "displacement": {
        "gross_earnings_loss": {
          "mean": 742309384.3792659,
          "sd": 812070545.2873619
        },
        "exchequer_cost": {
          "mean": 398091878.4,
          "sd": 490894432.3827311
        },
        "cushioning_rate": {
          "mean": 0.3260342250536485,
          "sd": 0.11543619319354526
        },
        "displaced_weighted": {
          "mean": 8137.759167480469,
          "sd": 5506.374546994886
        },
        "poverty_change_bhc_pp": {
          "mean": 0.005846430885237952,
          "sd": 0.006992337940973518
        }
      },
      "wage_cut": {
        "gross_earnings_loss": 664311993.9374623,
        "exchequer_cost": 371982336.0,
        "cushioning_rate": 0.4147937180905431,
        "displaced_weighted": 0.0,
        "poverty_change_bhc_pp": 0.0
      }
    },
    {
      "elasticity": 1.5,
      "passthrough": 0.75,
      "eps_x_pi": 1.125,
      "displacement": {
        "gross_earnings_loss": {
          "mean": 1028317073.0262085,
          "sd": 779957363.9006609
        },
        "exchequer_cost": {
          "mean": 515211264.0,
          "sd": 482354856.6636884
        },
        "cushioning_rate": {
          "mean": 0.347783127851195,
          "sd": 0.07056595264896301
        },
        "displaced_weighted": {
          "mean": 15881.21778564453,
          "sd": 6908.112704405373
        },
        "poverty_change_bhc_pp": {
          "mean": 0.011740535233827343,
          "sd": 0.00893494929779675
        }
      },
      "wage_cut": {
        "gross_earnings_loss": 996467990.9061939,
        "exchequer_cost": 556040192.0,
        "cushioning_rate": 0.41282066926414596,
        "displaced_weighted": 0.0,
        "poverty_change_bhc_pp": 0.0
      }
    },
    {
      "elasticity": 1.5,
      "passthrough": 1.0,
      "eps_x_pi": 1.5,
      "displacement": {
        "gross_earnings_loss": {
          "mean": 1424206482.0485482,
          "sd": 1024358657.255651
        },
        "exchequer_cost": {
          "mean": 689966284.8,
          "sd": 559191758.1076547
        },
        "cushioning_rate": {
          "mean": 0.3602647593450568,
          "sd": 0.05831095230934376
        },
        "displaced_weighted": {
          "mean": 23551.882446289062,
          "sd": 11150.21191905369
        },
        "poverty_change_bhc_pp": {
          "mean": 0.021900762283353914,
          "sd": 0.011179817413795163
        }
      },
      "wage_cut": {
        "gross_earnings_loss": 1328623987.874923,
        "exchequer_cost": 742309888.0,
        "cushioning_rate": 0.41272201682282517,
        "displaced_weighted": 0.0,
        "poverty_change_bhc_pp": 0.0
      }
    },
    {
      "elasticity": 2.0,
      "passthrough": 0.5,
      "eps_x_pi": 1.0,
      "displacement": {
        "gross_earnings_loss": {
          "mean": 933771634.1935145,
          "sd": 774676027.2939401
        },
        "exchequer_cost": {
          "mean": 475804467.2,
          "sd": 468933477.766156
        },
        "cushioning_rate": {
          "mean": 0.3571658914955642,
          "sd": 0.059311409561381936
        },
        "displaced_weighted": {
          "mean": 12813.154162597657,
          "sd": 6333.937544595136
        },
        "poverty_change_bhc_pp": {
          "mean": 0.010704283559191952,
          "sd": 0.00904163051696586
        }
      },
      "wage_cut": {
        "gross_earnings_loss": 885749325.2499483,
        "exchequer_cost": 494665728.0,
        "cushioning_rate": 0.4132646052500841,
        "displaced_weighted": 0.0,
        "poverty_change_bhc_pp": 0.0
      }
    },
    {
      "elasticity": 2.0,
      "passthrough": 0.75,
      "eps_x_pi": 1.5,
      "displacement": {
        "gross_earnings_loss": {
          "mean": 1424206482.0485482,
          "sd": 1024358657.255651
        },
        "exchequer_cost": {
          "mean": 689966284.8,
          "sd": 559191758.1076547
        },
        "cushioning_rate": {
          "mean": 0.3602647593450568,
          "sd": 0.05831095230934376
        },
        "displaced_weighted": {
          "mean": 23551.882446289062,
          "sd": 11150.21191905369
        },
        "poverty_change_bhc_pp": {
          "mean": 0.021900762283353914,
          "sd": 0.011179817413795163
        }
      },
      "wage_cut": {
        "gross_earnings_loss": 1328623987.874923,
        "exchequer_cost": 742309888.0,
        "cushioning_rate": 0.41272201682282517,
        "displaced_weighted": 0.0,
        "poverty_change_bhc_pp": 0.0
      }
    },
    {
      "elasticity": 2.0,
      "passthrough": 1.0,
      "eps_x_pi": 2.0,
      "displacement": {
        "gross_earnings_loss": {
          "mean": 2109884340.1834102,
          "sd": 1296585532.8033187
        },
        "exchequer_cost": {
          "mean": 1031297433.6,
          "sd": 659394388.0511774
        },
        "cushioning_rate": {
          "mean": 0.3823184979310622,
          "sd": 0.05365197919059125
        },
        "displaced_weighted": {
          "mean": 32201.625909423827,