{
  "n_draws_displacement": 5,
  "cells": [
    {
      "elasticity": 0.4,
      "passthrough": 0.5,
      "eps_x_pi": 0.2,
      "displacement": {
        "gross_earnings_loss": {
          "mean": 405678884.0345504,
          "sd": 776374742.9094003,
          "mc_se": 347205340.2318684,
          "n_valid": 5
        },
        "exchequer_cost": {
          "mean": 237902233.6,
          "sd": 488912309.4911628,
          "mc_se": 218648231.8117311,
          "n_valid": 5
        },
        "cushioning_rate": {
          "mean": 0.287146048142438,
          "sd": 0.17773020364031267,
          "mc_se": 0.10261258091486153,
          "n_valid": 3
        },
        "displaced_weighted": {
          "mean": 2126.19052734375,
          "sd": 2286.3766134426887,
          "mc_se": 1022.4987059647223,
          "n_valid": 5
        },
        "poverty_change_bhc_pp": {
          "mean": 0.002035137768994222,
          "sd": 0.004550706395048344,
          "mc_se": 0.002035137768994222,
          "n_valid": 5
        }
      },
      "wage_cut": {
        "gross_earnings_loss": 177149865.0499888,
        "exchequer_cost": 98435072.0,
        "cushioning_rate": 0.4103050320104853,
        "displaced_weighted": 0.0,
        "poverty_change_bhc_pp": 0.0
      }
    },
    {
      "elasticity": 0.4,
      "passthrough": 0.75,
      "eps_x_pi": 0.30000000000000004,
      "displacement": {
        "gross_earnings_loss": {
          "mean": 423093882.7545577,
          "sd": 765905940.1873299,
          "mc_se": 342523549.3259515,
          "n_valid": 5
        },
        "exchequer_cost": {
          "mean": 243190988.8,
          "sd": 485828760.307787,
          "mc_se": 217269226.69453266,
          "n_valid": 5
        },
        "cushioning_rate": {
          "mean": 0.2591365637287697,
          "sd": 0.15555323330775264,
          "mc_se": 0.07777661665387632,
          "n_valid": 4
        },
        "displaced_weighted": {
          "mean": 2625.43583984375,
          "sd": 1954.487347904328,
          "mc_se": 874.0733142154717,
          "n_valid": 5
        },
        "poverty_change_bhc_pp": {
          "mean": 0.005216369262027731,
          "sd": 0.0074245866448448845,
          "mc_se": 0.00332037608854205,
          "n_valid": 5
        }
      },
      "wage_cut": {
        "gross_earnings_loss": 265724797.57498634,
        "exchequer_cost": 147537920.0,
        "cushioning_rate": 0.4095651387005932,
        "displaced_weighted": 0.0,
        "poverty_change_bhc_pp": 0.0
      }
    },
    {
      "elasticity": 0.4,
      "passthrough": 1.0,
      "eps_x_pi": 0.4,
      "displacement": {
        "gross_earnings_loss": {
          "mean": 613868794.8938754,
          "sd": 789910865.6089036,
          "mc_se": 353258878.33344185,
          "n_valid": 5
        },
        "exchequer_cost": {
          "mean": 331615436.8,
          "sd": 483249923.9894038,
          "mc_se": 216115936.03238264,
          "n_valid": 5
        },
        "cushioning_rate": {
          "mean": 0.26185550494865817,
          "sd": 0.14699264053714303,
          "mc_se": 0.0657371072866486,
          "n_valid": 5
        },
        "displaced_weighted": {
          "mean": 5507.065991210938,
          "sd": 4098.214544698337,
          "mc_se": 1832.7772616647662,
          "n_valid": 5
        },
        "poverty_change_bhc_pp": {
          "mean": 0.005216369262027731,
          "sd": 0.0074245866448448845,
          "mc_se": 0.00332037608854205,
          "n_valid": 5
        }
      },
      "wage_cut": {
        "gross_earnings_loss": 354299730.09997916,
        "exchequer_cost": 196624384.0,
        "cushioning_rate": 0.40993508535553835,
        "displaced_weighted": 0.0,
        "poverty_change_bhc_pp": 0.0
      }
    },
    {
      "elasticity": 1.0,
      "passthrough": 0.5,
      "eps_x_pi": 0.5,
      "displacement": {
        "gross_earnings_loss": {
          "mean": 697932352.0615474,
          "sd": 797452113.9410242,
          "mc_se": 356631427.1146075,
          "n_valid": 5
        },
        "exchequer_cost": {
          "mean": 372736000.0,
          "sd": 485580814.30404025,
          "mc_se": 217158341.87070724,
          "n_valid": 5
        },
        "cushioning_rate": {
          "mean": 0.28530654038789705,
          "sd": 0.13626753502799074,
          "mc_se": 0.0609406942897842,
          "n_valid": 5
        },
        "displaced_weighted": {
          "mean": 7101.253918457031,
          "sd": 5570.226426751673,
          "mc_se": 2491.0809880564984,
          "n_valid": 5
        },
        "poverty_change_bhc_pp": {
          "mean": 0.005846430885237952,
          "sd": 0.006992337940973518,
          "mc_se": 0.00312706859153354,
          "n_valid": 5
        }
      },
      "wage_cut": {
        "gross_earnings_loss": 442874662.6249752,
        "exchequer_cost": 245710848.0,
        "cushioning_rate": 0.4098610960245501,
        "displaced_weighted": 0.0,
        "poverty_change_bhc_pp": 0.0
      }
    },
    {
      "elasticity": 1.0,
      "passthrough": 0.75,
      "eps_x_pi": 0.75,
      "displacement": {
        "gross_earnings_loss": {
          "mean": 742309384.3792659,
          "sd": 812070545.2873619,
          "mc_se": 363168988.3575725,
          "n_valid": 5
        },
        "exchequer_cost": {
          "mean": 398091878.4,
          "sd": 490894432.3827311,
          "mc_se": 219534664.11679214,
          "n_valid": 5
        },
        "cushioning_rate": {
          "mean": 0.3260342250536485,
          "sd": 0.11543619319354526,
          "mc_se": 0.05162463500891314,
          "n_valid": 5
        },
        "displaced_weighted": {
          "mean": 8137.759167480469,
          "sd": 5506.374546994886,
          "mc_se": 2462.525559331035,
          "n_valid": 5
        },
        "poverty_change_bhc_pp": {
          "mean": 0.005846430885237952,
          "sd": 0.006992337940973518,
          "mc_se": 0.00312706859153354,
          "n_valid": 5
        }
      },
      "wage_cut": {
        "gross_earnings_loss": 664311993.9374623,
        "exchequer_cost": 371982336.0,
        "cushioning_rate": 0.4147937180905431,
        "displaced_weighted": 0.0,
        "poverty_change_bhc_pp": 0.0
      }
    },
    {
      "elasticity": 1.0,
      "passthrough": 1.0,
      "eps_x_pi": 1.0,
      "displacement": {
        "gross_earnings_loss": {
          "mean": 933771634.1935145,
          "sd": 774676027.2939401,
          "mc_se": 346445651.5137465,
          "n_valid": 5
        },
        "exchequer_cost": {
          "mean": 475804467.2,
          "sd": 468933477.766156,
          "mc_se": 209713426.6421022,
          "n_valid": 5
        },
        "cushioning_rate": {
          "mean": 0.3571658914955642,
          "sd": 0.059311409561381936,
          "mc_se": 0.026524868724116198,
          "n_valid": 5
        },
        "displaced_weighted": {
          "mean": 12813.154162597657,
          "sd": 6333.937544595136,
          "mc_se": 2832.622982990566,
          "n_valid": 5
        },
        "poverty_change_bhc_pp": {
          "mean": 0.010704283559191952,
          "sd": 0.00904163051696586,
          "mc_se": 0.004043540092674445,
          "n_valid": 5
        }
      },
      "wage_cut": {
        "gross_earnings_loss": 885749325.2499483,
        "exchequer_cost": 494665728.0,
        "cushioning_rate": 0.4132646052500841,
        "displaced_weighted": 0.0,
        "poverty_change_bhc_pp": 0.0
      }
    },
    {
      "elasticity": 2.0,
      "passthrough": 0.5,
      "eps_x_pi": 1.0,
      "displacement": {
        "gross_earnings_loss": {
          "mean": 933771634.1935145,
          "sd": 774676027.2939401,
          "mc_se": 346445651.5137465,
          "n_valid": 5
        },
        "exchequer_cost": {
          "mean": 475804467.2,
          "sd": 468933477.766156,
          "mc_se": 209713426.6421022,
          "n_valid": 5
        },