{
  "scenario": "full_tariff_displacement",
  "n_draws": 5,
  "modelled_baseline_uc_takeup_person_weighted": 0.5477457313882192,
  "central_post_shock_uc_takeup": 0.8,
  "notes": {
    "duration_6m": "Removed: an annual model cannot combine a half-year earnings flow with a full-year unemployment status coherently. Monthly modelling is required."
  },
  "duration_12m_central": {
    "gross_earnings_loss_bn": {
      "mean": 0.9337716341935145,
      "sd": 0.77467602729394
    },
    "exchequer_cost_bn": {
      "mean": 0.4758044672,
      "sd": 0.468933477766156
    },
    "cushioning_rate": {
      "mean": 0.3571658914955642,
      "sd": 0.059311409561381936
    },
    "uc_change_bn": {
      "mean": 0.03942025380675812,
      "sd": 0.016588817316880933
    },
    "poverty_change_bhc_pp": {
      "mean": 0.010704283559191952,
      "sd": 0.00904163051696586
    },
    "displaced_weighted": {
      "mean": 12813.154162597657,
      "sd": 6333.937544595136
    }
  }
}