{
  "n_draws_displacement": 10,
  "cells": [
    {
      "elasticity": 1.0,
      "passthrough": 0.5,
      "eps_x_pi": 0.5,
      "displacement": {
        "gross_earnings_loss": {
          "mean": 402058493.87983,
          "sd": 210564641.295757
        },
        "exchequer_cost": {
          "mean": 178049843.2,
          "sd": 99231686.9793602
        },
        "cushioning_rate": {
          "mean": 0.36585919094378616,
          "sd": 0.05637125570289102
        },
        "displaced_weighted": {
          "mean": 7935.654840087891,
          "sd": 2887.8265801581524
        },
        "poverty_change_bhc_pp": {
          "mean": 0.011268149971355168,
          "sd": 0.0051746888862200385
        }
      },
      "wage_cut": {
        "gross_earnings_loss": 442874662.6249752,
        "exchequer_cost": 245710848.0,
        "cushioning_rate": 0.4098610960245501,
        "displaced_weighted": 0.0,
        "poverty_change_bhc_pp": 0.0
      }
    },
    {
      "elasticity": 1.0,
      "passthrough": 0.75,
      "eps_x_pi": 0.75,
      "displacement": {
        "gross_earnings_loss": {
          "mean": 689987670.7765157,
          "sd": 160726489.29168856
        },
        "exchequer_cost": {
          "mean": 315346124.8,
          "sd": 74558055.78010479
        },
        "cushioning_rate": {
          "mean": 0.38083595328546976,
          "sd": 0.023449765702248007
        },
        "displaced_weighted": {
          "mean": 13201.186474609374,
          "sd": 1891.2468795029567
        },
        "poverty_change_bhc_pp": {
          "mean": 0.018351511686952038,
          "sd": 0.00892194314892987
        }
      },
      "wage_cut": {
        "gross_earnings_loss": 664311993.9374623,
        "exchequer_cost": 371982336.0,
        "cushioning_rate": 0.4147937180905431,
        "displaced_weighted": 0.0,
        "poverty_change_bhc_pp": 0.0
      }
    },
    {
      "elasticity": 1.0,
      "passthrough": 1.0,
      "eps_x_pi": 1.0,
      "displacement": {
        "gross_earnings_loss": {
          "mean": 867335523.2019374,
          "sd": 213015094.14116833
        },
        "exchequer_cost": {
          "mean": 412347596.8,
          "sd": 105204517.40377851
        },
        "cushioning_rate": {
          "mean": 0.3966008780309275,
          "sd": 0.03393530261233049
        },
        "displaced_weighted": {
          "mean": 17207.989031982423,
          "sd": 3657.6150808979723
        },
        "poverty_change_bhc_pp": {
          "mean": 0.02576955345340748,
          "sd": 0.010525457880988388
        }
      },
      "wage_cut": {
        "gross_earnings_loss": 885749325.2499483,
        "exchequer_cost": 494665728.0,
        "cushioning_rate": 0.4132646052500841,
        "displaced_weighted": 0.0,
        "poverty_change_bhc_pp": 0.0
      }
    },
    {
      "elasticity": 1.5,
      "passthrough": 0.5,
      "eps_x_pi": 0.75,
      "displacement": {
        "gross_earnings_loss": {
          "mean": 689987670.7765157,
          "sd": 160726489.29168856
        },
        "exchequer_cost": {
          "mean": 315346124.8,
          "sd": 74558055.78010479
        },
        "cushioning_rate": {
          "mean": 0.38083595328546976,
          "sd": 0.023449765702248007
        },
        "displaced_weighted": {
          "mean": 13201.186474609374,
          "sd": 1891.2468795029567
        },
        "poverty_change_bhc_pp": {
          "mean": 0.018351511686952038,
          "sd": 0.00892194314892987
        }
      },
      "wage_cut": {
        "gross_earnings_loss": 664311993.9374623,
        "exchequer_cost": 371982336.0,
        "cushioning_rate": 0.4147937180905431,
        "displaced_weighted": 0.0,
        "poverty_change_bhc_pp": 0.0
      }
    },
    {
      "elasticity": 1.5,
      "passthrough": 0.75,
      "eps_x_pi": 1.125,
      "displacement": {
        "gross_earnings_loss": {
          "mean": 938780447.8014915,
          "sd": 217993667.23451275
        },
        "exchequer_cost": {
          "mean": 448138444.8,
          "sd": 110315802.97161351
        },
        "cushioning_rate": {
          "mean": 0.3971371892511943,
          "sd": 0.03092392739068607
        },
        "displaced_weighted": {
          "mean": 18633.23427734375,
          "sd": 3871.950795879772
        },
        "poverty_change_bhc_pp": {
          "mean": 0.026728335905664147,
          "sd": 0.010686548634971331
        }
      },
      "wage_cut": {
        "gross_earnings_loss": 996467990.9061939,
        "exchequer_cost": 556040192.0,
        "cushioning_rate": 0.41282066926414596,
        "displaced_weighted": 0.0,
        "poverty_change_bhc_pp": 0.0
      }
    },
    {
      "elasticity": 1.5,
      "passthrough": 1.0,
      "eps_x_pi": 1.5,
      "displacement": {
        "gross_earnings_loss": {
          "mean": 1319015252.1226962,
          "sd": 245559545.03667617
        },
        "exchequer_cost": {
          "mean": 629506048.0,
          "sd": 153081165.34493974
        },
        "cushioning_rate": {
          "mean": 0.3901005339938807,
          "sd": 0.03393185469374416
        },
        "displaced_weighted": {
          "mean": 26532.997616577148,
          "sd": 1884.774785432279
        },
        "poverty_change_bhc_pp": {
          "mean": 0.036385254626872254,
          "sd": 0.016729392852371655
        }
      },
      "wage_cut": {
        "gross_earnings_loss": 1328623987.874923,
        "exchequer_cost": 742309888.0,
        "cushioning_rate": 0.41272201682282517,
        "displaced_weighted": 0.0,
        "poverty_change_bhc_pp": 0.0
      }
    },
    {
      "elasticity": 2.0,
      "passthrough": 0.5,
      "eps_x_pi": 1.0,
      "displacement": {
        "gross_earnings_loss": {
          "mean": 867335523.2019374,
          "sd": 213015094.14116833
        },
        "exchequer_cost": {
          "mean": 412347596.8,
          "sd": 105204517.40377851
        },
        "cushioning_rate": {
          "mean": 0.3966008780309275,
          "sd": 0.03393530261233049
        },
        "displaced_weighted": {
          "mean": 17207.989031982423,
          "sd": 3657.6150808979723
        },
        "poverty_change_bhc_pp": {
          "mean": 0.02576955345340748,
          "sd": 0.010525457880988388
        }
      },
      "wage_cut": {
        "gross_earnings_loss": 885749325.2499483,
        "exchequer_cost": 494665728.0,
        "cushioning_rate": 0.4132646052500841,
        "displaced_weighted": 0.0,
        "poverty_change_bhc_pp": 0.0
      }
    },
    {
      "elasticity": 2.0,
      "passthrough": 0.75,
      "eps_x_pi": 1.5,
      "displacement": {
        "gross_earnings_loss": {
          "mean": 1319015252.1226962,
          "sd": 245559545.03667617
        },
        "exchequer_cost": {
          "mean": 629506048.0,
          "sd": 153081165.34493974
        },
        "cushioning_rate": {
          "mean": 0.3901005339938807,
          "sd": 0.03393185469374416
        },
        "displaced_weighted": {
          "mean": 26532.997616577148,
          "sd": 1884.774785432279
        },
        "poverty_change_bhc_pp": {
          "mean": 0.036385254626872254,
          "sd": 0.016729392852371655
        }
      },
      "wage_cut": {
        "gross_earnings_loss": 1328623987.874923,
        "exchequer_cost": 742309888.0,
        "cushioning_rate": 0.41272201682282517,
        "displaced_weighted": 0.0,
        "poverty_change_bhc_pp": 0.0
      }
    },
    {
      "elasticity": 2.0,
      "passthrough": 1.0,
      "eps_x_pi": 2.0,
      "displacement": {
        "gross_earnings_loss": {
          "mean": 1681346057.1251473,
          "sd": 320819990.09336334
        },
        "exchequer_cost": {
          "mean": 799126323.2,
          "sd": 171897157.07766342
        },
        "cushioning_rate": {
          "mean": 0.38804443561739066,
          "sd": 0.027599875591885335
        },
        "displaced_weighted": {
          "mean": 32868.39832458496,