{
  "scenario": "supply_chain_displacement",
  "n_draws": 5,
  "exchequer_cost_mean": 1801351987.2,
  "exchequer_cost_sd": 543998766.1168622,
  "poverty_rate_change_bhc_mean": 0.0007284910537457556,
  "poverty_rate_change_bhc_sd": 0.00011287867856034025,
  "gini_change_mean": 0.00026739945297498123,
  "gini_change_sd": 0.0003131780900544499,
  "displaced_weighted_mean": 69254.9703125,
  "lcwra_weighted_mean": 0.0,
  "reallocated_weighted_mean": 0.0,
  "cushioning_rate_mean": null,
  "cushioning_rate_sd": 0.0,
  "draws": [
    {
      "scenario": "supply_chain_displacement",
      "tariff_scenario": "full_tariff",
      "margin": "displacement",
      "exchequer_cost": 2720923648.0,
      "poverty_rate_change_bhc": 0.0009077912603347171,
      "poverty_rate_change_ahc": 0.0008213349518175483,
      "absolute_poverty_rate_change_bhc": null,
      "gini_baseline": 0.30908967456288927,
      "gini_shocked": 0.30951884781848316,
      "displaced_weighted": 88705.515625,
      "inactive_weighted": 0.0,
      "lcwra_weighted": 0.0,
      "reallocated_weighted": 0.0,
      "gross_earnings_loss": null,
      "net_disposable_loss": null,
      "cushioning_rate": null,
      "decile_income_change": {
        "1": -113.43738555908203,
        "2": -7.464743137359619,
        "3": -22.44035530090332,
        "4": -62.050907135009766,
        "5": -166.5590362548828,
        "6": -113.60649871826172,
        "7": -75.4575424194336,
        "8": -174.94479370117188,
        "9": -345.72283935546875,
        "10": -444.6274108886719
      },
      "region_income_change": {},
      "age_band_displacement_share": {}
    },
    {
      "scenario": "supply_chain_displacement",
      "tariff_scenario": "full_tariff",
      "margin": "displacement",
      "exchequer_cost": 1858322432.0,
      "poverty_rate_change_bhc": 0.0007270834039544705,
      "poverty_rate_change_ahc": 0.0008991907329372606,
      "absolute_poverty_rate_change_bhc": null,
      "gini_baseline": 0.30908967456288927,
      "gini_shocked": 0.30904246126063184,
      "displaced_weighted": 50400.7265625,
      "inactive_weighted": 0.0,
      "lcwra_weighted": 0.0,
      "reallocated_weighted": 0.0,
      "gross_earnings_loss": null,
      "net_disposable_loss": null,
      "cushioning_rate": null,
      "decile_income_change": {
        "1": 0.0,
        "2": -10.937118530273438,
        "3": -14.568072319030762,
        "4": -86.00956726074219,
        "5": -22.8521728515625,
        "6": -64.13883209228516,
        "7": -67.56778717041016,
        "8": -52.11415100097656,
        "9": -111.43910217285156,
        "10": -481.8191833496094
      },
      "region_income_change": {},
      "age_band_displacement_share": {}
    },
    {
      "scenario": "supply_chain_displacement",
      "tariff_scenario": "full_tariff",
      "margin": "displacement",
      "exchequer_cost": 1578369024.0,
      "poverty_rate_change_bhc": 0.0006485511755432438,
      "poverty_rate_change_ahc": 0.0011625056086389252,
      "absolute_poverty_rate_change_bhc": null,
      "gini_baseline": 0.30908967456288927,
      "gini_shocked": 0.309644503924806,
      "displaced_weighted": 75682.4765625,
      "inactive_weighted": 0.0,
      "lcwra_weighted": 0.0,
      "reallocated_weighted": 0.0,
      "gross_earnings_loss": null,
      "net_disposable_loss": null,
      "cushioning_rate": null,
      "decile_income_change": {
        "1": -3.591568946838379,
        "2": 0.0,
        "3": -2.7881531715393066,
        "4": -90.88481903076172,
        "5": -86.79936218261719,
        "6": -112.11096954345703,
        "7": -279.05377197265625,
        "8": -115.95878601074219,
        "9": -278.5115966796875,
        "10": -63.66383743286133
      },
      "region_income_change": {},
      "age_band_displacement_share": {}
    },
    {
      "scenario": "supply_chain_displacement",
      "tariff_scenario": "full_tariff",
      "margin": "displacement",
      "exchequer_cost": 1449410560.0,
      "poverty_rate_change_bhc": 0.0006177567555104013,
      "poverty_rate_change_ahc": 0.0006177567555104013,
      "absolute_poverty_rate_change_bhc": null,
      "gini_baseline": 0.30908967456288927,
      "gini_shocked": 0.3089935549734155,
      "displaced_weighted": 49433.171875,
      "inactive_weighted": 0.0,
      "lcwra_weighted": 0.0,
      "reallocated_weighted": 0.0,
      "gross_earnings_loss": null,
      "net_disposable_loss": null,
      "cushioning_rate": null,
      "decile_income_change": {
        "1": 0.0,
        "2": 0.0,
        "3": 0.0,
        "4": -44.01106643676758,
        "5": -80.1348876953125,
        "6": -62.54734802246094,
        "7": -43.388267517089844,
        "8": -29.527889251708984,
        "9": -74.59607696533203,
        "10": -437.8411560058594
      },
      "region_income_change": {},
      "age_band_displacement_share": {}
    },
    {
      "scenario": "supply_chain_displacement",
      "tariff_scenario": "full_tariff",
      "margin": "displacement",
      "exchequer_cost": 1399734272.0,
      "poverty_rate_change_bhc": 0.0007412726733859454,
      "poverty_rate_change_ahc": 0.00110304273105169,
      "absolute_poverty_rate_change_bhc": null,
      "gini_baseline": 0.30908967456288927,
      "gini_shocked": 0.3095860021019847,
      "displaced_weighted": 82052.9609375,
      "inactive_weighted": 0.0,
      "lcwra_weighted": 0.0,
      "reallocated_weighted": 0.0,
      "gross_earnings_loss": null,
      "net_disposable_loss": null,
      "cushioning_rate": null,
      "decile_income_change": {
        "1": 0.0,
        "2": 0.0,
        "3": -6.107912063598633,
        "4": -36.578556060791016,
        "5": -134.40469360351562,
        "6": -75.59148406982422,
        "7": -225.63851928710938,
        "8": -150.78756713867188,
        "9": -363.6680603027344,
        "10": -171.03189086914062
      },
      "region_income_change": {},
      "age_band_displacement_share": {}
    }
  ]
}