{
  "supply_chain_displacement": {
    "gross_earnings_loss": 2307716240.5134335,
    "net_disposable_loss": 1474669863.2946136,
    "cushioning_rate": 0.3609830197466042
  },
  "supply_chain_wage_cut": {
    "gross_earnings_loss": 1724817573.9053736,
    "net_disposable_loss": 1021475062.5632801,
    "cushioning_rate": 0.4077779134343862
  }
}