{
  "tariff_scenario": "full_tariff",
  "direct_earnings_loss_gbp_m": 2623.997441532054,
  "upstream_earnings_loss_gbp_m": 2496.771838734716,
  "amplification_factor": 1.9515145858057483,
  "top_upstream_divisions": {
    "46": {
      "upstream_earnings_loss_gbp_m": 392.3669445091263,
      "upstream_shock": 0.0057464188765147745
    },
    "45": {
      "upstream_earnings_loss_gbp_m": 190.70244242696037,
      "upstream_shock": 0.007895149179482088
    },
    "62": {
      "upstream_earnings_loss_gbp_m": 133.72919266420462,
      "upstream_shock": 0.0025205541773235325
    },
    "47": {
      "upstream_earnings_loss_gbp_m": 129.84555533032915,
      "upstream_shock": 0.0021523835068308537
    },
    "64": {
      "upstream_earnings_loss_gbp_m": 119.10168429308219,
      "upstream_shock": 0.002644482860344777
    },
    "69": {
      "upstream_earnings_loss_gbp_m": 118.82925620132399,
      "upstream_shock": 0.003414243485661083
    },
    "25": {
      "upstream_earnings_loss_gbp_m": 116.68566885358895,
      "upstream_shock": 0.010754606149638647
    },
    "78": {
      "upstream_earnings_loss_gbp_m": 104.7249877464428,
      "upstream_shock": 0.0039564816783062085
    },
    "49": {
      "upstream_earnings_loss_gbp_m": 104.39360218590188,
      "upstream_shock": 0.0042372656100855294
    },
    "52": {
      "upstream_earnings_loss_gbp_m": 103.97706377268024,
      "upstream_shock": 0.006230371839133396
    },
    "33": {
      "upstream_earnings_loss_gbp_m": 75.30674151218975,
      "upstream_shock": 0.008706660274339337
    },
    "24": {
      "upstream_earnings_loss_gbp_m": 63.82423236571813,
      "upstream_shock": 0.021060624360773297
    }
  },
  "sector_shocks": {
    "1": {
      "direct_shock": 0.0,
      "upstream_shock": 0.002457,
      "total_shock": 0.002457,
      "upstream_earnings_loss": 8.958032
    },
    "2": {
      "direct_shock": 0.0,
      "upstream_shock": 0.003657,
      "total_shock": 0.003657,
      "upstream_earnings_loss": 1.842975
    },
    "3": {
      "direct_shock": 0.0,
      "upstream_shock": 0.002677,
      "total_shock": 0.002677,
      "upstream_earnings_loss": 1.198857
    },
    "5": {
      "direct_shock": 0.0,
      "upstream_shock": 0.0,
      "total_shock": 0.0,
      "upstream_earnings_loss": 0.0
    },
    "6": {
      "direct_shock": 0.0,
      "upstream_shock": 0.000173,
      "total_shock": 0.000173,
      "upstream_earnings_loss": 0.177227
    },
    "7": {
      "direct_shock": 0.0,
      "upstream_shock": 0.000173,
      "total_shock": 0.000173,
      "upstream_earnings_loss": 0.177227
    },
    "8": {
      "direct_shock": 0.0,
      "upstream_shock": 0.003666,
      "total_shock": 0.003666,
      "upstream_earnings_loss": 2.536735
    },
    "9": {
      "direct_shock": 0.0,
      "upstream_shock": 0.000796,
      "total_shock": 0.000796,
      "upstream_earnings_loss": 0.855087
    },
    "10": {
      "direct_shock": 0.00198,
      "upstream_shock": 0.002145,
      "total_shock": 0.004125,
      "upstream_earnings_loss": 35.324766
    },
    "11": {
      "direct_shock": 0.01254,
      "upstream_shock": 0.000282,
      "total_shock": 0.012822,
      "upstream_earnings_loss": 0.737365
    },
    "12": {
      "direct_shock": 0.00944,
      "upstream_shock": 0.000132,
      "total_shock": 0.009572,
      "upstream_earnings_loss": 0.0
    },
    "13": {
      "direct_shock": 0.00956,
      "upstream_shock": 0.003166,
      "total_shock": 0.012726,
      "upstream_earnings_loss": 6.788903
    },
    "14": {
      "direct_shock": 0.0293,
      "upstream_shock": 2.3e-05,
      "total_shock": 0.029323,
      "upstream_earnings_loss": 0.028487
    },
    "15": {
      "direct_shock": 0.0157,
      "upstream_shock": 5e-06,
      "total_shock": 0.015705,
      "upstream_earnings_loss": 0.001357
    },
    "16": {
      "direct_shock": 0.00034,
      "upstream_shock": 0.003236,
      "total_shock": 0.003576,
      "upstream_earnings_loss": 7.812857
    },
    "17": {
      "direct_shock": 0.00318,
      "upstream_shock": 0.003159,
      "total_shock": 0.006339,
      "upstream_earnings_loss": 8.387621
    },
    "18": {
      "direct_shock": 0.0094,
      "upstream_shock": 0.002065,
      "total_shock": 0.011465,
      "upstream_earnings_loss": 4.948352
    },
    "19": {
      "direct_shock": 0.0051,
      "upstream_shock": 0.001784,
      "total_shock": 0.006884,
      "upstream_earnings_loss": 1.142293
    },
    "20": {
      "direct_shock": 0.02504,
      "upstream_shock": 0.004837,
      "total_shock": 0.029877,
      "upstream_earnings_loss": 34.231892
    },
    "21": {
      "direct_shock": 0.02602,
      "upstream_shock": 0.003305,
      "total_shock": 0.029325,
      "upstream_earnings_loss": 19.622279
    },
    "22": {
      "direct_shock": 0.00392,
      "upstream_shock": 0.008212,
      "total_shock": 0.012132,
      "upstream_earnings_loss": 43.73895
    },
    "23": {
      "direct_shock": 0.005,
      "upstream_shock": 0.002338,
      "total_shock": 0.007338,
      "upstream_earnings_loss": 9.640293
    },
    "24": {
      "direct_shock": 0.02525,
      "upstream_shock": 0.021061,
      "total_shock": 0.046311,
      "upstream_earnings_loss": 63.824232
    },
    "25": {
      "direct_shock": 0.00616,
      "upstream_shock": 0.010755,
      "total_shock": 0.016915,
      "upstream_earnings_loss": 116.685669
    },
    "26": {
      "direct_shock": 0.03572,
      "upstream_shock": 0.003127,
      "total_shock": 0.038847,
      "upstream_earnings_loss": 33.414509
    },
    "27": {
      "direct_shock": 0.02526,
      "upstream_shock": 0.003229,
      "total_shock": 0.028489,
      "upstream_earnings_loss": 12.465419
    },
    "28": {
      "direct_shock": 0.03602,
      "upstream_shock": 0.001428,
      "total_shock": 0.037448,
      "upstream_earnings_loss": 11.836301
    },
    "29": {
      "direct_shock": 0.05485,
      "upstream_shock": 0.003719,
      "total_shock": 0.058569,
      "upstream_earnings_loss": 33.08692
    },
    "30": {
      "direct_shock": 0.03138,
      "upstream_shock": 0.004989,
      "total_shock": 0.036369,
      "upstream_earnings_loss": 39.668843
    },
    "31": {
      "direct_shock": 0.0127,
      "upstream_shock": 0.000459,
      "total_shock": 0.013159,
      "upstream_earnings_loss": 1.235682
    },
    "32": {
      "direct_shock": 0.02782,
      "upstream_shock": 0.001878,
      "total_shock": 0.029698,
      "upstream_earnings_loss": 5.510303
    },
    "33": {
      "direct_shock": 0.0,
      "upstream_shock": 0.008707,
      "total_shock": 0.008707,
      "upstream_earnings_loss": 75.306742
    },
    "35": {
      "direct_shock": 0.0,
      "upstream_shock": 0.003579,
      "total_shock": 0.003579,
      "upstream_earnings_loss": 22.799326
    },
    "36": {
      "direct_shock": 0.0,
      "upstream_shock": 0.00184,
      "total_shock": 0.00184,
      "upstream_earnings_loss": 3.919863
    },
    "37": {
      "direct_shock": 0.0,
      "upstream_shock": 0.001428,
      "total_shock": 0.001428,
      "upstream_earnings_loss": 2.627348
    },
    "38": {
      "direct_shock": 0.0,
      "upstream_shock": 0.001563,
      "total_shock": 0.001563,
      "upstream_earnings_loss": 8.016833
    },
    "39": {
      "direct_shock": 0.0,
      "upstream_shock": 0.001181,
      "total_shock": 0.001181,
      "upstream_earnings_loss": 0.325893
    },
    "41": {
      "direct_shock": 0.0,
      "upstream_shock": 0.000448,
      "total_shock": 0.000448,
      "upstream_earnings_loss": 8.375702
    },
    "42": {
      "direct_shock": 0.0,
      "upstream_shock": 0.000448,
      "total_shock": 0.000448,
      "upstream_earnings_loss": 8.375702
    },
    "43": {
      "direct_shock": 0.0,
      "upstream_shock": 0.000448,
      "total_shock": 0.000448,
      "upstream_earnings_loss": 8.375702
    },
    "45": {
      "direct_shock": 0.0,
      "upstream_shock": 0.007895,
      "total_shock": 0.007895,