{
  "tariff_scenario": "full_tariff",
  "direct_earnings_loss_gbp_m": 1311.998720766027,
  "upstream_earnings_loss_gbp_m": 1248.385919367358,
  "amplification_factor": 1.9515145858057483,
  "top_upstream_divisions": {
    "46": {
      "upstream_earnings_loss_gbp_m": 196.18347225456316,
      "upstream_shock": 0.0028732094382573872
    },
    "45": {
      "upstream_earnings_loss_gbp_m": 95.35122121348019,
      "upstream_shock": 0.003947574589741044
    },
    "62": {
      "upstream_earnings_loss_gbp_m": 66.86459633210231,
      "upstream_shock": 0.0012602770886617663
    },
    "47": {
      "upstream_earnings_loss_gbp_m": 64.92277766516457,
      "upstream_shock": 0.0010761917534154268
    },
    "64": {
      "upstream_earnings_loss_gbp_m": 59.55084214654109,
      "upstream_shock": 0.0013222414301723884
    },
    "69": {
      "upstream_earnings_loss_gbp_m": 59.41462810066199,
      "upstream_shock": 0.0017071217428305415
    },
    "25": {
      "upstream_earnings_loss_gbp_m": 58.342834426794475,
      "upstream_shock": 0.005377303074819323
    },
    "78": {
      "upstream_earnings_loss_gbp_m": 52.3624938732214,
      "upstream_shock": 0.0019782408391531042
    },
    "49": {
      "upstream_earnings_loss_gbp_m": 52.19680109295094,
      "upstream_shock": 0.0021186328050427647
    },
    "52": {
      "upstream_earnings_loss_gbp_m": 51.98853188634012,
      "upstream_shock": 0.003115185919566698
    },
    "33": {
      "upstream_earnings_loss_gbp_m": 37.65337075609487,
      "upstream_shock": 0.004353330137169669
    },
    "24": {
      "upstream_earnings_loss_gbp_m": 31.912116182859066,
      "upstream_shock": 0.010530312180386648
    }
  },
  "sector_shocks": {
    "1": {
      "direct_shock": 0.0,
      "upstream_shock": 0.001228,
      "total_shock": 0.001228,
      "upstream_earnings_loss": 4.479016
    },
    "2": {
      "direct_shock": 0.0,
      "upstream_shock": 0.001828,
      "total_shock": 0.001828,
      "upstream_earnings_loss": 0.921488
    },
    "3": {
      "direct_shock": 0.0,
      "upstream_shock": 0.001338,
      "total_shock": 0.001338,
      "upstream_earnings_loss": 0.599429
    },
    "5": {
      "direct_shock": 0.0,
      "upstream_shock": 0.0,
      "total_shock": 0.0,
      "upstream_earnings_loss": 0.0
    },
    "6": {
      "direct_shock": 0.0,
      "upstream_shock": 8.7e-05,
      "total_shock": 8.7e-05,
      "upstream_earnings_loss": 0.088613
    },
    "7": {
      "direct_shock": 0.0,
      "upstream_shock": 8.7e-05,
      "total_shock": 8.7e-05,
      "upstream_earnings_loss": 0.088613
    },
    "8": {
      "direct_shock": 0.0,
      "upstream_shock": 0.001833,
      "total_shock": 0.001833,
      "upstream_earnings_loss": 1.268367
    },
    "9": {
      "direct_shock": 0.0,
      "upstream_shock": 0.000398,
      "total_shock": 0.000398,
      "upstream_earnings_loss": 0.427543
    },
    "10": {
      "direct_shock": 0.00099,
      "upstream_shock": 0.001073,
      "total_shock": 0.002063,
      "upstream_earnings_loss": 17.662383
    },
    "11": {
      "direct_shock": 0.00627,
      "upstream_shock": 0.000141,
      "total_shock": 0.006411,
      "upstream_earnings_loss": 0.368683
    },
    "12": {
      "direct_shock": 0.00472,
      "upstream_shock": 6.6e-05,
      "total_shock": 0.004786,
      "upstream_earnings_loss": 0.0
    },
    "13": {
      "direct_shock": 0.00478,
      "upstream_shock": 0.001583,
      "total_shock": 0.006363,
      "upstream_earnings_loss": 3.394452
    },
    "14": {
      "direct_shock": 0.01465,
      "upstream_shock": 1.1e-05,
      "total_shock": 0.014661,
      "upstream_earnings_loss": 0.014244
    },
    "15": {
      "direct_shock": 0.00785,
      "upstream_shock": 3e-06,
      "total_shock": 0.007853,
      "upstream_earnings_loss": 0.000679
    },
    "16": {
      "direct_shock": 0.00017,
      "upstream_shock": 0.001618,
      "total_shock": 0.001788,
      "upstream_earnings_loss": 3.906428
    },
    "17": {
      "direct_shock": 0.00159,
      "upstream_shock": 0.001579,
      "total_shock": 0.003169,
      "upstream_earnings_loss": 4.193811
    },
    "18": {
      "direct_shock": 0.0047,
      "upstream_shock": 0.001032,
      "total_shock": 0.005732,
      "upstream_earnings_loss": 2.474176
    },
    "19": {
      "direct_shock": 0.00255,
      "upstream_shock": 0.000892,
      "total_shock": 0.003442,
      "upstream_earnings_loss": 0.571147
    },
    "20": {
      "direct_shock": 0.01252,
      "upstream_shock": 0.002419,
      "total_shock": 0.014939,
      "upstream_earnings_loss": 17.115946
    },
    "21": {
      "direct_shock": 0.01301,
      "upstream_shock": 0.001653,
      "total_shock": 0.014663,
      "upstream_earnings_loss": 9.81114
    },
    "22": {
      "direct_shock": 0.00196,
      "upstream_shock": 0.004106,
      "total_shock": 0.006066,
      "upstream_earnings_loss": 21.869475
    },
    "23": {
      "direct_shock": 0.0025,
      "upstream_shock": 0.001169,
      "total_shock": 0.003669,
      "upstream_earnings_loss": 4.820147
    },
    "24": {
      "direct_shock": 0.012625,
      "upstream_shock": 0.01053,
      "total_shock": 0.023155,
      "upstream_earnings_loss": 31.912116
    },
    "25": {
      "direct_shock": 0.00308,
      "upstream_shock": 0.005377,
      "total_shock": 0.008457,
      "upstream_earnings_loss": 58.342834
    },
    "26": {
      "direct_shock": 0.01786,
      "upstream_shock": 0.001564,
      "total_shock": 0.019424,
      "upstream_earnings_loss": 16.707255
    },
    "27": {
      "direct_shock": 0.01263,
      "upstream_shock": 0.001615,
      "total_shock": 0.014245,
      "upstream_earnings_loss": 6.232709
    },
    "28": {
      "direct_shock": 0.01801,
      "upstream_shock": 0.000714,
      "total_shock": 0.018724,
      "upstream_earnings_loss": 5.918151
    },
    "29": {
      "direct_shock": 0.027425,
      "upstream_shock": 0.001859,
      "total_shock": 0.029284,
      "upstream_earnings_loss": 16.54346
    },
    "30": {
      "direct_shock": 0.01569,
      "upstream_shock": 0.002495,
      "total_shock": 0.018185,
      "upstream_earnings_loss": 19.834422
    },
    "31": {
      "direct_shock": 0.00635,
      "upstream_shock": 0.000229,
      "total_shock": 0.006579,
      "upstream_earnings_loss": 0.617841
    },
    "32": {
      "direct_shock": 0.01391,
      "upstream_shock": 0.000939,
      "total_shock": 0.014849,
      "upstream_earnings_loss": 2.755151
    },
    "33": {
      "direct_shock": 0.0,
      "upstream_shock": 0.004353,
      "total_shock": 0.004353,
      "upstream_earnings_loss": 37.653371
    },
    "35": {
      "direct_shock": 0.0,
      "upstream_shock": 0.001789,
      "total_shock": 0.001789,
      "upstream_earnings_loss": 11.399663
    },
    "36": {
      "direct_shock": 0.0,
      "upstream_shock": 0.00092,
      "total_shock": 0.00092,
      "upstream_earnings_loss": 1.959932
    },
    "37": {
      "direct_shock": 0.0,
      "upstream_shock": 0.000714,
      "total_shock": 0.000714,
      "upstream_earnings_loss": 1.313674
    },
    "38": {
      "direct_shock": 0.0,
      "upstream_shock": 0.000781,
      "total_shock": 0.000781,
      "upstream_earnings_loss": 4.008416
    },
    "39": {
      "direct_shock": 0.0,
      "upstream_shock": 0.00059,
      "total_shock": 0.00059,
      "upstream_earnings_loss": 0.162947
    },
    "41": {
      "direct_shock": 0.0,
      "upstream_shock": 0.000224,
      "total_shock": 0.000224,
      "upstream_earnings_loss": 4.187851
    },
    "42": {
      "direct_shock": 0.0,
      "upstream_shock": 0.000224,
      "total_shock": 0.000224,
      "upstream_earnings_loss": 4.187851
    },
    "43": {
      "direct_shock": 0.0,
      "upstream_shock": 0.000224,
      "total_shock": 0.000224,
      "upstream_earnings_loss": 4.187851
    },
    "45": {
      "direct_shock": 0.0,
      "upstream_shock": 0.003948,
      "total_shock": 0.003948,
      "upstream_earnings_loss": 95.351221
    },