{
  "scenario": "supply_chain_displacement",
  "n_draws": 10,
  "exchequer_cost_mean": 1609146368.0,
  "exchequer_cost_sd": 284595034.17014545,
  "poverty_rate_change_bhc_mean": 0.0007879764774693876,
  "poverty_rate_change_bhc_sd": 0.0002467468788098044,
  "gini_change_mean": 0.00032823260975813897,
  "gini_change_sd": 6.56356691792749e-05,
  "displaced_weighted_mean": 71400.47109375,
  "lcwra_weighted_mean": 0.0,
  "reallocated_weighted_mean": 0.0,
  "cushioning_rate_mean": NaN,
  "cushioning_rate_sd": 0.0,
  "draws": [
    {
      "scenario": "supply_chain_displacement",
      "tariff_scenario": "full_tariff",
      "margin": "displacement",
      "exchequer_cost": 1746026496.0,
      "poverty_rate_change_bhc": 0.0009926692012372507,
      "poverty_rate_change_ahc": 0.0011927524245710641,
      "absolute_poverty_rate_change_bhc": NaN,
      "gini_baseline": 0.30908967456288927,
      "gini_shocked": 0.30950587447544453,
      "displaced_weighted": 69708.3046875,
      "inactive_weighted": 0.0,
      "lcwra_weighted": 0.0,
      "reallocated_weighted": 0.0,
      "gross_earnings_loss": NaN,
      "net_disposable_loss": NaN,
      "cushioning_rate": NaN,
      "decile_income_change": {
        "1": -11.00323486328125,
        "2": -0.9265643954277039,
        "3": -20.250125885009766,
        "4": -34.92488479614258,
        "5": -58.89189529418945,
        "6": -157.4086456298828,
        "7": -206.76036071777344,
        "8": -39.3594856262207,
        "9": -196.3777313232422,
        "10": -181.0952606201172
      },
      "region_income_change": {},
      "age_band_displacement_share": {}
    },
    {
      "scenario": "supply_chain_displacement",
      "tariff_scenario": "full_tariff",
      "margin": "displacement",
      "exchequer_cost": 2121498624.0,
      "poverty_rate_change_bhc": 0.0010053767338672193,
      "poverty_rate_change_ahc": 0.001061328527430766,
      "absolute_poverty_rate_change_bhc": NaN,
      "gini_baseline": 0.30908967456288927,
      "gini_shocked": 0.3092917761850038,
      "displaced_weighted": 66566.0390625,
      "inactive_weighted": 0.0,
      "lcwra_weighted": 0.0,
      "reallocated_weighted": 0.0,
      "gross_earnings_loss": NaN,
      "net_disposable_loss": NaN,
      "cushioning_rate": NaN,
      "decile_income_change": {
        "1": 0.0,
        "2": -9.4234037399292,
        "3": -15.248021125793457,
        "4": -90.23663330078125,
        "5": -50.407073974609375,
        "6": -29.13907241821289,
        "7": -95.06949615478516,
        "8": -90.19152069091797,
        "9": -188.733642578125,
        "10": -532.9248657226562
      },
      "region_income_change": {},
      "age_band_displacement_share": {}
    },
    {
      "scenario": "supply_chain_displacement",
      "tariff_scenario": "full_tariff",
      "margin": "displacement",
      "exchequer_cost": 1225097216.0,
      "poverty_rate_change_bhc": 0.0003794865143928461,
      "poverty_rate_change_ahc": 0.0004551841085026487,
      "absolute_poverty_rate_change_bhc": NaN,
      "gini_baseline": 0.30908967456288927,
      "gini_shocked": 0.30946351916123926,
      "displaced_weighted": 69989.3828125,
      "inactive_weighted": 0.0,
      "lcwra_weighted": 0.0,
      "reallocated_weighted": 0.0,
      "gross_earnings_loss": NaN,
      "net_disposable_loss": NaN,
      "cushioning_rate": NaN,
      "decile_income_change": {
        "1": 0.0,
        "2": -4.01727294921875,
        "3": 0.0,
        "4": -121.58357238769531,
        "5": -68.46200561523438,
        "6": -113.6963119506836,
        "7": -85.96236419677734,
        "8": -87.80609130859375,
        "9": -349.8756408691406,
        "10": -122.5733642578125
      },
      "region_income_change": {},
      "age_band_displacement_share": {}
    },
    {
      "scenario": "supply_chain_displacement",
      "tariff_scenario": "full_tariff",
      "margin": "displacement",
      "exchequer_cost": 1674182656.0,
      "poverty_rate_change_bhc": 0.001184860549064387,
      "poverty_rate_change_ahc": 0.0009538701686958029,
      "absolute_poverty_rate_change_bhc": NaN,
      "gini_baseline": 0.30908967456288927,
      "gini_shocked": 0.3093567430981391,
      "displaced_weighted": 68323.203125,
      "inactive_weighted": 0.0,
      "lcwra_weighted": 0.0,
      "reallocated_weighted": 0.0,
      "gross_earnings_loss": NaN,
      "net_disposable_loss": NaN,
      "cushioning_rate": NaN,
      "decile_income_change": {
        "1": -24.225954055786133,
        "2": -46.11491012573242,
        "3": -83.62677764892578,
        "4": -33.25742721557617,
        "5": -45.68608474731445,
        "6": -35.84945297241211,
        "7": -145.7799072265625,
        "8": -45.99201965332031,
        "9": -148.83790588378906,
        "10": -379.5550842285156
      },
      "region_income_change": {},
      "age_band_displacement_share": {}
    },
    {
      "scenario": "supply_chain_displacement",
      "tariff_scenario": "full_tariff",
      "margin": "displacement",
      "exchequer_cost": 1407680512.0,
      "poverty_rate_change_bhc": 0.0006601635160147501,
      "poverty_rate_change_ahc": 0.0010737461671352644,
      "absolute_poverty_rate_change_bhc": NaN,
      "gini_baseline": 0.30908967456288927,
      "gini_shocked": 0.30949023382933905,
      "displaced_weighted": 72233.8671875,
      "inactive_weighted": 0.0,
      "lcwra_weighted": 0.0,
      "reallocated_weighted": 0.0,
      "gross_earnings_loss": NaN,
      "net_disposable_loss": NaN,
      "cushioning_rate": NaN,
      "decile_income_change": {
        "1": -0.8712282776832581,
        "2": 0.0,
        "3": -16.463420867919922,
        "4": -53.39636993408203,
        "5": -7.778744220733643,
        "6": -200.37451171875,
        "7": -167.36769104003906,
        "8": -98.69316864013672,
        "9": -199.80738830566406,
        "10": -277.2965087890625
      },
      "region_income_change": {},
      "age_band_displacement_share": {}
    },
    {
      "scenario": "supply_chain_displacement",
      "tariff_scenario": "full_tariff",
      "margin": "displacement",
      "exchequer_cost": 1611890688.0,
      "poverty_rate_change_bhc": 0.0009169555082308989,
      "poverty_rate_change_ahc": 0.0008341713388197725,
      "absolute_poverty_rate_change_bhc": NaN,
      "gini_baseline": 0.30908967456288927,
      "gini_shocked": 0.30946213950492707,
      "displaced_weighted": 78087.7109375,
      "inactive_weighted": 0.0,
      "lcwra_weighted": 0.0,
      "reallocated_weighted": 0.0,
      "gross_earnings_loss": NaN,
      "net_disposable_loss": NaN,
      "cushioning_rate": NaN,
      "decile_income_change": {
        "1": 0.4029901921749115,
        "2": -24.60385513305664,
        "3": -33.766361236572266,
        "4": -70.36932373046875,
        "5": -18.8986759185791,
        "6": -72.34695434570312,
        "7": -246.19590759277344,
        "8": -131.68917846679688,
        "9": -60.51570129394531,
        "10": -283.082275390625
      },
      "region_income_change": {},
      "age_band_displacement_share": {}
    },
    {
      "scenario": "supply_chain_displacement",
      "tariff_scenario": "full_tariff",
      "margin": "displacement",
      "exchequer_cost": 1477738496.0,
      "poverty_rate_change_bhc": 0.0005638826126649066,
      "poverty_rate_change_ahc": 0.0007029729098495252,
      "absolute_poverty_rate_change_bhc": NaN,
      "gini_baseline": 0.30908967456288927,
      "gini_shocked": 0.3094138151391804,
      "displaced_weighted": 79330.265625,
      "inactive_weighted": 0.0,
      "lcwra_weighted": 0.0,
      "reallocated_weighted": 0.0,
      "gross_earnings_loss": NaN,
      "net_disposable_loss": NaN,
      "cushioning_rate": NaN,
      "decile_income_change": {
        "1": -31.89856719970703,
        "2": -25.442214965820312,
        "3": -5.719703197479248,
        "4": -28.336183547973633,
        "5": -14.753866195678711,
        "6": -90.48770141601562,
        "7": -117.75371551513672,
        "8": -179.220458984375,