{
  "scenario": "supply_chain_displacement",
  "n_draws": 10,
  "exchequer_cost_mean": 1505569996.8,
  "exchequer_cost_sd": 289286917.4019064,
  "poverty_rate_change_bhc_mean": 0.0008732715561203003,
  "poverty_rate_change_bhc_sd": 0.0002906829936198628,
  "gini_change_mean": 0.0004041389697482578,
  "gini_change_sd": 9.072542992660473e-05,
  "displaced_weighted_mean": 71400.47109375,
  "lcwra_weighted_mean": 0.0,
  "cushioning_rate_mean": NaN,
  "cushioning_rate_sd": 0.0,
  "draws": [
    {
      "scenario": "supply_chain_displacement",
      "tariff_scenario": "full_tariff",
      "margin": "displacement",
      "exchequer_cost": 1641709568.0,
      "poverty_rate_change_bhc": 0.0010758560224525815,
      "poverty_rate_change_ahc": 0.0012377683351637858,
      "absolute_poverty_rate_change_bhc": NaN,
      "gini_baseline": 0.30908967456288927,
      "gini_shocked": 0.30958927038067663,
      "displaced_weighted": 69708.3046875,
      "inactive_weighted": 0.0,
      "lcwra_weighted": 0.0,
      "gross_earnings_loss": NaN,
      "net_disposable_loss": NaN,
      "cushioning_rate": NaN,
      "decile_income_change": {
        "1": -28.49988555908203,
        "2": -7.464743137359619,
        "3": -20.250125885009766,
        "4": -49.74074935913086,
        "5": -42.500816345214844,
        "6": -157.4086456298828,
        "7": -240.39588928222656,
        "8": -39.3594856262207,
        "9": -202.73577880859375,
        "10": -181.0952606201172
      },
      "region_income_change": {},
      "age_band_displacement_share": {}
    },
    {
      "scenario": "supply_chain_displacement",
      "tariff_scenario": "full_tariff",
      "margin": "displacement",
      "exchequer_cost": 1968439296.0,
      "poverty_rate_change_bhc": 0.0012054277482263787,
      "poverty_rate_change_ahc": 0.0012174588340509718,
      "absolute_poverty_rate_change_bhc": NaN,
      "gini_baseline": 0.30908967456288927,
      "gini_shocked": 0.3094300422991695,
      "displaced_weighted": 66566.0390625,
      "inactive_weighted": 0.0,
      "lcwra_weighted": 0.0,
      "gross_earnings_loss": NaN,
      "net_disposable_loss": NaN,
      "cushioning_rate": NaN,
      "decile_income_change": {
        "1": 0.0,
        "2": -9.4234037399292,
        "3": -20.90831184387207,
        "4": -128.01820373535156,
        "5": -79.2181396484375,
        "6": -34.6102409362793,
        "7": -73.97328186035156,
        "8": -90.19152069091797,
        "9": -198.90016174316406,
        "10": -551.1553344726562
      },
      "region_income_change": {},
      "age_band_displacement_share": {}
    },
    {
      "scenario": "supply_chain_displacement",
      "tariff_scenario": "full_tariff",
      "margin": "displacement",
      "exchequer_cost": 1117552640.0,
      "poverty_rate_change_bhc": 0.0005578429172754529,
      "poverty_rate_change_ahc": 0.0007482787294106896,
      "absolute_poverty_rate_change_bhc": NaN,
      "gini_baseline": 0.30908967456288927,
      "gini_shocked": 0.30954879379049616,
      "displaced_weighted": 69989.3828125,
      "inactive_weighted": 0.0,
      "lcwra_weighted": 0.0,
      "gross_earnings_loss": NaN,
      "net_disposable_loss": NaN,
      "cushioning_rate": NaN,
      "decile_income_change": {
        "1": 0.0,
        "2": -4.589430332183838,
        "3": 0.0,
        "4": -121.58357238769531,
        "5": -111.70487213134766,
        "6": -115.0229721069336,
        "7": -90.6215591430664,
        "8": -98.44945526123047,
        "9": -361.2756042480469,
        "10": -122.5733642578125
      },
      "region_income_change": {},
      "age_band_displacement_share": {}
    },
    {
      "scenario": "supply_chain_displacement",
      "tariff_scenario": "full_tariff",
      "margin": "displacement",
      "exchequer_cost": 1598947328.0,
      "poverty_rate_change_bhc": 0.0011703330564733216,
      "poverty_rate_change_ahc": 0.001004957992403327,
      "absolute_poverty_rate_change_bhc": NaN,
      "gini_baseline": 0.30908967456288927,
      "gini_shocked": 0.309394493121362,
      "displaced_weighted": 68323.203125,
      "inactive_weighted": 0.0,
      "lcwra_weighted": 0.0,
      "gross_earnings_loss": NaN,
      "net_disposable_loss": NaN,
      "cushioning_rate": NaN,
      "decile_income_change": {
        "1": -24.225954055786133,
        "2": -33.377044677734375,
        "3": -83.62677764892578,
        "4": -28.3486328125,
        "5": -56.65876007080078,
        "6": -37.128971099853516,
        "7": -152.87307739257812,
        "8": -45.99201965332031,
        "9": -159.25869750976562,
        "10": -387.2485656738281
      },
      "region_income_change": {},
      "age_band_displacement_share": {}
    },
    {
      "scenario": "supply_chain_displacement",
      "tariff_scenario": "full_tariff",
      "margin": "displacement",
      "exchequer_cost": 1307049984.0,
      "poverty_rate_change_bhc": 0.0006601635160147501,
      "poverty_rate_change_ahc": 0.0010737461671352644,
      "absolute_poverty_rate_change_bhc": NaN,
      "gini_baseline": 0.30908967456288927,
      "gini_shocked": 0.3095393578217073,
      "displaced_weighted": 72233.8671875,
      "inactive_weighted": 0.0,
      "lcwra_weighted": 0.0,
      "gross_earnings_loss": NaN,
      "net_disposable_loss": NaN,
      "cushioning_rate": NaN,
      "decile_income_change": {
        "1": -1.7008310556411743,
        "2": 0.0,
        "3": -17.31283950805664,
        "4": -59.315059661865234,
        "5": -9.028770446777344,
        "6": -214.03282165527344,
        "7": -178.53762817382812,
        "8": -97.56016540527344,
        "9": -217.17860412597656,
        "10": -277.2965087890625
      },
      "region_income_change": {},
      "age_band_displacement_share": {}
    },
    {
      "scenario": "supply_chain_displacement",
      "tariff_scenario": "full_tariff",
      "margin": "displacement",
      "exchequer_cost": 1375207424.0,
      "poverty_rate_change_bhc": 0.0012936718096746291,
      "poverty_rate_change_ahc": 0.0011923981010564244,
      "absolute_poverty_rate_change_bhc": NaN,
      "gini_baseline": 0.30908967456288927,
      "gini_shocked": 0.3096569050028173,
      "displaced_weighted": 78087.7109375,
      "inactive_weighted": 0.0,
      "lcwra_weighted": 0.0,
      "gross_earnings_loss": NaN,
      "net_disposable_loss": NaN,
      "cushioning_rate": NaN,
      "decile_income_change": {
        "1": -23.555166244506836,
        "2": -41.77197265625,
        "3": -57.014076232910156,
        "4": -62.81357955932617,
        "5": -28.169532775878906,
        "6": -73.6111068725586,
        "7": -285.29327392578125,
        "8": -131.68917846679688,
        "9": -60.51570129394531,
        "10": -282.54852294921875
      },
      "region_income_change": {},
      "age_band_displacement_share": {}
    },
    {
      "scenario": "supply_chain_displacement",
      "tariff_scenario": "full_tariff",
      "margin": "displacement",
      "exchequer_cost": 1439825920.0,
      "poverty_rate_change_bhc": 0.0006059350433346433,
      "poverty_rate_change_ahc": 0.000720045131662822,
      "absolute_poverty_rate_change_bhc": NaN,
      "gini_baseline": 0.30908967456288927,
      "gini_shocked": 0.3094139910033482,
      "displaced_weighted": 79330.265625,
      "inactive_weighted": 0.0,
      "lcwra_weighted": 0.0,
      "gross_earnings_loss": NaN,
      "net_disposable_loss": NaN,
      "cushioning_rate": NaN,
      "decile_income_change": {
        "1": -32.72816848754883,
        "2": -14.180228233337402,
        "3": -5.719703197479248,
        "4": -30.12469482421875,
        "5": -20.606609344482422,
        "6": -101.27759552001953,
        "7": -117.75371551513672,
        "8": -179.220458984375,
        "9": -223.22132873535156,
        "10": -242.05450439453125
      },
      "region_income_change": {},
      "age_band_displacement_share": {}
    },
    {
      "scenario": "supply_chain_displacement",
      "tariff_scenario": "full_tariff",