{
  "scenario": "supply_chain_displacement",
  "n_draws": 10,
  "exchequer_cost_mean": 681892249.6,
  "exchequer_cost_sd": 312719143.8289282,
  "poverty_rate_change_bhc_mean": 0.00027741234155825856,
  "poverty_rate_change_bhc_sd": 0.00013938126300053248,
  "gini_change_mean": 0.00010089695431693135,
  "gini_change_sd": 0.00018745101262446968,
  "displaced_weighted_mean": 29657.476171875,
  "exchequer_cost_mc_se": 0.0,
  "poverty_rate_change_bhc_mc_se": 0.0,
  "gini_change_mc_se": 0.0,
  "lcwra_weighted_mean": 0.0,
  "reallocated_weighted_mean": 0.0,
  "cushioning_rate_mean": null,
  "cushioning_rate_sd": 0.0,
  "cushioning_rate_mc_se": 0.0,
  "draws": [
    {
      "scenario": "supply_chain_displacement",
      "tariff_scenario": "full_tariff",
      "margin": "displacement",
      "exchequer_cost": 1068793856.0,
      "poverty_rate_change_bhc": 0.00014211819651532842,
      "poverty_rate_change_ahc": 5.566188799815963e-05,
      "absolute_poverty_rate_change_bhc": null,
      "gini_baseline": 0.30908967456288927,
      "gini_shocked": 0.309084111857971,
      "displaced_weighted": 38193.58203125,
      "inactive_weighted": 0.0,
      "lcwra_weighted": 0.0,
      "reallocated_weighted": 0.0,
      "gross_earnings_loss": null,
      "net_disposable_loss": null,
      "cushioning_rate": null,
      "decile_income_change": {
        "1": -4.930530387710879,
        "2": 0.0,
        "3": -3.205765264041672,
        "4": -17.078658924893727,
        "5": 0.0,
        "6": -2.732049558883372,
        "7": -24.127845550158128,
        "8": -5.716598595560394,
        "9": -88.95491743142999,
        "10": -88.16588233913356
      },
      "region_income_change": {},
      "age_band_displacement_share": {}
    },
    {
      "scenario": "supply_chain_displacement",
      "tariff_scenario": "full_tariff",
      "margin": "displacement",
      "exchequer_cost": 1369604096.0,
      "poverty_rate_change_bhc": 0.0001820285449055381,
      "poverty_rate_change_ahc": 0.000350463736726897,
      "absolute_poverty_rate_change_bhc": null,
      "gini_baseline": 0.30908967456288927,
      "gini_shocked": 0.3087851374752715,
      "displaced_weighted": 22705.65234375,
      "inactive_weighted": 0.0,
      "lcwra_weighted": 0.0,
      "reallocated_weighted": 0.0,
      "gross_earnings_loss": null,
      "net_disposable_loss": null,
      "cushioning_rate": null,
      "decile_income_change": {
        "1": 0.0,
        "2": -0.2835010380392299,
        "3": -2.4280119335196213,
        "4": -1.9270254115709016,
        "5": -8.737521564643728,
        "6": -20.77014226685188,
        "7": -8.95185274884234,
        "8": 0.0,
        "9": -10.02104147178078,
        "10": -152.51432417789647
      },
      "region_income_change": {},
      "age_band_displacement_share": {}
    },
    {
      "scenario": "supply_chain_displacement",
      "tariff_scenario": "full_tariff",
      "margin": "displacement",
      "exchequer_cost": 372506624.0,
      "poverty_rate_change_bhc": 4.823708127263404e-05,
      "poverty_rate_change_ahc": 2.6349203794517884e-05,
      "absolute_poverty_rate_change_bhc": null,
      "gini_baseline": 0.30908967456288927,
      "gini_shocked": 0.30920641124653014,
      "displaced_weighted": 28006.46875,
      "inactive_weighted": 0.0,
      "lcwra_weighted": 0.0,
      "reallocated_weighted": 0.0,
      "gross_earnings_loss": null,
      "net_disposable_loss": null,
      "cushioning_rate": null,
      "decile_income_change": {
        "1": -1.7957844002979115,
        "2": 0.0,
        "3": -0.9293844169750878,
        "4": 0.0,
        "5": -8.440163232565478,
        "6": -11.915045478345245,
        "7": -37.252539107566164,
        "8": -4.8674586548406245,
        "9": -8.192648520327866,
        "10": -20.490611648997337
      },
      "region_income_change": {},
      "age_band_displacement_share": {}
    },
    {
      "scenario": "supply_chain_displacement",
      "tariff_scenario": "full_tariff",
      "margin": "displacement",
      "exchequer_cost": 676904960.0,
      "poverty_rate_change_bhc": 0.00034885315478999646,
      "poverty_rate_change_ahc": 0.00034885315478999646,
      "absolute_poverty_rate_change_bhc": null,
      "gini_baseline": 0.30908967456288927,
      "gini_shocked": 0.3091109121136968,
      "displaced_weighted": 20871.6484375,
      "inactive_weighted": 0.0,
      "lcwra_weighted": 0.0,
      "reallocated_weighted": 0.0,
      "gross_earnings_loss": null,
      "net_disposable_loss": null,
      "cushioning_rate": null,
      "decile_income_change": {
        "1": 0.0,
        "2": 0.0,
        "3": 0.0,
        "4": 0.0,
        "5": -22.98620790242786,
        "6": -17.035575771001827,
        "7": -4.236740614200145,
        "8": -0.8886298377984876,
        "9": -4.642014072250666,
        "10": -66.34169975836672
      },
      "region_income_change": {},
      "age_band_displacement_share": {}
    },
    {
      "scenario": "supply_chain_displacement",
      "tariff_scenario": "full_tariff",
      "margin": "displacement",
      "exchequer_cost": 700350464.0,
      "poverty_rate_change_bhc": 0.000392612800640485,
      "poverty_rate_change_ahc": 0.0006379052029993337,
      "absolute_poverty_rate_change_bhc": null,
      "gini_baseline": 0.30908967456288927,
      "gini_shocked": 0.30949588540788875,
      "displaced_weighted": 43045.5,
      "inactive_weighted": 0.0,
      "lcwra_weighted": 0.0,
      "reallocated_weighted": 0.0,
      "gross_earnings_loss": null,
      "net_disposable_loss": null,
      "cushioning_rate": null,
      "decile_income_change": {
        "1": 0.0,
        "2": 0.0,
        "3": -1.526978003702251,
        "4": -12.408957050596737,
        "5": -18.037936167569107,
        "6": -22.89784969435612,
        "7": -69.6905786993115,
        "8": -27.45982919594184,
        "9": -36.63485735009577,
        "10": 0.0
      },
      "region_income_change": {},
      "age_band_displacement_share": {}
    },
    {
      "scenario": "supply_chain_displacement",
      "tariff_scenario": "full_tariff",
      "margin": "displacement",
      "exchequer_cost": 584679424.0,
      "poverty_rate_change_bhc": 0.00043853062912554974,
      "poverty_rate_change_ahc": 0.0003301059087829905,
      "absolute_poverty_rate_change_bhc": null,
      "gini_baseline": 0.30908967456288927,
      "gini_shocked": 0.30926766694662877,
      "displaced_weighted": 47592.0859375,
      "inactive_weighted": 0.0,
      "lcwra_weighted": 0.0,
      "reallocated_weighted": 0.0,
      "gross_earnings_loss": null,
      "net_disposable_loss": null,
      "cushioning_rate": null,
      "decile_income_change": {
        "1": 0.0,
        "2": -1.3900338955206246,
        "3": -4.527375450917564,
        "4": -3.7760974826634373,
        "5": -6.917784263305181,
        "6": -12.211130815750485,
        "7": -28.048461036365513,
        "8": -51.52665094726888,
        "9": -46.017437485461635,
        "10": -19.927256129427153
      },
      "region_income_change": {},
      "age_band_displacement_share": {}
    },
    {
      "scenario": "supply_chain_displacement",
      "tariff_scenario": "full_tariff",
      "margin": "displacement",
      "exchequer_cost": 653721600.0,
      "poverty_rate_change_bhc": 0.0004199927781580459,
      "poverty_rate_change_ahc": 0.0005869784421525248,
      "absolute_poverty_rate_change_bhc": null,
      "gini_baseline": 0.30908967456288927,
      "gini_shocked": 0.30920625407935376,
      "displaced_weighted": 24916.76953125,
      "inactive_weighted": 0.0,
      "lcwra_weighted": 0.0,
      "reallocated_weighted": 0.0,
      "gross_earnings_loss": null,
      "net_disposable_loss": null,
      "cushioning_rate": null,
      "decile_income_change": {
        "1": 0.0,
        "2": -1.0276954106990028,
        "3": -3.0882883102571106,
        "4": -13.908676714536979,
        "5": -10.44985259512856,
        "6": -6.918734068171489,
        "7": -10.915201340269414,